timestamp,voltage,current,temperature,vibration,acoustic_strain,optical_osnr,optical_ber,optical_power,cable_distance_norm,cable_domain_id,label,fault_type
2026-06-01T12:00:00,0.0,0.0,12.0,0.0193,-0.023,25.13,-12.13,1.473,0.0,1,0,none
2026-06-01T12:00:00.100000,0.0,0.0,12.0,0.0163,-0.0517,24.95,-12.0,1.407,0.0,1,0,none
2026-06-01T12:00:00.200000,0.0,0.0,12.0,0.0225,0.1051,24.77,-11.96,1.551,0.0,1,0,none
2026-06-01T12:00:00.300000,0.0,0.0,12.0,0.0178,-0.06,25.11,-12.17,1.519,0.0,1,0,none
2026-06-01T12:00:00.400000,0.0,0.0,12.0,0.0145,-0.0614,25.06,-12.03,1.5,0.0,1,0,none
2026-06-01T12:00:00.500000,0.0,0.0,12.0,0.0138,-0.0525,24.88,-11.96,1.458,0.0,1,0,none
2026-06-01T12:00:00.600000,0.0,0.0,12.0,0.015,0.0088,24.6,-12.11,1.508,0.0,1,0,none
2026-06-01T12:00:00.700000,0.0,0.0,12.0,0.0171,-0.1301,24.93,-11.79,1.406,0.0,1,0,none
2026-06-01T12:00:00.800000,0.0,0.0,12.0,0.0195,0.0092,25.1,-11.89,1.563,0.0,1,0,none
2026-06-01T12:00:00.900000,0.0,0.0,12.0,0.0205,-0.0551,24.89,-12.08,1.402,0.0,1,0,none
2026-06-01T12:00:01,0.0,0.0,12.0,0.0202,-0.0671,24.66,-12.02,1.451,0.0,1,0,none
2026-06-01T12:00:01.100000,0.0,0.0,12.0,0.0156,0.0137,25.25,-11.98,1.45,0.0,1,0,none
2026-06-01T12:00:01.200000,0.0,0.0,12.0,0.0144,0.1429,25.17,-11.77,1.586,0.0,1,0,none
2026-06-01T12:00:01.300000,0.0,0.0,12.0,0.0175,-0.0573,24.76,-12.04,1.555,0.0,1,0,none
2026-06-01T12:00:01.400000,0.0,0.0,12.0,0.0217,0.0128,25.18,-12.02,1.474,0.0,1,0,none
2026-06-01T12:00:01.500000,0.0,0.0,12.0,0.0199,0.0332,24.7,-11.86,1.43,0.0,1,0,none
2026-06-01T12:00:01.600000,0.0,0.0,12.0,0.0168,0.0111,25.1,-12.0,1.413,0.0,1,0,none
2026-06-01T12:00:01.700000,0.0,0.0,12.0,0.0131,0.0197,24.58,-12.18,1.612,0.0,1,0,none
2026-06-01T12:00:01.800000,0.0,0.0,12.0,0.0209,-0.072,24.9,-12.04,1.443,0.0,1,0,none
2026-06-01T12:00:01.900000,0.0,0.0,12.0,0.0226,0.029,24.67,-11.84,1.582,0.0,1,0,none
2026-06-01T12:00:02,0.0,0.0,12.0,0.0191,-0.0498,25.11,-12.02,1.431,0.0,1,0,none
2026-06-01T12:00:02.100000,0.0,0.0,12.0,0.0237,0.0009,24.79,-12.01,1.554,0.0,1,0,none
2026-06-01T12:00:02.200000,0.0,0.0,12.0,0.0158,-0.0113,25.16,-12.24,1.452,0.0,1,0,none
2026-06-01T12:00:02.300000,0.0,0.0,12.0,0.0115,0.0366,24.97,-12.01,1.443,0.0,1,0,none
2026-06-01T12:00:02.400000,0.0,0.0,12.0,0.01,-0.0244,25.81,-11.91,1.359,0.0,1,0,none
2026-06-01T12:00:02.500000,0.0,0.0,12.0,0.01,-0.0062,24.89,-12.1,1.456,0.0,1,0,none
2026-06-01T12:00:02.600000,0.0,0.0,12.0,0.0128,-0.0059,24.82,-12.04,1.541,0.0,1,0,none
2026-06-01T12:00:02.700000,0.0,0.0,12.0,0.0181,0.031,24.73,-12.19,1.455,0.0,1,0,none
2026-06-01T12:00:02.800000,0.0,0.0,12.0,0.0211,0.1079,25.28,-11.92,1.565,0.0,1,0,none
2026-06-01T12:00:02.900000,0.0,0.0,12.0,0.0213,-0.0751,24.92,-11.91,1.458,0.0,1,0,none
2026-06-01T12:00:03,0.0,0.0,12.0,0.0233,0.0767,25.12,-12.0,1.548,0.0,1,0,none
2026-06-01T12:00:03.100000,0.0,0.0,12.0,0.0312,-0.0696,24.91,-11.88,1.476,0.0,1,0,none
2026-06-01T12:00:03.200000,0.0,0.0,12.0,0.0167,0.0586,24.71,-12.03,1.531,0.0,1,0,none
2026-06-01T12:00:03.300000,0.0,0.0,12.0,0.0229,0.0209,25.35,-11.9,1.583,0.0,1,0,none
2026-06-01T12:00:03.400000,0.0,0.0,12.0,0.0267,0.0421,25.31,-11.94,1.435,0.0,1,0,none
2026-06-01T12:00:03.500000,0.0,0.0,12.0,0.0279,0.0081,24.95,-12.07,1.531,0.0,1,0,none
2026-06-01T12:00:03.600000,0.0,0.0,12.0,0.0268,-0.0067,25.09,-12.07,1.537,0.0,1,0,none
2026-06-01T12:00:03.700000,0.0,0.0,12.0,0.0122,-0.0118,24.86,-12.13,1.504,0.0,1,0,none
2026-06-01T12:00:03.800000,0.0,0.0,12.0,0.0188,-0.0502,25.21,-11.95,1.519,0.0,1,0,none
2026-06-01T12:00:03.900000,0.0,0.0,12.0,0.0262,0.0273,24.7,-12.02,1.441,0.0,1,0,none
2026-06-01T12:00:04,0.0,0.0,12.0,0.0228,0.0405,24.86,-12.1,1.447,0.0,1,0,none
2026-06-01T12:00:04.100000,0.0,0.0,12.0,0.01,0.0319,25.23,-12.03,1.546,0.0,1,0,none
2026-06-01T12:00:04.200000,0.0,0.0,12.0,0.0219,-0.0327,24.96,-12.07,1.534,0.0,1,0,none
2026-06-01T12:00:04.300000,0.0,0.0,12.0,0.0147,0.0397,24.68,-11.84,1.455,0.0,1,0,none
2026-06-01T12:00:04.400000,0.0,0.0,12.0,0.0195,0.0007,25.14,-12.03,1.409,0.0,1,0,none
2026-06-01T12:00:04.500000,0.0,0.0,12.0,0.0132,-0.02,25.22,-12.08,1.553,0.0,1,0,none
2026-06-01T12:00:04.600000,0.0,0.0,12.0,0.0209,-0.0017,25.14,-12.06,1.513,0.0,1,0,none
2026-06-01T12:00:04.700000,0.0,0.0,12.0,0.0132,-0.0707,24.92,-12.14,1.489,0.0,1,0,none
2026-06-01T12:00:04.800000,0.0,0.0,12.0,0.0242,0.0388,25.33,-12.13,1.517,0.0,1,0,none
2026-06-01T12:00:04.900000,0.0,0.0,12.0,0.0149,0.0067,24.54,-12.12,1.452,0.0,1,0,none
2026-06-01T12:00:05,0.0,0.0,12.0,0.0199,-0.0435,25.12,-12.0,1.419,0.0,1,0,none
2026-06-01T12:00:05.100000,0.0,0.0,12.0,0.0167,-0.0198,25.18,-12.13,1.616,0.0,1,0,none
2026-06-01T12:00:05.200000,0.0,0.0,12.0,0.0239,0.0784,25.12,-12.07,1.459,0.0,1,0,none
2026-06-01T12:00:05.300000,0.0,0.0,12.0,0.0203,-0.0539,25.34,-11.92,1.409,0.0,1,0,none
2026-06-01T12:00:05.400000,0.0,0.0,12.0,0.0262,0.0561,24.91,-11.99,1.512,0.0,1,0,none
2026-06-01T12:00:05.500000,0.0,0.0,12.0,0.0184,-0.0136,25.15,-11.98,1.407,0.0,1,0,none
2026-06-01T12:00:05.600000,0.0,0.0,12.0,0.023,0.0416,24.82,-12.17,1.464,0.0,1,0,none
2026-06-01T12:00:05.700000,0.0,0.0,12.0,0.0207,0.0136,25.15,-11.97,1.584,0.0,1,0,none
2026-06-01T12:00:05.800000,0.0,0.0,12.0,0.0157,-0.0303,24.98,-11.91,1.532,0.0,1,0,none
2026-06-01T12:00:05.900000,0.0,0.0,12.0,0.0274,-0.085,24.79,-12.12,1.411,0.0,1,0,none
2026-06-01T12:00:06,0.0,0.0,12.0,0.0185,-0.0284,25.13,-11.93,1.549,0.0,1,0,none
2026-06-01T12:00:06.100000,0.0,0.0,12.0,0.0264,0.0242,24.97,-12.13,1.487,0.0,1,0,none
2026-06-01T12:00:06.200000,0.0,0.0,12.0,0.0204,-0.0612,24.78,-11.79,1.474,0.0,1,0,none
2026-06-01T12:00:06.300000,0.0,0.0,12.0,0.0289,0.0169,25.16,-11.92,1.434,0.0,1,0,none
2026-06-01T12:00:06.400000,0.0,0.0,12.0,0.0254,-0.0179,24.89,-12.18,1.473,0.0,1,0,none
2026-06-01T12:00:06.500000,0.0,0.0,12.0,0.0219,0.0373,24.64,-11.91,1.462,0.0,1,0,none
2026-06-01T12:00:06.600000,0.0,0.0,12.0,0.0145,-0.0689,25.07,-12.02,1.571,0.0,1,0,none
2026-06-01T12:00:06.700000,0.0,0.0,12.0,0.0236,0.0006,25.4,-12.04,1.573,0.0,1,0,none
2026-06-01T12:00:06.800000,0.0,0.0,12.0,0.0195,-0.0528,25.16,-12.0,1.488,0.0,1,0,none
2026-06-01T12:00:06.900000,0.0,0.0,12.0,0.0267,0.1008,24.66,-12.05,1.635,0.0,1,0,none
2026-06-01T12:00:07,0.0,0.0,12.0,0.0143,0.0108,24.81,-11.98,1.509,0.0,1,0,none
2026-06-01T12:00:07.100000,0.0,0.0,12.0,0.0208,0.0073,25.15,-11.82,1.479,0.0,1,0,none
2026-06-01T12:00:07.200000,0.0,0.0,12.0,0.0247,0.0469,24.84,-11.78,1.519,0.0,1,0,none
2026-06-01T12:00:07.300000,0.0,0.0,12.0,0.0244,-0.0653,25.0,-12.01,1.53,0.0,1,0,none
2026-06-01T12:00:07.400000,0.0,0.0,12.0,0.0244,0.0678,25.15,-12.02,1.534,0.0,1,0,none
2026-06-01T12:00:07.500000,0.0,0.0,12.0,0.0158,-0.0001,25.0,-12.07,1.473,0.0,1,0,none
2026-06-01T12:00:07.600000,0.0,0.0,12.0,0.0307,-0.0178,25.14,-12.14,1.476,0.0,1,0,none
2026-06-01T12:00:07.700000,0.0,0.0,12.0,0.0273,0.002,24.99,-11.97,1.579,0.0,1,0,none
2026-06-01T12:00:07.800000,0.0,0.0,12.0,0.0233,0.0139,25.24,-12.08,1.496,0.0,1,0,none
2026-06-01T12:00:07.900000,0.0,0.0,12.0,0.0257,0.048,24.57,-12.07,1.478,0.0,1,0,none
2026-06-01T12:00:08,0.0,0.0,12.0,0.0164,-0.0562,25.18,-11.98,1.51,0.0,1,0,none
2026-06-01T12:00:08.100000,0.0,0.0,12.0,0.0229,0.0715,24.92,-12.1,1.513,0.0,1,0,none
2026-06-01T12:00:08.200000,0.0,0.0,12.0,0.0182,0.1103,24.79,-12.04,1.565,0.0,1,0,none
2026-06-01T12:00:08.300000,0.0,0.0,12.0,0.0179,-0.0943,25.03,-11.85,1.517,0.0,1,0,none
2026-06-01T12:00:08.400000,0.0,0.0,12.0,0.0175,-0.0766,25.24,-11.88,1.456,0.0,1,0,none
2026-06-01T12:00:08.500000,0.0,0.0,12.0,0.0199,0.0203,24.5,-11.97,1.485,0.0,1,0,none
2026-06-01T12:00:08.600000,0.0,0.0,12.0,0.03,0.0587,25.2,-11.86,1.485,0.0,1,0,none
2026-06-01T12:00:08.700000,0.0,0.0,12.0,0.0215,-0.0692,25.33,-11.97,1.547,0.0,1,0,none
2026-06-01T12:00:08.800000,0.0,0.0,12.0,0.0157,-0.0151,25.33,-12.04,1.446,0.0,1,0,none
2026-06-01T12:00:08.900000,0.0,0.0,12.0,0.0187,-0.0742,24.98,-12.1,1.503,0.0,1,0,none
2026-06-01T12:00:09,0.0,0.0,12.0,0.0253,0.0289,25.06,-11.94,1.55,0.0,1,0,none
2026-06-01T12:00:09.100000,0.0,0.0,12.0,0.0157,-0.0043,24.9,-11.98,1.39,0.0,1,0,none
2026-06-01T12:00:09.200000,0.0,0.0,12.0,0.0188,0.0457,25.29,-11.88,1.575,0.0,1,0,none
2026-06-01T12:00:09.300000,0.0,0.0,12.0,0.0149,-0.0469,25.07,-12.11,1.506,0.0,1,0,none
2026-06-01T12:00:09.400000,0.0,0.0,12.0,0.0171,0.0326,25.1,-12.07,1.421,0.0,1,0,none
2026-06-01T12:00:09.500000,0.0,0.0,12.0,0.0283,0.0772,24.73,-11.84,1.517,0.0,1,0,none
2026-06-01T12:00:09.600000,0.0,0.0,12.0,0.0194,0.0077,25.0,-11.93,1.454,0.0,1,0,none
2026-06-01T12:00:09.700000,0.0,0.0,12.0,0.0239,0.0545,24.9,-11.87,1.427,0.0,1,0,none
2026-06-01T12:00:09.800000,0.0,0.0,12.0,0.0298,-0.0056,24.99,-11.86,1.554,0.0,1,0,none
2026-06-01T12:00:09.900000,0.0,0.0,12.0,0.0178,0.0836,24.3,-12.0,1.498,0.0,1,0,none
2026-06-01T12:00:10,0.0,0.0,12.0,0.0229,0.0235,24.83,-12.01,1.47,0.0,1,0,none
2026-06-01T12:00:10.100000,0.0,0.0,12.0,0.0211,0.007,25.04,-11.99,1.613,0.0,1,0,none
2026-06-01T12:00:10.200000,0.0,0.0,12.0,0.0266,-0.0091,25.04,-11.88,1.505,0.0,1,0,none
2026-06-01T12:00:10.300000,0.0,0.0,12.0,0.0193,0.0495,25.17,-11.96,1.558,0.0,1,0,none
2026-06-01T12:00:10.400000,0.0,0.0,12.0,0.0257,0.0395,24.89,-11.93,1.531,0.0,1,0,none
2026-06-01T12:00:10.500000,0.0,0.0,12.0,0.0151,0.0436,25.05,-12.0,1.541,0.0,1,0,none
2026-06-01T12:00:10.600000,0.0,0.0,12.0,0.0277,0.016,25.01,-12.09,1.58,0.0,1,0,none
2026-06-01T12:00:10.700000,0.0,0.0,12.0,0.0226,-0.057,24.97,-11.93,1.596,0.0,1,0,none
2026-06-01T12:00:10.800000,0.0,0.0,12.0,0.01,0.0224,25.01,-11.9,1.469,0.0,1,0,none
2026-06-01T12:00:10.900000,0.0,0.0,12.0,0.017,0.0022,24.77,-12.04,1.498,0.0,1,0,none
2026-06-01T12:00:11,0.0,0.0,12.0,0.0191,0.0787,24.73,-11.99,1.6,0.0,1,0,none
2026-06-01T12:00:11.100000,0.0,0.0,12.0,0.028,0.0027,25.02,-11.87,1.486,0.0,1,0,none
2026-06-01T12:00:11.200000,0.0,0.0,12.0,0.0124,0.0268,24.96,-12.05,1.545,0.0,1,0,none
2026-06-01T12:00:11.300000,0.0,0.0,12.0,0.0148,0.03,24.9,-11.84,1.465,0.0,1,0,none
2026-06-01T12:00:11.400000,0.0,0.0,12.0,0.0235,-0.0044,24.66,-12.15,1.512,0.0,1,0,none
2026-06-01T12:00:11.500000,0.0,0.0,12.0,0.0246,-0.0374,25.05,-12.06,1.476,0.0,1,0,none
2026-06-01T12:00:11.600000,0.0,0.0,12.0,0.0189,0.1193,24.94,-11.95,1.48,0.0,1,0,none
2026-06-01T12:00:11.700000,0.0,0.0,12.0,0.0147,0.0251,24.81,-12.09,1.595,0.0,1,0,none
2026-06-01T12:00:11.800000,0.0,0.0,12.0,0.0151,0.0546,25.33,-12.1,1.437,0.0,1,0,none
2026-06-01T12:00:11.900000,0.0,0.0,12.0,0.0198,0.0167,24.99,-11.84,1.529,0.0,1,0,none
2026-06-01T12:00:12,0.0,0.0,12.0,0.0174,0.0013,25.03,-12.19,1.557,0.0,1,0,none
2026-06-01T12:00:12.100000,0.0,0.0,12.0,0.0237,0.0063,25.08,-12.1,1.464,0.0,1,0,none
2026-06-01T12:00:12.200000,0.0,0.0,12.0,0.0167,0.0232,24.92,-12.15,1.527,0.0,1,0,none
2026-06-01T12:00:12.300000,0.0,0.0,12.0,0.0177,0.0925,25.03,-12.05,1.483,0.0,1,0,none
2026-06-01T12:00:12.400000,0.0,0.0,12.0,0.0192,-0.019,24.79,-12.09,1.39,0.0,1,0,none
2026-06-01T12:00:12.500000,0.0,0.0,12.0,0.0198,0.0609,25.18,-12.22,1.479,0.0,1,0,none
2026-06-01T12:00:12.600000,0.0,0.0,12.0,0.0266,0.0071,24.93,-12.06,1.46,0.0,1,0,none
2026-06-01T12:00:12.700000,0.0,0.0,12.0,0.0211,-0.0208,25.23,-12.08,1.447,0.0,1,0,none
2026-06-01T12:00:12.800000,0.0,0.0,12.0,0.0167,-0.0086,24.94,-12.28,1.519,0.0,1,0,none
2026-06-01T12:00:12.900000,0.0,0.0,12.0,0.0158,-0.0186,25.22,-11.82,1.565,0.0,1,0,none
2026-06-01T12:00:13,0.0,0.0,12.0,0.0169,-0.0669,25.31,-12.05,1.426,0.0,1,0,none
2026-06-01T12:00:13.100000,0.0,0.0,12.0,0.0219,0.0544,24.91,-12.2,1.45,0.0,1,0,none
2026-06-01T12:00:13.200000,0.0,0.0,12.0,0.0189,-0.0089,24.99,-11.79,1.404,0.0,1,0,none
2026-06-01T12:00:13.300000,0.0,0.0,12.0,0.0218,0.0559,24.84,-11.88,1.476,0.0,1,0,none
2026-06-01T12:00:13.400000,0.0,0.0,12.0,0.0147,0.0211,24.95,-11.9,1.476,0.0,1,0,none
2026-06-01T12:00:13.500000,0.0,0.0,12.0,0.0132,0.0615,25.13,-11.92,1.452,0.0,1,0,none
2026-06-01T12:00:13.600000,0.0,0.0,12.0,0.0239,0.0405,25.2,-11.92,1.473,0.0,1,0,none
2026-06-01T12:00:13.700000,0.0,0.0,12.0,0.0133,0.0205,24.76,-12.07,1.533,0.0,1,0,none
2026-06-01T12:00:13.800000,0.0,0.0,12.0,0.0199,0.0611,25.17,-11.86,1.532,0.0,1,0,none
2026-06-01T12:00:13.900000,0.0,0.0,12.0,0.0187,-0.0364,25.31,-11.96,1.532,0.0,1,0,none
2026-06-01T12:00:14,0.0,0.0,12.0,0.025,0.0174,25.2,-12.1,1.528,0.0,1,0,none
2026-06-01T12:00:14.100000,0.0,0.0,12.0,0.0201,0.0057,25.2,-11.99,1.378,0.0,1,0,none
2026-06-01T12:00:14.200000,0.0,0.0,12.0,0.0263,0.0195,24.97,-11.87,1.583,0.0,1,0,none
2026-06-01T12:00:14.300000,0.0,0.0,12.0,0.021,-0.045,25.01,-12.09,1.489,0.0,1,0,none
2026-06-01T12:00:14.400000,0.0,0.0,12.0,0.0197,-0.0481,24.67,-11.75,1.535,0.0,1,0,none
2026-06-01T12:00:14.500000,0.0,0.0,12.0,0.0208,0.0528,24.8,-12.0,1.507,0.0,1,0,none
2026-06-01T12:00:14.600000,0.0,0.0,12.0,0.013,-0.1105,25.07,-12.04,1.507,0.0,1,0,none
2026-06-01T12:00:14.700000,0.0,0.0,12.0,0.0222,-0.0605,25.07,-11.98,1.518,0.0,1,0,none
2026-06-01T12:00:14.800000,0.0,0.0,12.0,0.0188,-0.0302,25.21,-11.87,1.49,0.0,1,0,none
2026-06-01T12:00:14.900000,0.0,0.0,12.0,0.0181,-0.0118,24.82,-11.98,1.565,0.0,1,0,none
2026-06-01T12:00:15,0.0,0.0,12.0,0.0315,-0.176,25.12,-12.01,1.471,0.0,1,0,none
2026-06-01T12:00:15.100000,0.0,0.0,12.0,0.0263,0.0429,25.41,-12.04,1.45,0.0,1,0,none
2026-06-01T12:00:15.200000,0.0,0.0,12.0,0.0288,0.041,24.85,-11.91,1.5,0.0,1,0,none
2026-06-01T12:00:15.300000,0.0,0.0,12.0,0.0205,-0.0355,24.81,-12.0,1.472,0.0,1,0,none
2026-06-01T12:00:15.400000,0.0,0.0,12.0,0.0172,-0.0791,25.04,-12.05,1.54,0.0,1,0,none
2026-06-01T12:00:15.500000,0.0,0.0,12.0,0.0285,-0.1228,24.96,-11.89,1.511,0.0,1,0,none
2026-06-01T12:00:15.600000,0.0,0.0,12.0,0.0263,-0.0063,25.19,-12.13,1.556,0.0,1,0,none
2026-06-01T12:00:15.700000,0.0,0.0,12.0,0.0215,0.0056,25.05,-12.13,1.544,0.0,1,0,none
2026-06-01T12:00:15.800000,0.0,0.0,12.0,0.0162,0.0048,24.57,-12.09,1.454,0.0,1,0,none
2026-06-01T12:00:15.900000,0.0,0.0,12.0,0.0307,0.0809,25.08,-11.88,1.419,0.0,1,0,none
2026-06-01T12:00:16,0.0,0.0,12.0,0.0188,0.0061,24.91,-12.12,1.646,0.0,1,0,none
2026-06-01T12:00:16.100000,0.0,0.0,12.0,0.0246,-0.0941,25.17,-11.99,1.45,0.0,1,0,none
2026-06-01T12:00:16.200000,0.0,0.0,12.0,0.0142,-0.0072,25.23,-12.1,1.411,0.0,1,0,none
2026-06-01T12:00:16.300000,0.0,0.0,12.0,0.0224,-0.0617,24.84,-12.1,1.414,0.0,1,0,none
2026-06-01T12:00:16.400000,0.0,0.0,12.0,0.0184,0.0399,24.98,-12.04,1.495,0.0,1,0,none
2026-06-01T12:00:16.500000,0.0,0.0,12.0,0.0169,-0.0182,24.84,-11.86,1.558,0.0,1,0,none
2026-06-01T12:00:16.600000,0.0,0.0,12.0,0.0159,0.013,24.88,-12.06,1.588,0.0,1,0,none
2026-06-01T12:00:16.700000,0.0,0.0,12.0,0.01,0.0603,24.89,-11.95,1.562,0.0,1,0,none
2026-06-01T12:00:16.800000,0.0,0.0,12.0,0.0103,0.002,24.96,-11.93,1.408,0.0,1,0,none
2026-06-01T12:00:16.900000,0.0,0.0,12.0,0.0219,0.0161,25.06,-12.1,1.548,0.0,1,0,none
2026-06-01T12:00:17,0.0,0.0,12.0,0.0151,0.0171,25.15,-12.14,1.53,0.0,1,0,none
2026-06-01T12:00:17.100000,0.0,0.0,12.0,0.0243,-0.0333,24.92,-11.86,1.645,0.0,1,0,none
2026-06-01T12:00:17.200000,0.0,0.0,12.0,0.0183,0.0362,24.99,-11.93,1.501,0.0,1,0,none
2026-06-01T12:00:17.300000,0.0,0.0,12.0,0.0192,-0.1052,25.09,-11.97,1.508,0.0,1,0,none
2026-06-01T12:00:17.400000,0.0,0.0,12.0,0.0146,-0.0659,24.7,-11.96,1.431,0.0,1,0,none
2026-06-01T12:00:17.500000,0.0,0.0,12.0,0.0265,0.0345,25.22,-12.12,1.47,0.0,1,0,none
2026-06-01T12:00:17.600000,0.0,0.0,12.0,0.0173,-0.0318,24.85,-12.04,1.555,0.0,1,0,none
2026-06-01T12:00:17.700000,0.0,0.0,12.0,0.0276,0.0433,24.95,-11.99,1.503,0.0,1,0,none
2026-06-01T12:00:17.800000,0.0,0.0,12.0,0.017,0.0548,24.99,-12.05,1.507,0.0,1,0,none
2026-06-01T12:00:17.900000,0.0,0.0,12.0,0.0245,-0.0024,24.79,-12.05,1.448,0.0,1,0,none
2026-06-01T12:00:18,0.0,0.0,12.0,0.018,0.0122,25.06,-12.08,1.449,0.0,1,0,none
2026-06-01T12:00:18.100000,0.0,0.0,12.0,0.0138,0.0623,24.58,-12.22,1.452,0.0,1,0,none
2026-06-01T12:00:18.200000,0.0,0.0,12.0,0.0238,-0.0913,25.37,-11.93,1.488,0.0,1,0,none
2026-06-01T12:00:18.300000,0.0,0.0,12.0,0.0161,0.0118,24.99,-11.97,1.451,0.0,1,0,none
2026-06-01T12:00:18.400000,0.0,0.0,12.0,0.0207,0.02,25.04,-12.06,1.54,0.0,1,0,none
2026-06-01T12:00:18.500000,0.0,0.0,12.0,0.0176,-0.0771,25.38,-11.79,1.441,0.0,1,0,none
2026-06-01T12:00:18.600000,0.0,0.0,12.0,0.0237,0.0678,24.91,-12.05,1.548,0.0,1,0,none
2026-06-01T12:00:18.700000,0.0,0.0,12.0,0.0159,-0.0758,25.12,-12.05,1.49,0.0,1,0,none
2026-06-01T12:00:18.800000,0.0,0.0,12.0,0.0237,-0.0145,24.99,-12.05,1.516,0.0,1,0,none
2026-06-01T12:00:18.900000,0.0,0.0,12.0,0.0152,-0.002,24.91,-12.0,1.549,0.0,1,0,none
2026-06-01T12:00:19,0.0,0.0,12.0,0.0231,-0.0625,25.33,-12.02,1.388,0.0,1,0,none
2026-06-01T12:00:19.100000,0.0,0.0,12.0,0.0158,0.0634,25.29,-12.12,1.523,0.0,1,0,none
2026-06-01T12:00:19.200000,0.0,0.0,12.0,0.0218,0.0497,24.52,-11.83,1.431,0.0,1,0,none
2026-06-01T12:00:19.300000,0.0,0.0,12.0,0.0101,0.0227,25.39,-11.8,1.517,0.0,1,0,none
2026-06-01T12:00:19.400000,0.0,0.0,12.0,0.0197,-0.0507,24.98,-11.96,1.444,0.0,1,0,none
2026-06-01T12:00:19.500000,0.0,0.0,12.0,0.0173,-0.0105,24.97,-11.96,1.412,0.0,1,0,none
2026-06-01T12:00:19.600000,0.0,0.0,12.0,0.0283,0.026,25.02,-11.94,1.555,0.0,1,0,none
2026-06-01T12:00:19.700000,0.0,0.0,12.0,0.0151,-0.011,25.04,-11.92,1.553,0.0,1,0,none
2026-06-01T12:00:19.800000,0.0,0.0,12.0,0.023,0.008,24.9,-12.0,1.464,0.0,1,0,none
2026-06-01T12:00:19.900000,0.0,0.0,12.0,0.0248,-0.0884,24.94,-12.06,1.55,0.0,1,0,none
2026-06-01T12:00:20,0.0,0.0,12.0,0.014,-0.0476,24.83,-12.13,1.536,0.0,1,0,none
2026-06-01T12:00:20.100000,0.0,0.0,12.0,0.0208,-0.0073,24.83,-12.08,1.463,0.0,1,0,none
2026-06-01T12:00:20.200000,0.0,0.0,12.0,0.0183,-0.0102,24.95,-12.05,1.428,0.0,1,0,none
2026-06-01T12:00:20.300000,0.0,0.0,12.0,0.0208,0.0052,25.47,-12.01,1.581,0.0,1,0,none
2026-06-01T12:00:20.400000,0.0,0.0,12.0,0.0232,-0.0761,25.02,-12.11,1.526,0.0,1,0,none
2026-06-01T12:00:20.500000,0.0,0.0,12.0,0.0194,0.0379,24.78,-12.09,1.501,0.0,1,0,none
2026-06-01T12:00:20.600000,0.0,0.0,12.0,0.0122,0.0454,24.82,-11.97,1.549,0.0,1,0,none
2026-06-01T12:00:20.700000,0.0,0.0,12.0,0.0166,0.0634,25.17,-12.05,1.443,0.0,1,0,none
2026-06-01T12:00:20.800000,0.0,0.0,12.0,0.0196,-0.0807,25.05,-12.1,1.468,0.0,1,0,none
2026-06-01T12:00:20.900000,0.0,0.0,12.0,0.0264,0.0334,24.75,-11.99,1.45,0.0,1,0,none
2026-06-01T12:00:21,0.0,0.0,12.0,0.0212,0.0553,24.76,-11.92,1.469,0.0,1,0,none
2026-06-01T12:00:21.100000,0.0,0.0,12.0,0.0195,0.0138,24.65,-11.93,1.511,0.0,1,0,none
2026-06-01T12:00:21.200000,0.0,0.0,12.0,0.0191,0.0846,24.99,-11.94,1.452,0.0,1,0,none
2026-06-01T12:00:21.300000,0.0,0.0,12.0,0.0146,0.0575,24.97,-12.05,1.446,0.0,1,0,none
2026-06-01T12:00:21.400000,0.0,0.0,12.0,0.01,-0.004,24.95,-11.89,1.554,0.0,1,0,none
2026-06-01T12:00:21.500000,0.0,0.0,12.0,0.0198,-0.0182,24.98,-11.96,1.515,0.0,1,0,none
2026-06-01T12:00:21.600000,0.0,0.0,12.0,0.0187,-0.0395,24.86,-12.09,1.513,0.0,1,0,none
2026-06-01T12:00:21.700000,0.0,0.0,12.0,0.018,0.0604,24.86,-11.95,1.45,0.0,1,0,none
2026-06-01T12:00:21.800000,0.0,0.0,12.0,0.0262,-0.0246,24.55,-12.05,1.538,0.0,1,0,none
2026-06-01T12:00:21.900000,0.0,0.0,12.0,0.0182,-0.0272,24.8,-12.08,1.549,0.0,1,0,none
2026-06-01T12:00:22,0.0,0.0,12.0,0.0284,-0.0026,25.03,-12.09,1.485,0.0,1,0,none
2026-06-01T12:00:22.100000,0.0,0.0,12.0,0.02,-0.0298,24.84,-11.99,1.47,0.0,1,0,none
2026-06-01T12:00:22.200000,0.0,0.0,12.0,0.0218,0.0096,25.04,-12.06,1.464,0.0,1,0,none
2026-06-01T12:00:22.300000,0.0,0.0,12.0,0.0217,0.0564,24.74,-11.95,1.469,0.0,1,0,none
2026-06-01T12:00:22.400000,0.0,0.0,12.0,0.0194,-0.027,24.81,-11.89,1.412,0.0,1,0,none
2026-06-01T12:00:22.500000,0.0,0.0,12.0,0.0224,0.0653,24.87,-11.86,1.531,0.0,1,0,none
2026-06-01T12:00:22.600000,0.0,0.0,12.0,0.0191,-0.0009,24.88,-11.97,1.483,0.0,1,0,none
2026-06-01T12:00:22.700000,0.0,0.0,12.0,0.017,-0.0126,24.97,-11.91,1.566,0.0,1,0,none
2026-06-01T12:00:22.800000,0.0,0.0,12.0,0.0196,-0.0438,25.03,-11.96,1.566,0.0,1,0,none
2026-06-01T12:00:22.900000,0.0,0.0,12.0,0.0202,-0.0569,25.12,-11.88,1.522,0.0,1,0,none
2026-06-01T12:00:23,0.0,0.0,12.0,0.016,-0.0002,25.22,-11.98,1.504,0.0,1,0,none
2026-06-01T12:00:23.100000,0.0,0.0,12.0,0.0213,0.054,24.52,-12.14,1.467,0.0,1,0,none
2026-06-01T12:00:23.200000,0.0,0.0,12.0,0.0262,-0.0393,25.02,-12.03,1.465,0.0,1,0,none
2026-06-01T12:00:23.300000,0.0,0.0,12.0,0.013,0.0171,25.3,-11.97,1.442,0.0,1,0,none
2026-06-01T12:00:23.400000,0.0,0.0,12.0,0.0304,-0.0372,25.04,-12.08,1.439,0.0,1,0,none
2026-06-01T12:00:23.500000,0.0,0.0,12.0,0.01,0.0183,25.06,-12.09,1.545,0.0,1,0,none
2026-06-01T12:00:23.600000,0.0,0.0,12.0,0.0204,-0.0236,25.1,-11.92,1.523,0.0,1,0,none
2026-06-01T12:00:23.700000,0.0,0.0,12.0,0.0259,-0.0811,24.86,-12.04,1.528,0.0,1,0,none
2026-06-01T12:00:23.800000,0.0,0.0,12.0,0.0115,-0.0687,25.19,-12.11,1.499,0.0,1,0,none
2026-06-01T12:00:23.900000,0.0,0.0,12.0,0.0227,0.1038,24.81,-11.98,1.521,0.0,1,0,none
2026-06-01T12:00:24,0.0,0.0,12.0,0.0174,0.0169,24.78,-11.95,1.426,0.0,1,0,none
2026-06-01T12:00:24.100000,0.0,0.0,12.0,0.0252,0.0168,25.12,-11.94,1.505,0.0,1,0,none
2026-06-01T12:00:24.200000,0.0,0.0,12.0,0.016,0.0916,24.74,-12.01,1.42,0.0,1,0,none
2026-06-01T12:00:24.300000,0.0,0.0,12.0,0.0206,0.0426,24.67,-11.89,1.459,0.0,1,0,none
2026-06-01T12:00:24.400000,0.0,0.0,12.0,0.0225,0.0805,25.08,-12.09,1.563,0.0,1,0,none
2026-06-01T12:00:24.500000,0.0,0.0,12.0,0.0166,-0.0797,25.19,-12.02,1.544,0.0,1,0,none
2026-06-01T12:00:24.600000,0.0,0.0,12.0,0.0218,0.0074,25.24,-12.03,1.461,0.0,1,0,none
2026-06-01T12:00:24.700000,0.0,0.0,12.0,0.016,0.0245,24.97,-12.01,1.582,0.0,1,0,none
2026-06-01T12:00:24.800000,0.0,0.0,12.0,0.0159,-0.0594,24.63,-12.14,1.432,0.0,1,0,none
2026-06-01T12:00:24.900000,0.0,0.0,12.0,0.0293,-0.001,24.85,-11.86,1.538,0.0,1,0,none
2026-06-01T12:00:25,0.0,0.0,12.0,0.0195,-0.0384,25.08,-11.96,1.482,0.0,1,0,none
2026-06-01T12:00:25.100000,0.0,0.0,12.0,0.0209,-0.0041,25.19,-12.23,1.44,0.0,1,0,none
2026-06-01T12:00:25.200000,0.0,0.0,12.0,0.0129,-0.0463,24.86,-11.97,1.468,0.0,1,0,none
2026-06-01T12:00:25.300000,0.0,0.0,12.0,0.0142,-0.0079,25.12,-12.04,1.437,0.0,1,0,none
2026-06-01T12:00:25.400000,0.0,0.0,12.0,0.0209,0.0072,25.06,-12.07,1.535,0.0,1,0,none
2026-06-01T12:00:25.500000,0.0,0.0,12.0,0.0171,0.065,25.24,-12.11,1.583,0.0,1,0,none
2026-06-01T12:00:25.600000,0.0,0.0,12.0,0.016,0.0035,25.34,-11.97,1.54,0.0,1,0,none
2026-06-01T12:00:25.700000,0.0,0.0,12.0,0.0239,0.0472,25.07,-12.0,1.488,0.0,1,0,none
2026-06-01T12:00:25.800000,0.0,0.0,12.0,0.0165,0.0398,25.12,-11.89,1.48,0.0,1,0,none
2026-06-01T12:00:25.900000,0.0,0.0,12.0,0.0121,-0.0519,25.01,-12.05,1.538,0.0,1,0,none
2026-06-01T12:00:26,0.0,0.0,12.0,0.019,0.0503,25.34,-11.88,1.446,0.0,1,0,none
2026-06-01T12:00:26.100000,0.0,0.0,12.0,0.0167,-0.129,24.81,-12.06,1.595,0.0,1,0,none
2026-06-01T12:00:26.200000,0.0,0.0,12.0,0.0159,-0.0169,24.77,-11.85,1.59,0.0,1,0,none
2026-06-01T12:00:26.300000,0.0,0.0,12.0,0.0162,0.0562,24.9,-12.13,1.5,0.0,1,0,none
2026-06-01T12:00:26.400000,0.0,0.0,12.0,0.0186,-0.0086,25.13,-11.96,1.504,0.0,1,0,none
2026-06-01T12:00:26.500000,0.0,0.0,12.0,0.0224,0.0511,25.17,-11.93,1.535,0.0,1,0,none
2026-06-01T12:00:26.600000,0.0,0.0,12.0,0.0197,0.0174,24.51,-11.74,1.49,0.0,1,0,none
2026-06-01T12:00:26.700000,0.0,0.0,12.0,0.0184,-0.1003,25.05,-12.01,1.554,0.0,1,0,none
2026-06-01T12:00:26.800000,0.0,0.0,12.0,0.0212,-0.0241,25.21,-12.03,1.555,0.0,1,0,none
2026-06-01T12:00:26.900000,0.0,0.0,12.0,0.0223,0.0028,24.98,-12.16,1.483,0.0,1,0,none
2026-06-01T12:00:27,0.0,0.0,12.0,0.0106,-0.0186,24.92,-12.01,1.568,0.0,1,0,none
2026-06-01T12:00:27.100000,0.0,0.0,12.0,0.0179,0.0863,25.0,-12.05,1.5,0.0,1,0,none
2026-06-01T12:00:27.200000,0.0,0.0,12.0,0.0227,-0.0235,25.17,-11.96,1.464,0.0,1,0,none
2026-06-01T12:00:27.300000,0.0,0.0,12.0,0.0132,0.0205,25.49,-11.97,1.348,0.0,1,0,none
2026-06-01T12:00:27.400000,0.0,0.0,12.0,0.0145,-0.0545,25.06,-11.98,1.556,0.0,1,0,none
2026-06-01T12:00:27.500000,0.0,0.0,12.0,0.0116,0.0683,24.93,-11.88,1.517,0.0,1,0,none
2026-06-01T12:00:27.600000,0.0,0.0,12.0,0.0218,-0.0063,24.93,-12.02,1.553,0.0,1,0,none
2026-06-01T12:00:27.700000,0.0,0.0,12.0,0.0245,0.0869,24.79,-12.13,1.559,0.0,1,0,none
2026-06-01T12:00:27.800000,0.0,0.0,12.0,0.0203,-0.0566,25.14,-11.84,1.635,0.0,1,0,none
2026-06-01T12:00:27.900000,0.0,0.0,12.0,0.0138,0.0148,24.98,-12.09,1.531,0.0,1,0,none
2026-06-01T12:00:28,0.0,0.0,12.0,0.023,0.0797,25.3,-11.95,1.432,0.0,1,0,none
2026-06-01T12:00:28.100000,0.0,0.0,12.0,0.0256,-0.0082,24.86,-11.89,1.485,0.0,1,0,none
2026-06-01T12:00:28.200000,0.0,0.0,12.0,0.0255,0.0626,24.55,-12.11,1.457,0.0,1,0,none
2026-06-01T12:00:28.300000,0.0,0.0,12.0,0.0161,0.0906,24.75,-11.98,1.416,0.0,1,0,none
2026-06-01T12:00:28.400000,0.0,0.0,12.0,0.0166,0.0257,25.13,-11.92,1.543,0.0,1,0,none
2026-06-01T12:00:28.500000,0.0,0.0,12.0,0.0188,-0.0059,24.71,-11.9,1.482,0.0,1,0,none
2026-06-01T12:00:28.600000,0.0,0.0,12.0,0.0279,0.0327,24.74,-12.13,1.462,0.0,1,0,none
2026-06-01T12:00:28.700000,0.0,0.0,12.0,0.0237,0.0467,24.83,-12.06,1.522,0.0,1,0,none
2026-06-01T12:00:28.800000,0.0,0.0,12.0,0.0235,-0.0533,25.01,-11.98,1.518,0.0,1,0,none
2026-06-01T12:00:28.900000,0.0,0.0,12.0,0.0192,-0.0511,24.94,-12.22,1.495,0.0,1,0,none
2026-06-01T12:00:29,0.0,0.0,12.0,0.0289,-0.0063,25.0,-12.13,1.483,0.0,1,0,none
2026-06-01T12:00:29.100000,0.0,0.0,12.0,0.0192,-0.0095,24.67,-12.07,1.52,0.0,1,0,none
2026-06-01T12:00:29.200000,0.0,0.0,12.0,0.0157,0.0058,25.04,-11.97,1.537,0.0,1,0,none
2026-06-01T12:00:29.300000,0.0,0.0,12.0,0.0292,0.032,24.73,-12.01,1.468,0.0,1,0,none
2026-06-01T12:00:29.400000,0.0,0.0,12.0,0.0149,0.0425,25.14,-11.94,1.537,0.0,1,0,none
2026-06-01T12:00:29.500000,0.0,0.0,12.0,0.0292,0.0144,24.94,-12.11,1.57,0.0,1,0,none
2026-06-01T12:00:29.600000,0.0,0.0,12.0,0.0202,0.0186,25.09,-11.76,1.542,0.0,1,0,none
2026-06-01T12:00:29.700000,0.0,0.0,12.0,0.0147,0.0618,25.3,-12.09,1.496,0.0,1,0,none
2026-06-01T12:00:29.800000,0.0,0.0,12.0,0.0203,-0.036,24.88,-12.06,1.437,0.0,1,0,none
2026-06-01T12:00:29.900000,0.0,0.0,12.0,0.0161,-0.0152,24.83,-11.95,1.583,0.0,1,0,none
2026-06-01T12:00:30,0.0,0.0,12.0,0.0209,0.0601,24.86,-12.11,1.501,0.0,1,0,none
2026-06-01T12:00:30.100000,0.0,0.0,12.0,0.0164,-0.0524,24.84,-12.18,1.501,0.0,1,0,none
2026-06-01T12:00:30.200000,0.0,0.0,12.0,0.0263,0.0424,25.13,-12.14,1.507,0.0,1,0,none
2026-06-01T12:00:30.300000,0.0,0.0,12.0,0.0204,-0.0112,24.88,-12.07,1.574,0.0,1,0,none
2026-06-01T12:00:30.400000,0.0,0.0,12.0,0.0211,-0.0286,25.07,-12.04,1.412,0.0,1,0,none
2026-06-01T12:00:30.500000,0.0,0.0,12.0,0.0202,-0.028,24.81,-12.12,1.409,0.0,1,0,none
2026-06-01T12:00:30.600000,0.0,0.0,12.0,0.0172,-0.0444,25.12,-11.96,1.534,0.0,1,0,none
2026-06-01T12:00:30.700000,0.0,0.0,12.0,0.0211,0.0169,24.66,-12.16,1.525,0.0,1,0,none
2026-06-01T12:00:30.800000,0.0,0.0,12.0,0.0166,0.0294,25.31,-11.96,1.458,0.0,1,0,none
2026-06-01T12:00:30.900000,0.0,0.0,12.0,0.0238,-0.0748,25.01,-12.1,1.504,0.0,1,0,none
2026-06-01T12:00:31,0.0,0.0,12.0,0.01,-0.0402,25.11,-12.03,1.477,0.0,1,0,none
2026-06-01T12:00:31.100000,0.0,0.0,12.0,0.0216,-0.0191,25.23,-12.35,1.467,0.0,1,0,none
2026-06-01T12:00:31.200000,0.0,0.0,12.0,0.016,-0.0348,24.89,-11.93,1.512,0.0,1,0,none
2026-06-01T12:00:31.300000,0.0,0.0,12.0,0.016,0.0306,25.38,-12.12,1.439,0.0,1,0,none
2026-06-01T12:00:31.400000,0.0,0.0,12.0,0.0214,0.0473,24.73,-12.03,1.587,0.0,1,0,none
2026-06-01T12:00:31.500000,0.0,0.0,12.0,0.0181,-0.05,25.24,-11.96,1.463,0.0,1,0,none
2026-06-01T12:00:31.600000,0.0,0.0,12.0,0.0176,-0.0124,25.12,-12.05,1.475,0.0,1,0,none
2026-06-01T12:00:31.700000,0.0,0.0,12.0,0.0255,0.0071,24.96,-12.15,1.411,0.0,1,0,none
2026-06-01T12:00:31.800000,0.0,0.0,12.0,0.0189,0.0087,24.92,-11.79,1.449,0.0,1,0,none
2026-06-01T12:00:31.900000,0.0,0.0,12.0,0.0172,-0.0099,25.15,-11.98,1.513,0.0,1,0,none
2026-06-01T12:00:32,0.0,0.0,12.0,0.0106,0.017,24.95,-11.96,1.468,0.0,1,0,none
2026-06-01T12:00:32.100000,0.0,0.0,12.0,0.0258,-0.0067,24.93,-11.77,1.54,0.0,1,0,none
2026-06-01T12:00:32.200000,0.0,0.0,12.0,0.0279,-0.0114,24.92,-12.04,1.374,0.0,1,0,none
2026-06-01T12:00:32.300000,0.0,0.0,12.0,0.0153,0.0775,25.2,-11.89,1.502,0.0,1,0,none
2026-06-01T12:00:32.400000,0.0,0.0,12.0,0.01,-0.0025,24.7,-12.15,1.469,0.0,1,0,none
2026-06-01T12:00:32.500000,0.0,0.0,12.0,0.0184,0.0612,24.84,-12.01,1.479,0.0,1,0,none
2026-06-01T12:00:32.600000,0.0,0.0,12.0,0.018,-0.0064,25.19,-11.95,1.494,0.0,1,0,none
2026-06-01T12:00:32.700000,0.0,0.0,12.0,0.0177,0.024,25.09,-12.11,1.527,0.0,1,0,none
2026-06-01T12:00:32.800000,0.0,0.0,12.0,0.0248,-0.0263,24.81,-12.17,1.513,0.0,1,0,none
2026-06-01T12:00:32.900000,0.0,0.0,12.0,0.021,0.0269,25.17,-12.11,1.402,0.0,1,0,none
2026-06-01T12:00:33,0.0,0.0,12.0,0.0147,-0.0732,24.86,-12.07,1.539,0.0,1,0,none
2026-06-01T12:00:33.100000,0.0,0.0,12.0,0.0222,-0.0003,24.63,-11.76,1.531,0.0,1,0,none
2026-06-01T12:00:33.200000,0.0,0.0,12.0,0.0255,-0.0025,24.77,-11.99,1.492,0.0,1,0,none
2026-06-01T12:00:33.300000,0.0,0.0,12.0,0.0225,-0.0029,25.3,-12.03,1.489,0.0,1,0,none
2026-06-01T12:00:33.400000,0.0,0.0,12.0,0.0234,0.0871,25.14,-11.85,1.464,0.0,1,0,none
2026-06-01T12:00:33.500000,0.0,0.0,12.0,0.0281,0.0108,25.42,-12.01,1.54,0.0,1,0,none
2026-06-01T12:00:33.600000,0.0,0.0,12.0,0.0267,0.0887,25.09,-12.01,1.545,0.0,1,0,none
2026-06-01T12:00:33.700000,0.0,0.0,12.0,0.0209,-0.0484,25.12,-11.98,1.565,0.0,1,0,none
2026-06-01T12:00:33.800000,0.0,0.0,12.0,0.0128,0.0829,24.87,-12.06,1.442,0.0,1,0,none
2026-06-01T12:00:33.900000,0.0,0.0,12.0,0.018,0.0631,25.18,-11.94,1.468,0.0,1,0,none
2026-06-01T12:00:34,0.0,0.0,12.0,0.0196,0.0301,24.9,-11.94,1.491,0.0,1,0,none
2026-06-01T12:00:34.100000,0.0,0.0,12.0,0.0257,-0.0561,24.49,-12.0,1.491,0.0,1,0,none
2026-06-01T12:00:34.200000,0.0,0.0,12.0,0.0201,0.0971,25.23,-11.97,1.457,0.0,1,0,none
2026-06-01T12:00:34.300000,0.0,0.0,12.0,0.0182,0.023,24.92,-11.97,1.496,0.0,1,0,none
2026-06-01T12:00:34.400000,0.0,0.0,12.0,0.0184,0.0074,25.29,-12.03,1.529,0.0,1,0,none
2026-06-01T12:00:34.500000,0.0,0.0,12.0,0.0149,-0.1141,25.29,-12.11,1.527,0.0,1,0,none
2026-06-01T12:00:34.600000,0.0,0.0,12.0,0.0125,0.0019,24.88,-11.87,1.481,0.0,1,0,none
2026-06-01T12:00:34.700000,0.0,0.0,12.0,0.0198,-0.0366,25.07,-11.97,1.546,0.0,1,0,none
2026-06-01T12:00:34.800000,0.0,0.0,12.0,0.0141,-0.0017,24.94,-11.92,1.554,0.0,1,0,none
2026-06-01T12:00:34.900000,0.0,0.0,12.0,0.0234,0.0439,25.03,-11.98,1.528,0.0,1,0,none
2026-06-01T12:00:35,0.0,0.0,12.0,0.0211,-0.0143,24.82,-12.12,1.503,0.0,1,0,none
2026-06-01T12:00:35.100000,0.0,0.0,12.0,0.0193,0.0454,25.08,-12.26,1.478,0.0,1,0,none
2026-06-01T12:00:35.200000,0.0,0.0,12.0,0.0204,0.0376,24.78,-12.1,1.527,0.0,1,0,none
2026-06-01T12:00:35.300000,0.0,0.0,12.0,0.0253,-0.0003,24.91,-12.03,1.454,0.0,1,0,none
2026-06-01T12:00:35.400000,0.0,0.0,12.0,0.0175,0.0143,24.96,-11.9,1.437,0.0,1,0,none
2026-06-01T12:00:35.500000,0.0,0.0,12.0,0.0227,-0.0078,25.41,-11.99,1.45,0.0,1,0,none
2026-06-01T12:00:35.600000,0.0,0.0,12.0,0.0223,-0.0629,24.75,-11.95,1.469,0.0,1,0,none
2026-06-01T12:00:35.700000,0.0,0.0,12.0,0.0133,0.0172,25.14,-12.04,1.547,0.0,1,0,none
2026-06-01T12:00:35.800000,0.0,0.0,12.0,0.0266,0.0176,25.0,-12.08,1.521,0.0,1,0,none
2026-06-01T12:00:35.900000,0.0,0.0,12.0,0.0249,-0.0472,24.98,-11.98,1.415,0.0,1,0,none
2026-06-01T12:00:36,0.0,0.0,12.0,0.0243,-0.0054,24.89,-12.06,1.492,0.0,1,0,none
2026-06-01T12:00:36.100000,0.0,0.0,12.0,0.0167,0.0093,24.89,-11.97,1.537,0.0,1,0,none
2026-06-01T12:00:36.200000,0.0,0.0,12.0,0.0201,-0.0257,25.0,-12.0,1.377,0.0,1,0,none
2026-06-01T12:00:36.300000,0.0,0.0,12.0,0.0185,0.0433,25.05,-11.93,1.453,0.0,1,0,none
2026-06-01T12:00:36.400000,0.0,0.0,12.0,0.0202,-0.081,24.8,-12.01,1.501,0.0,1,0,none
2026-06-01T12:00:36.500000,0.0,0.0,12.0,0.016,0.006,24.82,-11.92,1.489,0.0,1,0,none
2026-06-01T12:00:36.600000,0.0,0.0,12.0,0.0163,-0.0759,25.16,-12.0,1.541,0.0,1,0,none
2026-06-01T12:00:36.700000,0.0,0.0,12.0,0.0169,-0.0371,24.97,-12.17,1.536,0.0,1,0,none
2026-06-01T12:00:36.800000,0.0,0.0,12.0,0.0156,0.0255,24.89,-11.97,1.654,0.0,1,0,none
2026-06-01T12:00:36.900000,0.0,0.0,12.0,0.0253,0.049,24.98,-12.04,1.391,0.0,1,0,none
2026-06-01T12:00:37,0.0,0.0,12.0,0.014,0.0114,25.19,-12.07,1.448,0.0,1,0,none
2026-06-01T12:00:37.100000,0.0,0.0,12.0,0.0249,-0.0634,24.85,-12.01,1.494,0.0,1,0,none
2026-06-01T12:00:37.200000,0.0,0.0,12.0,0.0217,0.0935,25.1,-12.03,1.543,0.0,1,0,none
2026-06-01T12:00:37.300000,0.0,0.0,12.0,0.0186,-0.0034,25.36,-11.88,1.569,0.0,1,0,none
2026-06-01T12:00:37.400000,0.0,0.0,12.0,0.0226,0.082,25.11,-12.06,1.489,0.0,1,0,none
2026-06-01T12:00:37.500000,0.0,0.0,12.0,0.0254,0.0737,25.16,-12.03,1.462,0.0,1,0,none
2026-06-01T12:00:37.600000,0.0,0.0,12.0,0.0139,-0.0823,24.94,-11.95,1.497,0.0,1,0,none
2026-06-01T12:00:37.700000,0.0,0.0,12.0,0.0146,0.0025,24.99,-11.95,1.524,0.0,1,0,none
2026-06-01T12:00:37.800000,0.0,0.0,12.0,0.0332,-0.0018,24.9,-11.89,1.574,0.0,1,0,none
2026-06-01T12:00:37.900000,0.0,0.0,12.0,0.0132,0.0994,25.09,-11.93,1.517,0.0,1,0,none
2026-06-01T12:00:38,0.0,0.0,12.0,0.0289,-0.0707,24.93,-11.91,1.531,0.0,1,0,none
2026-06-01T12:00:38.100000,0.0,0.0,12.0,0.0201,0.0451,25.03,-11.83,1.534,0.0,1,0,none
2026-06-01T12:00:38.200000,0.0,0.0,12.0,0.0223,0.0103,25.03,-11.99,1.503,0.0,1,0,none
2026-06-01T12:00:38.300000,0.0,0.0,12.0,0.0206,0.0186,25.1,-11.97,1.505,0.0,1,0,none
2026-06-01T12:00:38.400000,0.0,0.0,12.0,0.0194,-0.0022,24.7,-12.21,1.407,0.0,1,0,none
2026-06-01T12:00:38.500000,0.0,0.0,12.0,0.0174,0.0582,25.42,-12.01,1.526,0.0,1,0,none
2026-06-01T12:00:38.600000,0.0,0.0,12.0,0.0276,0.0036,25.08,-12.05,1.512,0.0,1,0,none
2026-06-01T12:00:38.700000,0.0,0.0,12.0,0.0201,-0.0213,24.65,-11.94,1.588,0.0,1,0,none
2026-06-01T12:00:38.800000,0.0,0.0,12.0,0.0153,0.0558,25.17,-12.14,1.383,0.0,1,0,none
2026-06-01T12:00:38.900000,0.0,0.0,12.0,0.0347,-0.0597,25.24,-11.82,1.49,0.0,1,0,none
2026-06-01T12:00:39,0.0,0.0,12.0,0.0294,0.0874,24.9,-12.11,1.48,0.0,1,0,none
2026-06-01T12:00:39.100000,0.0,0.0,12.0,0.0214,-0.0012,25.18,-11.97,1.584,0.0,1,0,none
2026-06-01T12:00:39.200000,0.0,0.0,12.0,0.0168,0.0162,24.92,-12.15,1.452,0.0,1,0,none
2026-06-01T12:00:39.300000,0.0,0.0,12.0,0.019,0.0209,25.12,-12.21,1.555,0.0,1,0,none
2026-06-01T12:00:39.400000,0.0,0.0,12.0,0.0263,0.0417,25.02,-11.9,1.583,0.0,1,0,none
2026-06-01T12:00:39.500000,0.0,0.0,12.0,0.0188,0.0245,24.93,-11.84,1.39,0.0,1,0,none
2026-06-01T12:00:39.600000,0.0,0.0,12.0,0.0116,0.0371,24.82,-12.05,1.481,0.0,1,0,none
2026-06-01T12:00:39.700000,0.0,0.0,12.0,0.0253,-0.0002,24.95,-11.9,1.437,0.0,1,0,none
2026-06-01T12:00:39.800000,0.0,0.0,12.0,0.0239,-0.0194,25.12,-11.96,1.597,0.0,1,0,none
2026-06-01T12:00:39.900000,0.0,0.0,12.0,0.0243,0.0686,25.32,-12.12,1.43,0.0,1,0,none
2026-06-01T12:00:40,0.0,0.0,12.0,0.031,-0.1086,24.92,-11.79,1.425,0.72,1,1,insulation_failure
2026-06-01T12:00:40.100000,0.0,0.0,12.0,0.0224,-0.0206,25.0,-12.16,1.493,0.72,1,1,insulation_failure
2026-06-01T12:00:40.200000,0.0,0.0,12.0,0.0158,-0.0402,24.51,-12.36,1.473,0.72,1,1,insulation_failure
2026-06-01T12:00:40.300000,0.0,0.0,12.0,0.0236,-0.0126,24.86,-12.24,1.486,0.72,1,1,insulation_failure
2026-06-01T12:00:40.400000,0.0,0.0,12.0,0.0214,-0.0721,25.06,-11.97,1.453,0.72,1,1,insulation_failure
2026-06-01T12:00:40.500000,0.0,0.0,12.0,0.0263,-0.143,25.04,-11.6,1.324,0.72,1,1,insulation_failure
2026-06-01T12:00:40.600000,0.0,0.0,12.0,0.0215,0.0006,24.98,-12.08,1.538,0.72,1,1,insulation_failure
2026-06-01T12:00:40.700000,0.0,0.0,12.0,0.0199,-0.0206,24.92,-12.21,1.425,0.72,1,1,insulation_failure
2026-06-01T12:00:40.800000,0.0,0.0,12.0,0.0189,-0.0369,24.88,-11.87,1.43,0.72,1,1,insulation_failure
2026-06-01T12:00:40.900000,0.0,0.0,12.0,0.0242,0.107,25.23,-11.91,1.425,0.72,1,1,insulation_failure
2026-06-01T12:00:41,0.0,0.0,12.0,0.0231,0.1312,25.18,-12.08,1.48,0.72,1,1,insulation_failure
2026-06-01T12:00:41.100000,0.0,0.0,12.0,0.0279,0.1257,25.02,-11.75,1.323,0.72,1,1,insulation_failure
2026-06-01T12:00:41.200000,0.0,0.0,12.0,0.0163,0.0876,24.39,-11.68,1.427,0.72,1,1,insulation_failure
2026-06-01T12:00:41.300000,0.0,0.0,12.0,0.0186,0.0469,25.02,-11.73,1.387,0.72,1,1,insulation_failure
2026-06-01T12:00:41.400000,0.0,0.0,12.0,0.0233,0.1145,25.23,-11.57,1.48,0.72,1,1,insulation_failure
2026-06-01T12:00:41.500000,0.0,0.0,12.0,0.0143,0.028,24.49,-11.3,1.351,0.72,1,1,insulation_failure
2026-06-01T12:00:41.600000,0.0,0.0,12.0,0.0237,-0.0917,24.48,-11.61,1.371,0.72,1,1,insulation_failure
2026-06-01T12:00:41.700000,0.0,0.0,12.0,0.0249,-0.1142,23.96,-11.65,1.275,0.72,1,1,insulation_failure
2026-06-01T12:00:41.800000,0.0,0.0,12.0,0.0225,0.0685,24.06,-11.66,1.349,0.72,1,1,insulation_failure
2026-06-01T12:00:41.900000,0.0,0.0,12.0,0.0336,0.0421,24.45,-11.76,1.386,0.72,1,1,insulation_failure
2026-06-01T12:00:42,0.0,0.0,12.0,0.0243,-0.0487,25.06,-12.14,1.302,0.72,1,1,insulation_failure
2026-06-01T12:00:42.100000,0.0,0.0,12.0,0.0312,0.0091,24.64,-11.52,1.333,0.72,1,1,insulation_failure
2026-06-01T12:00:42.200000,0.0,0.0,12.0,0.0358,-0.0079,24.61,-12.06,1.307,0.72,1,1,insulation_failure
2026-06-01T12:00:42.300000,0.0,0.0,12.0,0.0185,0.0124,24.35,-11.85,1.3,0.72,1,1,insulation_failure
2026-06-01T12:00:42.400000,0.0,0.0,12.0,0.0301,-0.0749,24.88,-11.89,1.284,0.72,1,1,insulation_failure
2026-06-01T12:00:42.500000,0.0,0.0,12.0,0.0306,-0.0716,24.55,-11.82,1.188,0.72,1,1,insulation_failure
2026-06-01T12:00:42.600000,0.0,0.0,12.0,0.0285,0.035,24.29,-11.65,1.313,0.72,1,1,insulation_failure
2026-06-01T12:00:42.700000,0.0,0.0,12.0,0.0249,0.3725,24.54,-11.73,1.206,0.72,1,1,insulation_failure
2026-06-01T12:00:42.800000,0.0,0.0,12.0,0.0307,0.2363,24.2,-11.59,1.226,0.72,1,1,insulation_failure
2026-06-01T12:00:42.900000,0.0,0.0,12.0,0.0251,0.1284,24.08,-11.68,1.214,0.72,1,1,insulation_failure
2026-06-01T12:00:43,0.0,0.0,12.0,0.0268,0.1367,24.71,-11.42,1.279,0.72,1,1,insulation_failure
2026-06-01T12:00:43.100000,0.0,0.0,12.0,0.0236,0.0024,24.3,-11.6,1.23,0.72,1,1,insulation_failure
2026-06-01T12:00:43.200000,0.0,0.0,12.0,0.0267,-0.0622,24.38,-11.71,1.278,0.72,1,1,insulation_failure
2026-06-01T12:00:43.300000,0.0,0.0,12.0,0.0264,0.0777,24.56,-11.34,1.238,0.72,1,1,insulation_failure
2026-06-01T12:00:43.400000,0.0,0.0,12.0,0.0233,-0.0751,24.18,-11.94,1.22,0.72,1,1,insulation_failure
2026-06-01T12:00:43.500000,0.0,0.0,12.0,0.029,-0.0261,24.02,-11.37,1.207,0.72,1,1,insulation_failure
2026-06-01T12:00:43.600000,0.0,0.0,12.0,0.0306,0.0638,24.38,-11.86,1.164,0.72,1,1,insulation_failure
2026-06-01T12:00:43.700000,0.0,0.0,12.0,0.0208,0.1155,24.73,-11.6,1.16,0.72,1,1,insulation_failure
2026-06-01T12:00:43.800000,0.0,0.0,12.0,0.0208,0.1137,24.18,-11.67,1.204,0.72,1,1,insulation_failure
2026-06-01T12:00:43.900000,0.0,0.0,12.0,0.0204,0.03,24.28,-11.64,1.162,0.72,1,1,insulation_failure
2026-06-01T12:00:44,0.0,0.0,12.0,0.0229,0.0376,23.96,-11.17,1.128,0.72,1,1,insulation_failure
2026-06-01T12:00:44.100000,0.0,0.0,12.0,0.0243,-0.0175,24.1,-11.82,1.155,0.72,1,1,insulation_failure
2026-06-01T12:00:44.200000,0.0,0.0,12.0,0.0206,0.2007,23.63,-10.97,1.187,0.72,1,1,insulation_failure
2026-06-01T12:00:44.300000,0.0,0.0,12.0,0.0307,-0.0962,23.88,-11.64,1.104,0.72,1,1,insulation_failure
2026-06-01T12:00:44.400000,0.0,0.0,12.0,0.0211,-0.2214,24.19,-10.91,1.07,0.72,1,1,insulation_failure
2026-06-01T12:00:44.500000,0.0,0.0,12.0,0.0339,0.1048,24.08,-11.2,1.189,0.72,1,1,insulation_failure
2026-06-01T12:00:44.600000,0.0,0.0,12.0,0.0337,0.1019,24.23,-11.44,1.058,0.72,1,1,insulation_failure
2026-06-01T12:00:44.700000,0.0,0.0,12.0,0.0321,0.0798,24.15,-11.45,1.102,0.72,1,1,insulation_failure
2026-06-01T12:00:44.800000,0.0,0.0,12.0,0.0173,0.109,23.73,-11.45,1.117,0.72,1,1,insulation_failure
2026-06-01T12:00:44.900000,0.0,0.0,12.0,0.0299,0.274,23.26,-11.59,1.05,0.72,1,1,insulation_failure
2026-06-01T12:00:45,0.0,0.0,12.0,0.036,0.0349,23.0,-11.37,1.118,0.72,1,1,insulation_failure
2026-06-01T12:00:45.100000,0.0,0.0,12.0,0.0338,0.0685,23.48,-11.3,1.031,0.72,1,1,insulation_failure
2026-06-01T12:00:45.200000,0.0,0.0,12.0,0.033,0.0573,23.98,-11.05,1.077,0.72,1,1,insulation_failure
2026-06-01T12:00:45.300000,0.0,0.0,12.0,0.027,0.2425,23.65,-11.16,1.096,0.72,1,1,insulation_failure
2026-06-01T12:00:45.400000,0.0,0.0,12.0,0.0261,-0.0858,23.65,-11.58,0.999,0.72,1,1,insulation_failure
2026-06-01T12:00:45.500000,0.0,0.0,12.0,0.0327,0.0542,23.31,-11.45,0.99,0.72,1,1,insulation_failure
2026-06-01T12:00:45.600000,0.0,0.0,12.0,0.0288,-0.0913,24.21,-11.13,0.993,0.72,1,1,insulation_failure
2026-06-01T12:00:45.700000,0.0,0.0,12.0,0.0323,0.1329,23.4,-11.32,1.061,0.72,1,1,insulation_failure
2026-06-01T12:00:45.800000,0.0,0.0,12.0,0.0295,0.0534,24.21,-10.74,1.015,0.72,1,1,insulation_failure
2026-06-01T12:00:45.900000,0.0,0.0,12.0,0.0189,0.0729,23.61,-11.09,1.009,0.72,1,1,insulation_failure
2026-06-01T12:00:46,0.0,0.0,12.0,0.0211,-0.0616,24.33,-10.97,1.037,0.72,1,1,insulation_failure
2026-06-01T12:00:46.100000,0.0,0.0,12.0,0.027,0.1118,23.36,-11.19,0.976,0.72,1,1,insulation_failure
2026-06-01T12:00:46.200000,0.0,0.0,12.0,0.0277,0.227,23.09,-11.04,0.959,0.72,1,1,insulation_failure
2026-06-01T12:00:46.300000,0.0,0.0,12.0,0.0294,0.0925,23.63,-11.23,0.941,0.72,1,1,insulation_failure
2026-06-01T12:00:46.400000,0.0,0.0,12.0,0.0308,0.0863,23.36,-11.18,0.957,0.72,1,1,insulation_failure
2026-06-01T12:00:46.500000,0.0,0.0,12.0,0.0286,0.2266,23.31,-11.37,0.971,0.72,1,1,insulation_failure
2026-06-01T12:00:46.600000,0.0,0.0,12.0,0.0342,0.0231,23.25,-11.0,0.966,0.72,1,1,insulation_failure
2026-06-01T12:00:46.700000,0.0,0.0,12.0,0.0298,0.1478,23.38,-11.04,0.977,0.72,1,1,insulation_failure
2026-06-01T12:00:46.800000,0.0,0.0,12.0,0.0331,0.0679,23.74,-11.52,0.943,0.72,1,1,insulation_failure
2026-06-01T12:00:46.900000,0.0,0.0,12.0,0.0336,0.0735,24.06,-11.28,0.88,0.72,1,1,insulation_failure
2026-06-01T12:00:47,0.0,0.0,12.0,0.027,0.0278,23.52,-11.18,0.942,0.72,1,1,insulation_failure
2026-06-01T12:00:47.100000,0.0,0.0,12.0,0.0234,0.187,22.84,-11.23,0.872,0.72,1,1,insulation_failure
2026-06-01T12:00:47.200000,0.0,0.0,12.0,0.0358,0.3191,23.65,-11.06,0.969,0.72,1,1,insulation_failure
2026-06-01T12:00:47.300000,0.0,0.0,12.0,0.034,-0.1209,23.31,-10.81,0.849,0.72,1,1,insulation_failure
2026-06-01T12:00:47.400000,0.0,0.0,12.0,0.0337,0.0742,23.68,-11.29,0.901,0.72,1,1,insulation_failure
2026-06-01T12:00:47.500000,0.0,0.0,12.0,0.0349,-0.0378,23.14,-10.95,0.879,0.72,1,1,insulation_failure
2026-06-01T12:00:47.600000,0.0,0.0,12.0,0.0298,0.2224,23.21,-10.72,0.866,0.72,1,1,insulation_failure
2026-06-01T12:00:47.700000,0.0,0.0,12.0,0.036,0.1633,23.02,-11.4,0.831,0.72,1,1,insulation_failure
2026-06-01T12:00:47.800000,0.0,0.0,12.0,0.0381,0.1316,23.51,-10.86,0.829,0.72,1,1,insulation_failure
2026-06-01T12:00:47.900000,0.0,0.0,12.0,0.0256,0.2367,23.13,-11.09,0.809,0.72,1,1,insulation_failure
2026-06-01T12:00:48,0.0,0.0,12.0,0.0299,0.1664,23.14,-10.76,0.734,0.72,1,1,insulation_failure
2026-06-01T12:00:48.100000,0.0,0.0,12.0,0.0313,0.3304,22.96,-11.0,0.869,0.72,1,1,insulation_failure
2026-06-01T12:00:48.200000,0.0,0.0,12.0,0.0332,0.1432,22.88,-10.86,0.782,0.72,1,1,insulation_failure
2026-06-01T12:00:48.300000,0.0,0.0,12.0,0.0394,0.1036,22.66,-10.69,0.729,0.72,1,1,insulation_failure
2026-06-01T12:00:48.400000,0.0,0.0,12.0,0.0257,-0.049,22.25,-10.91,0.793,0.72,1,1,insulation_failure
2026-06-01T12:00:48.500000,0.0,0.0,12.0,0.0444,0.0251,22.95,-11.22,0.802,0.72,1,1,insulation_failure
2026-06-01T12:00:48.600000,0.0,0.0,12.0,0.033,0.2542,23.11,-10.74,0.672,0.72,1,1,insulation_failure
2026-06-01T12:00:48.700000,0.0,0.0,12.0,0.023,0.1926,23.58,-10.95,0.79,0.72,1,1,insulation_failure
2026-06-01T12:00:48.800000,0.0,0.0,12.0,0.0404,0.3159,23.08,-10.68,0.91,0.72,1,1,insulation_failure
2026-06-01T12:00:48.900000,0.0,0.0,12.0,0.0318,0.2359,22.72,-10.8,0.751,0.72,1,1,insulation_failure
2026-06-01T12:00:49,0.0,0.0,12.0,0.0346,0.1688,22.86,-10.82,0.678,0.72,1,1,insulation_failure
2026-06-01T12:00:49.100000,0.0,0.0,12.0,0.0351,0.1352,22.9,-11.07,0.623,0.72,1,1,insulation_failure
2026-06-01T12:00:49.200000,0.0,0.0,12.0,0.0403,0.2871,22.77,-10.85,0.68,0.72,1,1,insulation_failure
2026-06-01T12:00:49.300000,0.0,0.0,12.0,0.0284,0.1089,23.13,-10.54,0.691,0.72,1,1,insulation_failure
2026-06-01T12:00:49.400000,0.0,0.0,12.0,0.0343,0.0519,22.63,-10.4,0.65,0.72,1,1,insulation_failure
2026-06-01T12:00:49.500000,0.0,0.0,12.0,0.0343,0.1254,23.1,-10.79,0.77,0.72,1,1,insulation_failure
2026-06-01T12:00:49.600000,0.0,0.0,12.0,0.0262,0.0916,22.51,-10.91,0.719,0.72,1,1,insulation_failure
2026-06-01T12:00:49.700000,0.0,0.0,12.0,0.0315,0.1485,22.65,-10.59,0.686,0.72,1,1,insulation_failure
2026-06-01T12:00:49.800000,0.0,0.0,12.0,0.0353,0.1904,22.6,-10.51,0.688,0.72,1,1,insulation_failure
2026-06-01T12:00:49.900000,0.0,0.0,12.0,0.0319,0.1292,22.41,-10.72,0.615,0.72,1,1,insulation_failure
2026-06-01T12:00:50,0.0,0.0,12.0,0.045,0.1417,22.64,-10.63,0.607,0.72,1,1,insulation_failure
2026-06-01T12:00:50.100000,0.0,0.0,12.0,0.0363,-0.01,22.51,-10.42,0.66,0.72,1,1,insulation_failure
2026-06-01T12:00:50.200000,0.0,0.0,12.0,0.04,0.2325,22.31,-10.8,0.626,0.72,1,1,insulation_failure
2026-06-01T12:00:50.300000,0.0,0.0,12.0,0.0382,0.1987,21.81,-10.67,0.667,0.72,1,1,insulation_failure
2026-06-01T12:00:50.400000,0.0,0.0,12.0,0.0395,0.2803,22.11,-10.33,0.693,0.72,1,1,insulation_failure
2026-06-01T12:00:50.500000,0.0,0.0,12.0,0.0334,0.0285,22.37,-10.48,0.571,0.72,1,1,insulation_failure
2026-06-01T12:00:50.600000,0.0,0.0,12.0,0.0342,0.3212,22.62,-10.52,0.626,0.72,1,1,insulation_failure
2026-06-01T12:00:50.700000,0.0,0.0,12.0,0.048,0.1086,22.27,-10.74,0.615,0.72,1,1,insulation_failure
2026-06-01T12:00:50.800000,0.0,0.0,12.0,0.0327,0.2746,22.1,-10.81,0.601,0.72,1,1,insulation_failure
2026-06-01T12:00:50.900000,0.0,0.0,12.0,0.0445,0.1739,22.49,-10.37,0.601,0.72,1,1,insulation_failure
2026-06-01T12:00:51,0.0,0.0,12.0,0.0397,0.1033,22.0,-10.51,0.676,0.72,1,1,insulation_failure
2026-06-01T12:00:51.100000,0.0,0.0,12.0,0.0422,0.1685,22.08,-10.51,0.565,0.72,1,1,insulation_failure
2026-06-01T12:00:51.200000,0.0,0.0,12.0,0.0343,0.0517,21.77,-10.38,0.544,0.72,1,1,insulation_failure
2026-06-01T12:00:51.300000,0.0,0.0,12.0,0.0401,0.2796,22.5,-10.67,0.589,0.72,1,1,insulation_failure
2026-06-01T12:00:51.400000,0.0,0.0,12.0,0.0382,0.406,22.32,-10.63,0.639,0.72,1,1,insulation_failure
2026-06-01T12:00:51.500000,0.0,0.0,12.0,0.0373,0.179,22.09,-10.64,0.639,0.72,1,1,insulation_failure
2026-06-01T12:00:51.600000,0.0,0.0,12.0,0.0427,0.153,21.71,-10.58,0.578,0.72,1,1,insulation_failure
2026-06-01T12:00:51.700000,0.0,0.0,12.0,0.0346,0.1163,22.37,-10.57,0.664,0.72,1,1,insulation_failure
2026-06-01T12:00:51.800000,0.0,0.0,12.0,0.0373,0.1724,21.68,-10.35,0.527,0.72,1,1,insulation_failure
2026-06-01T12:00:51.900000,0.0,0.0,12.0,0.0451,0.361,22.35,-10.3,0.51,0.72,1,1,insulation_failure
2026-06-01T12:00:52,0.0,0.0,12.0,0.0442,0.2049,22.47,-10.57,0.564,0.72,1,1,insulation_failure
2026-06-01T12:00:52.100000,0.0,0.0,12.0,0.039,0.3206,22.68,-10.55,0.525,0.72,1,1,insulation_failure
2026-06-01T12:00:52.200000,0.0,0.0,12.0,0.048,0.2359,22.15,-10.21,0.55,0.72,1,1,insulation_failure
2026-06-01T12:00:52.300000,0.0,0.0,12.0,0.036,0.1787,22.0,-10.1,0.427,0.72,1,1,insulation_failure
2026-06-01T12:00:52.400000,0.0,0.0,12.0,0.0409,0.1969,22.34,-10.36,0.424,0.72,1,1,insulation_failure
2026-06-01T12:00:52.500000,0.0,0.0,12.0,0.0455,0.2915,22.18,-10.41,0.483,0.72,1,1,insulation_failure
2026-06-01T12:00:52.600000,0.0,0.0,12.0,0.0421,0.116,22.17,-10.41,0.471,0.72,1,1,insulation_failure
2026-06-01T12:00:52.700000,0.0,0.0,12.0,0.0469,0.2382,21.91,-10.23,0.386,0.72,1,1,insulation_failure
2026-06-01T12:00:52.800000,0.0,0.0,12.0,0.0467,0.2892,21.73,-10.32,0.499,0.72,1,1,insulation_failure
2026-06-01T12:00:52.900000,0.0,0.0,12.0,0.0415,0.0482,21.93,-10.43,0.406,0.72,1,1,insulation_failure
2026-06-01T12:00:53,0.0,0.0,12.0,0.0422,0.0515,21.86,-10.33,0.437,0.72,1,1,insulation_failure
2026-06-01T12:00:53.100000,0.0,0.0,12.0,0.0356,0.2777,22.23,-10.47,0.372,0.72,1,1,insulation_failure
2026-06-01T12:00:53.200000,0.0,0.0,12.0,0.038,0.3054,21.54,-10.17,0.401,0.72,1,1,insulation_failure
2026-06-01T12:00:53.300000,0.0,0.0,12.0,0.0412,0.2319,22.31,-9.92,0.406,0.72,1,1,insulation_failure
2026-06-01T12:00:53.400000,0.0,0.0,12.0,0.042,0.0831,21.62,-10.2,0.411,0.72,1,1,insulation_failure
2026-06-01T12:00:53.500000,0.0,0.0,12.0,0.0438,0.2993,22.29,-10.41,0.278,0.72,1,1,insulation_failure
2026-06-01T12:00:53.600000,0.0,0.0,12.0,0.0345,0.4,22.13,-10.18,0.282,0.72,1,1,insulation_failure
2026-06-01T12:00:53.700000,0.0,0.0,12.0,0.0361,0.2274,21.88,-10.01,0.294,0.72,1,1,insulation_failure
2026-06-01T12:00:53.800000,0.0,0.0,12.0,0.044,0.212,21.27,-10.31,0.362,0.72,1,1,insulation_failure
2026-06-01T12:00:53.900000,0.0,0.0,12.0,0.0401,0.2585,22.11,-10.45,0.303,0.72,1,1,insulation_failure
2026-06-01T12:00:54,0.0,0.0,12.0,0.0401,0.1906,21.81,-10.16,0.347,0.72,1,1,insulation_failure
2026-06-01T12:00:54.100000,0.0,0.0,12.0,0.0462,0.3801,21.71,-9.99,0.431,0.72,1,1,insulation_failure
2026-06-01T12:00:54.200000,0.0,0.0,12.0,0.0436,0.1598,21.54,-10.02,0.316,0.72,1,1,insulation_failure
2026-06-01T12:00:54.300000,0.0,0.0,12.0,0.0484,0.2521,21.82,-10.03,0.312,0.72,1,1,insulation_failure
2026-06-01T12:00:54.400000,0.0,0.0,12.0,0.0434,0.2799,21.12,-10.0,0.314,0.72,1,1,insulation_failure
2026-06-01T12:00:54.500000,0.0,0.0,12.0,0.0387,0.2108,21.27,-10.33,0.313,0.72,1,1,insulation_failure
2026-06-01T12:00:54.600000,0.0,0.0,12.0,0.0378,-0.0279,21.33,-10.28,0.354,0.72,1,1,insulation_failure
2026-06-01T12:00:54.700000,0.0,0.0,12.0,0.0425,0.2554,21.63,-10.09,0.269,0.72,1,1,insulation_failure
2026-06-01T12:00:54.800000,0.0,0.0,12.0,0.049,0.047,21.27,-9.8,0.274,0.72,1,1,insulation_failure
2026-06-01T12:00:54.900000,0.0,0.0,12.0,0.0439,0.2725,21.18,-10.03,0.247,0.72,1,1,insulation_failure
2026-06-01T12:00:55,0.0,0.0,12.0,0.0404,0.3156,21.79,-9.71,0.164,0.72,1,1,insulation_failure
2026-06-01T12:00:55.100000,0.0,0.0,12.0,0.0457,0.3367,21.53,-10.1,0.12,0.72,1,1,insulation_failure
2026-06-01T12:00:55.200000,0.0,0.0,12.0,0.047,0.2885,20.85,-10.13,0.224,0.72,1,1,insulation_failure
2026-06-01T12:00:55.300000,0.0,0.0,12.0,0.045,0.4736,21.24,-10.07,0.149,0.72,1,1,insulation_failure
2026-06-01T12:00:55.400000,0.0,0.0,12.0,0.036,0.295,21.23,-9.9,0.197,0.72,1,1,insulation_failure
2026-06-01T12:00:55.500000,0.0,0.0,12.0,0.0392,0.5287,21.46,-10.02,0.168,0.72,1,1,insulation_failure
2026-06-01T12:00:55.600000,0.0,0.0,12.0,0.0555,0.1753,21.14,-10.27,0.168,0.72,1,1,insulation_failure
2026-06-01T12:00:55.700000,0.0,0.0,12.0,0.0518,0.2373,21.32,-9.8,0.176,0.72,1,1,insulation_failure
2026-06-01T12:00:55.800000,0.0,0.0,12.0,0.0431,0.304,20.97,-9.93,0.143,0.72,1,1,insulation_failure
2026-06-01T12:00:55.900000,0.0,0.0,12.0,0.0508,0.2986,21.22,-9.95,0.165,0.72,1,1,insulation_failure
2026-06-01T12:00:56,0.0,0.0,12.0,0.0471,0.1558,21.44,-10.1,0.157,0.72,1,1,insulation_failure
2026-06-01T12:00:56.100000,0.0,0.0,12.0,0.0438,0.2693,21.63,-9.83,0.111,0.72,1,1,insulation_failure
2026-06-01T12:00:56.200000,0.0,0.0,12.0,0.0518,0.4733,21.24,-9.59,0.141,0.72,1,1,insulation_failure
2026-06-01T12:00:56.300000,0.0,0.0,12.0,0.0482,0.4272,20.94,-9.82,0.149,0.72,1,1,insulation_failure
2026-06-01T12:00:56.400000,0.0,0.0,12.0,0.053,0.1406,21.43,-9.94,0.184,0.72,1,1,insulation_failure
2026-06-01T12:00:56.500000,0.0,0.0,12.0,0.0569,0.2827,21.12,-9.85,0.173,0.72,1,1,insulation_failure
2026-06-01T12:00:56.600000,0.0,0.0,12.0,0.0524,0.1255,21.58,-9.67,0.205,0.72,1,1,insulation_failure
2026-06-01T12:00:56.700000,0.0,0.0,12.0,0.0394,0.2506,20.91,-9.88,0.079,0.72,1,1,insulation_failure
2026-06-01T12:00:56.800000,0.0,0.0,12.0,0.0494,0.369,20.97,-9.65,0.079,0.72,1,1,insulation_failure
2026-06-01T12:00:56.900000,0.0,0.0,12.0,0.0466,0.4837,21.39,-9.61,0.062,0.72,1,1,insulation_failure
2026-06-01T12:00:57,0.0,0.0,12.0,0.0543,0.3167,20.93,-9.75,0.049,0.72,1,1,insulation_failure
2026-06-01T12:00:57.100000,0.0,0.0,12.0,0.05,0.2277,20.69,-9.79,0.095,0.72,1,1,insulation_failure
2026-06-01T12:00:57.200000,0.0,0.0,12.0,0.0396,0.2262,21.23,-9.7,0.085,0.72,1,1,insulation_failure
2026-06-01T12:00:57.300000,0.0,0.0,12.0,0.0477,0.2132,20.86,-9.28,-0.003,0.72,1,1,insulation_failure
2026-06-01T12:00:57.400000,0.0,0.0,12.0,0.0562,0.4611,21.07,-9.41,0.08,0.72,1,1,insulation_failure
2026-06-01T12:00:57.500000,0.0,0.0,12.0,0.0496,0.2987,21.28,-9.61,0.119,0.72,1,1,insulation_failure
2026-06-01T12:00:57.600000,0.0,0.0,12.0,0.0477,0.3359,21.05,-9.57,0.073,0.72,1,1,insulation_failure
2026-06-01T12:00:57.700000,0.0,0.0,12.0,0.0519,0.1982,20.42,-9.67,0.02,0.72,1,1,insulation_failure
2026-06-01T12:00:57.800000,0.0,0.0,12.0,0.0502,0.2064,20.77,-9.75,0.02,0.72,1,1,insulation_failure
2026-06-01T12:00:57.900000,0.0,0.0,12.0,0.0458,0.133,20.56,-9.43,0.04,0.72,1,1,insulation_failure
2026-06-01T12:00:58,0.0,0.0,12.0,0.0402,0.341,20.73,-9.79,0.033,0.72,1,1,insulation_failure
2026-06-01T12:00:58.100000,0.0,0.0,12.0,0.0483,0.3832,20.63,-9.65,-0.033,0.72,1,1,insulation_failure
2026-06-01T12:00:58.200000,0.0,0.0,12.0,0.0553,0.3297,20.1,-9.46,-0.029,0.72,1,1,insulation_failure
2026-06-01T12:00:58.300000,0.0,0.0,12.0,0.0562,0.2957,20.41,-9.58,-0.065,0.72,1,1,insulation_failure
2026-06-01T12:00:58.400000,0.0,0.0,12.0,0.0366,0.3096,20.53,-9.66,-0.051,0.72,1,1,insulation_failure
2026-06-01T12:00:58.500000,0.0,0.0,12.0,0.0529,0.429,20.65,-9.58,-0.071,0.72,1,1,insulation_failure
2026-06-01T12:00:58.600000,0.0,0.0,12.0,0.0515,0.3062,20.19,-9.38,-0.048,0.72,1,1,insulation_failure
2026-06-01T12:00:58.700000,0.0,0.0,12.0,0.0501,0.366,20.45,-9.57,-0.08,0.72,1,1,insulation_failure
2026-06-01T12:00:58.800000,0.0,0.0,12.0,0.0513,0.2471,20.49,-9.59,-0.016,0.72,1,1,insulation_failure
2026-06-01T12:00:58.900000,0.0,0.0,12.0,0.0459,0.236,20.22,-9.36,0.003,0.72,1,1,insulation_failure
2026-06-01T12:00:59,0.0,0.0,12.0,0.0493,0.3584,20.39,-9.67,-0.128,0.72,1,1,insulation_failure
2026-06-01T12:00:59.100000,0.0,0.0,12.0,0.0463,0.3225,20.84,-9.53,-0.061,0.72,1,1,insulation_failure
2026-06-01T12:00:59.200000,0.0,0.0,12.0,0.0493,0.2798,20.52,-9.21,-0.113,0.72,1,1,insulation_failure
2026-06-01T12:00:59.300000,0.0,0.0,12.0,0.0592,0.1975,20.62,-9.11,-0.115,0.72,1,1,insulation_failure
2026-06-01T12:00:59.400000,0.0,0.0,12.0,0.0529,0.2213,20.14,-9.46,-0.079,0.72,1,1,insulation_failure
2026-06-01T12:00:59.500000,0.0,0.0,12.0,0.0488,0.2047,20.76,-9.51,-0.038,0.72,1,1,insulation_failure
2026-06-01T12:00:59.600000,0.0,0.0,12.0,0.0492,0.2124,20.46,-9.23,-0.103,0.72,1,1,insulation_failure
2026-06-01T12:00:59.700000,0.0,0.0,12.0,0.0583,0.1775,20.52,-9.15,0.025,0.72,1,1,insulation_failure
2026-06-01T12:00:59.800000,0.0,0.0,12.0,0.0485,0.3416,20.01,-9.26,-0.07,0.72,1,1,insulation_failure
2026-06-01T12:00:59.900000,0.0,0.0,12.0,0.0471,0.3168,20.98,-9.48,-0.173,0.72,1,1,insulation_failure
2026-06-01T12:01:00,0.0,0.0,12.0,0.0538,0.3049,20.4,-9.31,-0.162,0.72,1,1,insulation_failure
2026-06-01T12:01:00.100000,0.0,0.0,12.0,0.0526,0.3714,20.32,-9.42,-0.157,0.72,1,1,insulation_failure
2026-06-01T12:01:00.200000,0.0,0.0,12.0,0.0491,0.2422,20.68,-9.51,-0.237,0.72,1,1,insulation_failure
2026-06-01T12:01:00.300000,0.0,0.0,12.0,0.0593,0.3056,20.19,-9.44,-0.21,0.72,1,1,insulation_failure
2026-06-01T12:01:00.400000,0.0,0.0,12.0,0.0536,0.3111,20.26,-9.25,-0.204,0.72,1,1,insulation_failure
2026-06-01T12:01:00.500000,0.0,0.0,12.0,0.0503,0.3413,20.58,-9.07,-0.179,0.72,1,1,insulation_failure
2026-06-01T12:01:00.600000,0.0,0.0,12.0,0.0588,0.3073,20.37,-9.22,-0.31,0.72,1,1,insulation_failure
2026-06-01T12:01:00.700000,0.0,0.0,12.0,0.051,0.4597,20.12,-9.84,-0.15,0.72,1,1,insulation_failure
2026-06-01T12:01:00.800000,0.0,0.0,12.0,0.0525,0.4261,20.39,-8.99,-0.191,0.72,1,1,insulation_failure
2026-06-01T12:01:00.900000,0.0,0.0,12.0,0.0585,0.4831,20.21,-9.23,-0.298,0.72,1,1,insulation_failure
2026-06-01T12:01:01,0.0,0.0,12.0,0.0561,0.3976,20.59,-8.83,-0.212,0.72,1,1,insulation_failure
2026-06-01T12:01:01.100000,0.0,0.0,12.0,0.0574,0.4782,19.86,-9.22,-0.303,0.72,1,1,insulation_failure
2026-06-01T12:01:01.200000,0.0,0.0,12.0,0.0503,0.4105,19.87,-8.97,-0.207,0.72,1,1,insulation_failure
2026-06-01T12:01:01.300000,0.0,0.0,12.0,0.0644,0.4038,20.18,-9.0,-0.315,0.72,1,1,insulation_failure
2026-06-01T12:01:01.400000,0.0,0.0,12.0,0.0547,0.1558,20.18,-9.07,-0.316,0.72,1,1,insulation_failure
2026-06-01T12:01:01.500000,0.0,0.0,12.0,0.0546,0.1978,19.87,-9.22,-0.226,0.72,1,1,insulation_failure
2026-06-01T12:01:01.600000,0.0,0.0,12.0,0.0542,0.4528,20.47,-9.33,-0.294,0.72,1,1,insulation_failure
2026-06-01T12:01:01.700000,0.0,0.0,12.0,0.0601,0.2685,20.1,-9.06,-0.27,0.72,1,1,insulation_failure
2026-06-01T12:01:01.800000,0.0,0.0,12.0,0.059,0.3729,20.28,-9.14,-0.342,0.72,1,1,insulation_failure
2026-06-01T12:01:01.900000,0.0,0.0,12.0,0.062,0.2528,19.01,-8.96,-0.262,0.72,1,1,insulation_failure
2026-06-01T12:01:02,0.0,0.0,12.0,0.0481,0.4212,19.72,-9.04,-0.429,0.72,1,1,insulation_failure
2026-06-01T12:01:02.100000,0.0,0.0,12.0,0.0578,0.5721,19.73,-9.33,-0.3,0.72,1,1,insulation_failure
2026-06-01T12:01:02.200000,0.0,0.0,12.0,0.0466,0.4054,19.9,-9.39,-0.34,0.72,1,1,insulation_failure
2026-06-01T12:01:02.300000,0.0,0.0,12.0,0.0556,0.3323,20.16,-9.16,-0.38,0.72,1,1,insulation_failure
2026-06-01T12:01:02.400000,0.0,0.0,12.0,0.0509,0.4464,19.29,-9.18,-0.41,0.72,1,1,insulation_failure
2026-06-01T12:01:02.500000,0.0,0.0,12.0,0.0543,0.3439,19.87,-8.97,-0.355,0.72,1,1,insulation_failure
2026-06-01T12:01:02.600000,0.0,0.0,12.0,0.0506,0.4187,19.48,-8.83,-0.351,0.72,1,1,insulation_failure
2026-06-01T12:01:02.700000,0.0,0.0,12.0,0.0567,0.5456,19.98,-9.09,-0.381,0.72,1,1,insulation_failure
2026-06-01T12:01:02.800000,0.0,0.0,12.0,0.0525,0.2836,19.67,-8.85,-0.342,0.72,1,1,insulation_failure
2026-06-01T12:01:02.900000,0.0,0.0,12.0,0.0658,0.5476,19.48,-9.04,-0.388,0.72,1,1,insulation_failure
2026-06-01T12:01:03,0.0,0.0,12.0,0.0592,0.4158,19.22,-8.79,-0.458,0.72,1,1,insulation_failure
2026-06-01T12:01:03.100000,0.0,0.0,12.0,0.0663,0.3371,19.42,-8.68,-0.383,0.72,1,1,insulation_failure
2026-06-01T12:01:03.200000,0.0,0.0,12.0,0.0613,0.4773,19.73,-9.21,-0.494,0.72,1,1,insulation_failure
2026-06-01T12:01:03.300000,0.0,0.0,12.0,0.0548,0.3881,19.19,-9.03,-0.465,0.72,1,1,insulation_failure
2026-06-01T12:01:03.400000,0.0,0.0,12.0,0.0644,0.3224,19.81,-9.1,-0.514,0.72,1,1,insulation_failure
2026-06-01T12:01:03.500000,0.0,0.0,12.0,0.0585,0.314,19.63,-8.53,-0.493,0.72,1,1,insulation_failure
2026-06-01T12:01:03.600000,0.0,0.0,12.0,0.0597,0.4071,19.29,-9.03,-0.49,0.72,1,1,insulation_failure
2026-06-01T12:01:03.700000,0.0,0.0,12.0,0.0625,0.3711,19.07,-8.54,-0.519,0.72,1,1,insulation_failure
2026-06-01T12:01:03.800000,0.0,0.0,12.0,0.0602,0.391,19.8,-8.79,-0.524,0.72,1,1,insulation_failure
2026-06-01T12:01:03.900000,0.0,0.0,12.0,0.0541,0.4589,19.11,-8.94,-0.445,0.72,1,1,insulation_failure
2026-06-01T12:01:04,0.0,0.0,12.0,0.0541,0.4631,19.64,-8.64,-0.489,0.72,1,1,insulation_failure
2026-06-01T12:01:04.100000,0.0,0.0,12.0,0.0618,0.2928,19.39,-8.5,-0.533,0.72,1,1,insulation_failure
2026-06-01T12:01:04.200000,0.0,0.0,12.0,0.0517,0.4086,19.54,-8.86,-0.488,0.72,1,1,insulation_failure
2026-06-01T12:01:04.300000,0.0,0.0,12.0,0.0615,0.4615,18.69,-8.84,-0.528,0.72,1,1,insulation_failure
2026-06-01T12:01:04.400000,0.0,0.0,12.0,0.0644,0.4877,19.27,-8.86,-0.61,0.72,1,1,insulation_failure
2026-06-01T12:01:04.500000,0.0,0.0,12.0,0.0521,0.4925,18.83,-9.08,-0.56,0.72,1,1,insulation_failure
2026-06-01T12:01:04.600000,0.0,0.0,12.0,0.0592,0.606,19.63,-8.86,-0.627,0.72,1,1,insulation_failure
2026-06-01T12:01:04.700000,0.0,0.0,12.0,0.0652,0.274,19.59,-8.7,-0.524,0.72,1,1,insulation_failure
2026-06-01T12:01:04.800000,0.0,0.0,12.0,0.0651,0.4281,19.16,-8.76,-0.488,0.72,1,1,insulation_failure
2026-06-01T12:01:04.900000,0.0,0.0,12.0,0.062,0.3178,19.12,-9.02,-0.542,0.72,1,1,insulation_failure
2026-06-01T12:01:05,0.0,0.0,12.0,0.0657,0.4842,19.33,-8.39,-0.651,0.72,1,1,insulation_failure
2026-06-01T12:01:05.100000,0.0,0.0,12.0,0.0669,0.4339,19.35,-8.87,-0.575,0.72,1,1,insulation_failure
2026-06-01T12:01:05.200000,0.0,0.0,12.0,0.0657,0.3921,19.2,-8.63,-0.603,0.72,1,1,insulation_failure
2026-06-01T12:01:05.300000,0.0,0.0,12.0,0.0597,0.3826,19.48,-8.52,-0.565,0.72,1,1,insulation_failure
2026-06-01T12:01:05.400000,0.0,0.0,12.0,0.0621,0.4549,19.26,-8.76,-0.592,0.72,1,1,insulation_failure
2026-06-01T12:01:05.500000,0.0,0.0,12.0,0.0629,0.3281,18.86,-8.74,-0.668,0.72,1,1,insulation_failure
2026-06-01T12:01:05.600000,0.0,0.0,12.0,0.0644,0.2484,19.01,-8.25,-0.651,0.72,1,1,insulation_failure
2026-06-01T12:01:05.700000,0.0,0.0,12.0,0.0576,0.38,19.02,-8.41,-0.633,0.72,1,1,insulation_failure
2026-06-01T12:01:05.800000,0.0,0.0,12.0,0.0602,0.2163,19.2,-8.54,-0.684,0.72,1,1,insulation_failure
2026-06-01T12:01:05.900000,0.0,0.0,12.0,0.0633,0.3011,19.52,-8.72,-0.689,0.72,1,1,insulation_failure
2026-06-01T12:01:06,0.0,0.0,12.0,0.0699,0.4086,18.83,-8.52,-0.704,0.72,1,1,insulation_failure
2026-06-01T12:01:06.100000,0.0,0.0,12.0,0.0659,0.4266,18.92,-8.47,-0.642,0.72,1,1,insulation_failure
2026-06-01T12:01:06.200000,0.0,0.0,12.0,0.0632,0.3186,19.17,-8.59,-0.764,0.72,1,1,insulation_failure
2026-06-01T12:01:06.300000,0.0,0.0,12.0,0.0616,0.3295,18.75,-8.42,-0.657,0.72,1,1,insulation_failure
2026-06-01T12:01:06.400000,0.0,0.0,12.0,0.0691,0.3577,18.51,-8.33,-0.678,0.72,1,1,insulation_failure
2026-06-01T12:01:06.500000,0.0,0.0,12.0,0.0599,0.4384,19.19,-8.43,-0.598,0.72,1,1,insulation_failure
2026-06-01T12:01:06.600000,0.0,0.0,12.0,0.0628,0.5355,18.73,-8.33,-0.755,0.72,1,1,insulation_failure
2026-06-01T12:01:06.700000,0.0,0.0,12.0,0.0669,0.5657,19.16,-8.16,-0.758,0.72,1,1,insulation_failure
2026-06-01T12:01:06.800000,0.0,0.0,12.0,0.0607,0.4821,18.42,-8.34,-0.761,0.72,1,1,insulation_failure
2026-06-01T12:01:06.900000,0.0,0.0,12.0,0.0683,0.4882,19.03,-8.55,-0.765,0.72,1,1,insulation_failure
2026-06-01T12:01:07,0.0,0.0,12.0,0.0668,0.4314,19.0,-8.83,-0.667,0.72,1,1,insulation_failure
2026-06-01T12:01:07.100000,0.0,0.0,12.0,0.0707,0.5493,18.25,-8.6,-0.791,0.72,1,1,insulation_failure
2026-06-01T12:01:07.200000,0.0,0.0,12.0,0.0606,0.4559,19.4,-8.73,-0.765,0.72,1,1,insulation_failure
2026-06-01T12:01:07.300000,0.0,0.0,12.0,0.065,0.3953,18.75,-8.54,-0.7,0.72,1,1,insulation_failure
2026-06-01T12:01:07.400000,0.0,0.0,12.0,0.062,0.5836,18.76,-8.34,-0.806,0.72,1,1,insulation_failure
2026-06-01T12:01:07.500000,0.0,0.0,12.0,0.0583,0.2931,18.35,-8.27,-0.761,0.72,1,1,insulation_failure
2026-06-01T12:01:07.600000,0.0,0.0,12.0,0.0591,0.5302,18.42,-8.6,-0.837,0.72,1,1,insulation_failure
2026-06-01T12:01:07.700000,0.0,0.0,12.0,0.069,0.618,18.44,-8.25,-0.844,0.72,1,1,insulation_failure
2026-06-01T12:01:07.800000,0.0,0.0,12.0,0.0693,0.5803,18.42,-8.48,-0.87,0.72,1,1,insulation_failure
2026-06-01T12:01:07.900000,0.0,0.0,12.0,0.0545,0.4375,18.36,-8.18,-0.858,0.72,1,1,insulation_failure
2026-06-01T12:01:08,0.0,0.0,12.0,0.0605,0.3876,18.6,-8.39,-0.726,0.72,1,1,insulation_failure
2026-06-01T12:01:08.100000,0.0,0.0,12.0,0.0778,0.5083,17.95,-8.05,-0.918,0.72,1,1,insulation_failure
2026-06-01T12:01:08.200000,0.0,0.0,12.0,0.0738,0.3811,18.19,-8.22,-0.799,0.72,1,1,insulation_failure
2026-06-01T12:01:08.300000,0.0,0.0,12.0,0.0616,0.442,18.24,-8.26,-0.824,0.72,1,1,insulation_failure
2026-06-01T12:01:08.400000,0.0,0.0,12.0,0.0589,0.3425,18.04,-8.29,-0.899,0.72,1,1,insulation_failure
2026-06-01T12:01:08.500000,0.0,0.0,12.0,0.0692,0.6242,18.29,-8.12,-0.919,0.72,1,1,insulation_failure
2026-06-01T12:01:08.600000,0.0,0.0,12.0,0.0707,0.5708,18.31,-8.2,-0.825,0.72,1,1,insulation_failure
2026-06-01T12:01:08.700000,0.0,0.0,12.0,0.0787,0.6324,18.46,-8.29,-0.868,0.72,1,1,insulation_failure
2026-06-01T12:01:08.800000,0.0,0.0,12.0,0.0753,0.3376,18.44,-7.93,-0.983,0.72,1,1,insulation_failure
2026-06-01T12:01:08.900000,0.0,0.0,12.0,0.0648,0.4108,18.34,-8.35,-0.968,0.72,1,1,insulation_failure
2026-06-01T12:01:09,0.0,0.0,12.0,0.0673,0.5658,18.34,-8.48,-0.92,0.72,1,1,insulation_failure
2026-06-01T12:01:09.100000,0.0,0.0,12.0,0.0678,0.543,18.17,-8.53,-0.943,0.72,1,1,insulation_failure
2026-06-01T12:01:09.200000,0.0,0.0,12.0,0.0653,0.5655,18.22,-8.15,-0.98,0.72,1,1,insulation_failure
2026-06-01T12:01:09.300000,0.0,0.0,12.0,0.0761,0.5263,17.93,-8.52,-0.965,0.72,1,1,insulation_failure
2026-06-01T12:01:09.400000,0.0,0.0,12.0,0.069,0.4645,17.79,-8.24,-0.897,0.72,1,1,insulation_failure
2026-06-01T12:01:09.500000,0.0,0.0,12.0,0.071,0.628,18.12,-7.65,-0.908,0.72,1,1,insulation_failure
2026-06-01T12:01:09.600000,0.0,0.0,12.0,0.0654,0.4584,18.18,-8.47,-0.943,0.72,1,1,insulation_failure
2026-06-01T12:01:09.700000,0.0,0.0,12.0,0.0702,0.6046,18.25,-7.77,-0.938,0.72,1,1,insulation_failure
2026-06-01T12:01:09.800000,0.0,0.0,12.0,0.0672,0.5968,18.31,-8.34,-0.938,0.72,1,1,insulation_failure
2026-06-01T12:01:09.900000,0.0,0.0,12.0,0.0652,0.4396,17.72,-7.89,-0.997,0.72,1,1,insulation_failure
2026-06-01T12:01:10,0.0,0.0,12.0,2.076,8.1974,11.79,-5.64,-1.808,0.72,1,1,anchor_drag
2026-06-01T12:01:10.100000,0.0,0.0,12.0,2.135,8.504,12.35,-5.75,-2.054,0.72,1,1,anchor_drag
2026-06-01T12:01:10.200000,0.0,0.0,12.0,2.1825,8.5288,12.81,-5.62,-1.945,0.72,1,1,anchor_drag
2026-06-01T12:01:10.300000,0.0,0.0,12.0,2.057,6.5846,12.02,-5.37,-2.101,0.72,1,1,anchor_drag
2026-06-01T12:01:10.400000,0.0,0.0,12.0,1.6814,7.2261,11.44,-5.76,-1.951,0.72,1,1,anchor_drag
2026-06-01T12:01:10.500000,0.0,0.0,12.0,1.8756,8.1758,11.55,-5.86,-2.104,0.72,1,1,anchor_drag
2026-06-01T12:01:10.600000,0.0,0.0,12.0,1.8343,7.1539,11.76,-6.09,-1.836,0.72,1,1,anchor_drag
2026-06-01T12:01:10.700000,0.0,0.0,12.0,1.6835,8.4856,11.84,-5.99,-1.948,0.72,1,1,anchor_drag
2026-06-01T12:01:10.800000,0.0,0.0,12.0,1.9728,7.4718,11.25,-6.29,-1.98,0.72,1,1,anchor_drag
2026-06-01T12:01:10.900000,0.0,0.0,12.0,1.7367,8.3378,11.92,-6.19,-2.028,0.72,1,1,anchor_drag
2026-06-01T12:01:11,0.0,0.0,12.0,1.7775,7.7472,11.52,-5.98,-1.879,0.72,1,1,anchor_drag
2026-06-01T12:01:11.100000,0.0,0.0,12.0,1.5297,7.7343,12.16,-6.27,-1.989,0.72,1,1,anchor_drag
2026-06-01T12:01:11.200000,0.0,0.0,12.0,2.1323,8.269,13.24,-6.32,-1.874,0.72,1,1,anchor_drag
2026-06-01T12:01:11.300000,0.0,0.0,12.0,1.7516,8.5364,12.56,-5.74,-1.917,0.72,1,1,anchor_drag
2026-06-01T12:01:11.400000,0.0,0.0,12.0,1.7301,8.1446,11.37,-6.06,-2.003,0.72,1,1,anchor_drag
2026-06-01T12:01:11.500000,0.0,0.0,12.0,2.1792,8.5655,12.43,-6.39,-2.02,0.72,1,1,anchor_drag
2026-06-01T12:01:11.600000,0.0,0.0,12.0,1.8766,7.8141,11.26,-6.26,-1.954,0.72,1,1,anchor_drag
2026-06-01T12:01:11.700000,0.0,0.0,12.0,1.8148,8.3121,12.18,-6.07,-1.963,0.72,1,1,anchor_drag
2026-06-01T12:01:11.800000,0.0,0.0,12.0,1.6676,8.3517,11.43,-6.33,-1.97,0.72,1,1,anchor_drag
2026-06-01T12:01:11.900000,0.0,0.0,12.0,2.0253,8.1928,11.68,-5.6,-2.095,0.72,1,1,anchor_drag
2026-06-01T12:01:12,0.0,0.0,12.0,2.2036,7.9193,11.87,-6.03,-1.958,0.72,1,1,anchor_drag
2026-06-01T12:01:12.100000,0.0,0.0,12.0,2.0071,9.1409,12.13,-5.94,-1.791,0.72,1,1,anchor_drag
2026-06-01T12:01:12.200000,0.0,0.0,12.0,1.8904,8.3054,11.84,-6.06,-2.125,0.72,1,1,anchor_drag
2026-06-01T12:01:12.300000,0.0,0.0,12.0,2.0698,7.9786,11.67,-5.89,-2.208,0.72,1,1,anchor_drag
2026-06-01T12:01:12.400000,0.0,0.0,12.0,1.8529,7.9096,11.32,-5.72,-1.916,0.72,1,1,anchor_drag
2026-06-01T12:01:12.500000,0.0,0.0,12.0,1.9328,7.5728,12.1,-6.11,-1.932,0.72,1,1,anchor_drag
2026-06-01T12:01:12.600000,0.0,0.0,12.0,1.6264,7.5524,12.56,-6.52,-2.004,0.72,1,1,anchor_drag
2026-06-01T12:01:12.700000,0.0,0.0,12.0,1.7982,8.0758,12.31,-5.57,-2.021,0.72,1,1,anchor_drag
2026-06-01T12:01:12.800000,0.0,0.0,12.0,1.7257,8.89,11.28,-6.17,-2.058,0.72,1,1,anchor_drag
2026-06-01T12:01:12.900000,0.0,0.0,12.0,1.5341,8.1082,11.02,-6.22,-2.013,0.72,1,1,anchor_drag
2026-06-01T12:01:13,0.0,0.0,12.0,2.0253,8.31,12.07,-5.87,-1.861,0.72,1,1,anchor_drag
2026-06-01T12:01:13.100000,0.0,0.0,12.0,1.7632,7.5683,12.44,-5.72,-2.097,0.72,1,1,anchor_drag
2026-06-01T12:01:13.200000,0.0,0.0,12.0,1.9876,8.1359,11.33,-5.45,-2.001,0.72,1,1,anchor_drag
2026-06-01T12:01:13.300000,0.0,0.0,12.0,1.7396,7.6117,11.45,-5.97,-2.041,0.72,1,1,anchor_drag
2026-06-01T12:01:13.400000,0.0,0.0,12.0,2.0894,8.1691,11.86,-5.76,-1.895,0.72,1,1,anchor_drag
2026-06-01T12:01:13.500000,0.0,0.0,12.0,1.9735,7.6994,11.76,-5.73,-1.871,0.72,1,1,anchor_drag
2026-06-01T12:01:13.600000,0.0,0.0,12.0,1.7786,7.4151,11.79,-5.7,-1.928,0.72,1,1,anchor_drag
2026-06-01T12:01:13.700000,0.0,0.0,12.0,1.9805,8.4919,11.85,-6.22,-2.001,0.72,1,1,anchor_drag
2026-06-01T12:01:13.800000,0.0,0.0,12.0,1.5948,8.8305,11.7,-5.68,-1.983,0.72,1,1,anchor_drag
2026-06-01T12:01:13.900000,0.0,0.0,12.0,1.866,8.1835,12.05,-6.19,-2.029,0.72,1,1,anchor_drag
2026-06-01T12:01:14,0.0,0.0,12.0,1.7341,7.9054,12.37,-6.25,-1.967,0.72,1,1,anchor_drag
2026-06-01T12:01:14.100000,0.0,0.0,12.0,1.8599,7.6062,12.65,-6.06,-1.989,0.72,1,1,anchor_drag
2026-06-01T12:01:14.200000,0.0,0.0,12.0,1.6534,8.2036,11.49,-5.99,-2.002,0.72,1,1,anchor_drag
2026-06-01T12:01:14.300000,0.0,0.0,12.0,1.757,7.7441,12.04,-5.72,-1.951,0.72,1,1,anchor_drag
2026-06-01T12:01:14.400000,0.0,0.0,12.0,1.7779,7.6905,13.02,-5.53,-2.1,0.72,1,1,anchor_drag
2026-06-01T12:01:14.500000,0.0,0.0,12.0,1.6069,8.6678,12.61,-6.07,-1.908,0.72,1,1,anchor_drag
2026-06-01T12:01:14.600000,0.0,0.0,12.0,1.7046,8.4463,11.47,-5.33,-2.114,0.72,1,1,anchor_drag
2026-06-01T12:01:14.700000,0.0,0.0,12.0,1.9843,8.3172,11.39,-6.08,-2.098,0.72,1,1,anchor_drag
2026-06-01T12:01:14.800000,0.0,0.0,12.0,1.8333,9.0418,12.02,-5.83,-1.939,0.72,1,1,anchor_drag
2026-06-01T12:01:14.900000,0.0,0.0,12.0,2.0247,7.085,11.13,-5.91,-2.049,0.72,1,1,anchor_drag
2026-06-01T12:01:15,0.0,0.0,12.0,1.4964,8.4481,13.19,-5.97,-1.786,0.72,1,1,anchor_drag
2026-06-01T12:01:15.100000,0.0,0.0,12.0,1.5032,9.2514,12.03,-5.83,-2.09,0.72,1,1,anchor_drag
2026-06-01T12:01:15.200000,0.0,0.0,12.0,1.7133,8.1424,12.76,-6.65,-2.142,0.72,1,1,anchor_drag
2026-06-01T12:01:15.300000,0.0,0.0,12.0,1.8763,7.582,12.69,-6.0,-1.881,0.72,1,1,anchor_drag
2026-06-01T12:01:15.400000,0.0,0.0,12.0,1.5976,7.2213,11.18,-5.81,-2.037,0.72,1,1,anchor_drag
2026-06-01T12:01:15.500000,0.0,0.0,12.0,1.7054,7.8141,12.23,-6.03,-2.041,0.72,1,1,anchor_drag
2026-06-01T12:01:15.600000,0.0,0.0,12.0,1.738,8.898,11.69,-5.57,-1.902,0.72,1,1,anchor_drag
2026-06-01T12:01:15.700000,0.0,0.0,12.0,1.7035,8.5851,13.0,-5.46,-1.912,0.72,1,1,anchor_drag
2026-06-01T12:01:15.800000,0.0,0.0,12.0,1.6264,7.5179,11.97,-5.4,-2.009,0.72,1,1,anchor_drag
2026-06-01T12:01:15.900000,0.0,0.0,12.0,1.8015,7.4317,10.98,-6.6,-1.967,0.72,1,1,anchor_drag
2026-06-01T12:01:16,0.0,0.0,12.0,1.6668,7.8335,11.71,-6.11,-1.956,0.72,1,1,anchor_drag
2026-06-01T12:01:16.100000,0.0,0.0,12.0,1.6304,7.5705,12.45,-6.07,-2.039,0.72,1,1,anchor_drag
2026-06-01T12:01:16.200000,0.0,0.0,12.0,2.2803,8.0574,12.81,-6.45,-2.194,0.72,1,1,anchor_drag
2026-06-01T12:01:16.300000,0.0,0.0,12.0,2.0119,8.6201,12.39,-6.48,-1.918,0.72,1,1,anchor_drag
2026-06-01T12:01:16.400000,0.0,0.0,12.0,1.6497,8.2277,11.43,-5.82,-2.026,0.72,1,1,anchor_drag
2026-06-01T12:01:16.500000,0.0,0.0,12.0,1.8309,7.9345,12.86,-5.77,-2.118,0.72,1,1,anchor_drag
2026-06-01T12:01:16.600000,0.0,0.0,12.0,1.4679,8.0731,12.82,-6.5,-1.942,0.72,1,1,anchor_drag
2026-06-01T12:01:16.700000,0.0,0.0,12.0,1.6837,7.3947,12.51,-6.23,-1.796,0.72,1,1,anchor_drag
2026-06-01T12:01:16.800000,0.0,0.0,12.0,1.3774,8.8409,11.79,-5.7,-2.04,0.72,1,1,anchor_drag
2026-06-01T12:01:16.900000,0.0,0.0,12.0,1.853,6.9841,11.92,-5.73,-1.938,0.72,1,1,anchor_drag
2026-06-01T12:01:17,0.0,0.0,12.0,1.7795,7.2129,11.75,-5.81,-1.953,0.72,1,1,anchor_drag
2026-06-01T12:01:17.100000,0.0,0.0,12.0,1.6913,8.4346,11.41,-5.86,-2.047,0.72,1,1,anchor_drag
2026-06-01T12:01:17.200000,0.0,0.0,12.0,1.8497,7.5639,12.19,-6.13,-1.997,0.72,1,1,anchor_drag
2026-06-01T12:01:17.300000,0.0,0.0,12.0,1.8507,8.0864,11.74,-5.89,-2.119,0.72,1,1,anchor_drag
2026-06-01T12:01:17.400000,0.0,0.0,12.0,2.2078,8.2775,11.95,-6.23,-2.025,0.72,1,1,anchor_drag
2026-06-01T12:01:17.500000,0.0,0.0,12.0,1.9296,8.1881,11.45,-6.14,-1.871,0.72,1,1,anchor_drag
2026-06-01T12:01:17.600000,0.0,0.0,12.0,1.8146,8.6404,11.59,-6.29,-2.01,0.72,1,1,anchor_drag
2026-06-01T12:01:17.700000,0.0,0.0,12.0,1.8202,8.3274,13.33,-6.15,-2.143,0.72,1,1,anchor_drag
2026-06-01T12:01:17.800000,0.0,0.0,12.0,1.5916,8.4415,12.21,-6.17,-2.067,0.72,1,1,anchor_drag
2026-06-01T12:01:17.900000,0.0,0.0,12.0,1.8122,8.7197,12.12,-5.85,-1.952,0.72,1,1,anchor_drag
2026-06-01T12:01:18,0.0,0.0,12.0,1.7909,7.5607,12.23,-6.28,-2.003,0.72,1,1,anchor_drag
2026-06-01T12:01:18.100000,0.0,0.0,12.0,2.4755,7.7558,11.96,-6.21,-1.985,0.72,1,1,anchor_drag
2026-06-01T12:01:18.200000,0.0,0.0,12.0,1.9973,7.3081,12.17,-6.53,-2.167,0.72,1,1,anchor_drag
2026-06-01T12:01:18.300000,0.0,0.0,12.0,1.5885,8.1372,12.0,-6.41,-1.785,0.72,1,1,anchor_drag
2026-06-01T12:01:18.400000,0.0,0.0,12.0,1.9635,8.2603,11.5,-5.92,-1.967,0.72,1,1,anchor_drag
2026-06-01T12:01:18.500000,0.0,0.0,12.0,1.6736,7.7324,12.13,-5.83,-2.101,0.72,1,1,anchor_drag
2026-06-01T12:01:18.600000,0.0,0.0,12.0,1.8908,6.3949,12.34,-6.4,-2.005,0.72,1,1,anchor_drag
2026-06-01T12:01:18.700000,0.0,0.0,12.0,1.7956,7.1677,12.69,-6.1,-2.119,0.72,1,1,anchor_drag
2026-06-01T12:01:18.800000,0.0,0.0,12.0,1.7104,8.2992,12.5,-5.73,-1.91,0.72,1,1,anchor_drag
2026-06-01T12:01:18.900000,0.0,0.0,12.0,1.5293,7.3814,11.9,-5.83,-1.949,0.72,1,1,anchor_drag
2026-06-01T12:01:19,0.0,0.0,12.0,1.7862,7.8555,12.13,-6.03,-2.054,0.72,1,1,anchor_drag
2026-06-01T12:01:19.100000,0.0,0.0,12.0,1.3753,9.2214,12.63,-6.0,-2.018,0.72,1,1,anchor_drag
2026-06-01T12:01:19.200000,0.0,0.0,12.0,1.6588,8.1648,12.46,-6.1,-1.991,0.72,1,1,anchor_drag
2026-06-01T12:01:19.300000,0.0,0.0,12.0,2.1987,7.9593,11.81,-6.09,-1.866,0.72,1,1,anchor_drag
2026-06-01T12:01:19.400000,0.0,0.0,12.0,1.5836,8.2816,12.15,-6.0,-2.033,0.72,1,1,anchor_drag
2026-06-01T12:01:19.500000,0.0,0.0,12.0,1.7659,8.3929,12.62,-5.59,-2.018,0.72,1,1,anchor_drag
2026-06-01T12:01:19.600000,0.0,0.0,12.0,1.453,7.6413,12.72,-5.65,-1.967,0.72,1,1,anchor_drag
2026-06-01T12:01:19.700000,0.0,0.0,12.0,1.7236,8.2202,11.36,-6.03,-2.145,0.72,1,1,anchor_drag
2026-06-01T12:01:19.800000,0.0,0.0,12.0,1.5839,7.4854,11.97,-5.6,-2.148,0.72,1,1,anchor_drag
2026-06-01T12:01:19.900000,0.0,0.0,12.0,1.7858,8.0652,12.31,-5.87,-2.103,0.72,1,1,anchor_drag
2026-06-01T12:01:20,0.0,0.0,12.0,1.8976,7.7155,12.66,-5.93,-2.041,0.72,1,1,anchor_drag
2026-06-01T12:01:20.100000,0.0,0.0,12.0,1.6966,7.8665,12.1,-6.33,-1.994,0.72,1,1,anchor_drag
2026-06-01T12:01:20.200000,0.0,0.0,12.0,1.7516,9.0284,12.91,-6.26,-1.993,0.72,1,1,anchor_drag
2026-06-01T12:01:20.300000,0.0,0.0,12.0,1.918,7.7923,11.9,-6.1,-1.937,0.72,1,1,anchor_drag
2026-06-01T12:01:20.400000,0.0,0.0,12.0,1.8288,7.7206,12.37,-5.99,-1.955,0.72,1,1,anchor_drag
2026-06-01T12:01:20.500000,0.0,0.0,12.0,1.5881,8.3422,11.48,-5.95,-1.947,0.72,1,1,anchor_drag
2026-06-01T12:01:20.600000,0.0,0.0,12.0,1.7534,8.9404,11.22,-5.95,-2.037,0.72,1,1,anchor_drag
2026-06-01T12:01:20.700000,0.0,0.0,12.0,1.9137,7.8645,11.67,-6.14,-1.995,0.72,1,1,anchor_drag
2026-06-01T12:01:20.800000,0.0,0.0,12.0,1.5784,7.77,11.97,-5.87,-1.965,0.72,1,1,anchor_drag
2026-06-01T12:01:20.900000,0.0,0.0,12.0,1.5345,7.8611,12.27,-5.7,-1.869,0.72,1,1,anchor_drag
2026-06-01T12:01:21,0.0,0.0,12.0,1.3889,8.2826,12.59,-6.07,-2.082,0.72,1,1,anchor_drag
2026-06-01T12:01:21.100000,0.0,0.0,12.0,1.6623,8.7679,13.05,-6.42,-1.536,0.72,1,1,anchor_drag
2026-06-01T12:01:21.200000,0.0,0.0,12.0,1.6528,9.0561,11.61,-5.84,-2.04,0.72,1,1,anchor_drag
2026-06-01T12:01:21.300000,0.0,0.0,12.0,1.764,7.1947,12.54,-6.51,-2.02,0.72,1,1,anchor_drag
2026-06-01T12:01:21.400000,0.0,0.0,12.0,1.7251,7.6512,12.46,-5.75,-2.042,0.72,1,1,anchor_drag
2026-06-01T12:01:21.500000,0.0,0.0,12.0,1.4796,7.7887,12.35,-6.27,-1.846,0.72,1,1,anchor_drag
2026-06-01T12:01:21.600000,0.0,0.0,12.0,1.7078,7.2612,11.11,-5.74,-2.004,0.72,1,1,anchor_drag
2026-06-01T12:01:21.700000,0.0,0.0,12.0,1.7347,7.5571,11.75,-5.61,-2.009,0.72,1,1,anchor_drag
2026-06-01T12:01:21.800000,0.0,0.0,12.0,1.8636,7.2361,12.01,-5.83,-1.949,0.72,1,1,anchor_drag
2026-06-01T12:01:21.900000,0.0,0.0,12.0,1.8959,7.9614,10.46,-5.56,-1.739,0.72,1,1,anchor_drag
2026-06-01T12:01:22,0.0,0.0,12.0,1.793,7.7491,12.83,-5.45,-2.073,0.72,1,1,anchor_drag
2026-06-01T12:01:22.100000,0.0,0.0,12.0,1.957,8.0027,11.58,-5.91,-1.892,0.72,1,1,anchor_drag
2026-06-01T12:01:22.200000,0.0,0.0,12.0,1.5736,7.7727,11.94,-6.2,-2.051,0.72,1,1,anchor_drag
2026-06-01T12:01:22.300000,0.0,0.0,12.0,1.9659,8.4012,11.85,-5.48,-1.928,0.72,1,1,anchor_drag
2026-06-01T12:01:22.400000,0.0,0.0,12.0,2.1093,8.4089,12.31,-5.91,-2.108,0.72,1,1,anchor_drag
2026-06-01T12:01:22.500000,0.0,0.0,12.0,1.8696,7.691,12.51,-5.34,-1.856,0.72,1,1,anchor_drag
2026-06-01T12:01:22.600000,0.0,0.0,12.0,1.6891,8.2107,12.18,-6.02,-1.927,0.72,1,1,anchor_drag
2026-06-01T12:01:22.700000,0.0,0.0,12.0,2.1344,7.9269,11.65,-6.28,-1.966,0.72,1,1,anchor_drag
2026-06-01T12:01:22.800000,0.0,0.0,12.0,1.41,7.7096,12.71,-5.9,-2.001,0.72,1,1,anchor_drag
2026-06-01T12:01:22.900000,0.0,0.0,12.0,1.3596,8.3495,11.57,-6.63,-1.966,0.72,1,1,anchor_drag
2026-06-01T12:01:23,0.0,0.0,12.0,1.8568,8.1221,12.58,-5.73,-2.015,0.72,1,1,anchor_drag
2026-06-01T12:01:23.100000,0.0,0.0,12.0,1.6054,8.1952,12.36,-6.47,-1.895,0.72,1,1,anchor_drag
2026-06-01T12:01:23.200000,0.0,0.0,12.0,1.7251,7.3239,11.73,-6.34,-1.822,0.72,1,1,anchor_drag
2026-06-01T12:01:23.300000,0.0,0.0,12.0,1.8824,7.0931,12.07,-6.53,-1.962,0.72,1,1,anchor_drag
2026-06-01T12:01:23.400000,0.0,0.0,12.0,1.5874,7.1736,11.12,-5.63,-1.947,0.72,1,1,anchor_drag
2026-06-01T12:01:23.500000,0.0,0.0,12.0,1.7037,7.4994,12.93,-6.29,-2.038,0.72,1,1,anchor_drag
2026-06-01T12:01:23.600000,0.0,0.0,12.0,2.1766,6.8713,11.82,-6.07,-1.9,0.72,1,1,anchor_drag
2026-06-01T12:01:23.700000,0.0,0.0,12.0,1.905,7.8512,12.96,-6.04,-1.901,0.72,1,1,anchor_drag
2026-06-01T12:01:23.800000,0.0,0.0,12.0,2.1071,8.2955,12.82,-5.8,-1.929,0.72,1,1,anchor_drag
2026-06-01T12:01:23.900000,0.0,0.0,12.0,2.0962,7.5823,10.59,-5.92,-2.069,0.72,1,1,anchor_drag
2026-06-01T12:01:24,0.0,0.0,12.0,1.9848,8.2607,12.13,-5.93,-2.13,0.72,1,1,anchor_drag
2026-06-01T12:01:24.100000,0.0,0.0,12.0,1.779,8.0784,11.46,-5.61,-2.062,0.72,1,1,anchor_drag
2026-06-01T12:01:24.200000,0.0,0.0,12.0,1.7711,7.6525,11.54,-6.07,-1.889,0.72,1,1,anchor_drag
2026-06-01T12:01:24.300000,0.0,0.0,12.0,1.9378,7.9187,11.88,-6.48,-2.034,0.72,1,1,anchor_drag
2026-06-01T12:01:24.400000,0.0,0.0,12.0,2.02,8.0054,11.75,-5.92,-1.812,0.72,1,1,anchor_drag
2026-06-01T12:01:24.500000,0.0,0.0,12.0,1.646,9.0795,12.17,-6.15,-2.07,0.72,1,1,anchor_drag
2026-06-01T12:01:24.600000,0.0,0.0,12.0,1.568,8.5074,11.7,-6.02,-2.102,0.72,1,1,anchor_drag
2026-06-01T12:01:24.700000,0.0,0.0,12.0,1.9121,8.6078,12.04,-6.39,-2.007,0.72,1,1,anchor_drag
2026-06-01T12:01:24.800000,0.0,0.0,12.0,1.9007,9.2487,12.33,-6.34,-1.939,0.72,1,1,anchor_drag
2026-06-01T12:01:24.900000,0.0,0.0,12.0,1.9335,7.4803,11.25,-5.61,-1.972,0.72,1,1,anchor_drag
2026-06-01T12:01:25,0.0,0.0,12.0,1.7767,8.1041,11.29,-5.67,-2.047,0.72,1,1,anchor_drag
2026-06-01T12:01:25.100000,0.0,0.0,12.0,1.8463,7.6595,12.19,-5.66,-2.082,0.72,1,1,anchor_drag
2026-06-01T12:01:25.200000,0.0,0.0,12.0,1.9395,8.0867,11.98,-5.87,-1.759,0.72,1,1,anchor_drag
2026-06-01T12:01:25.300000,0.0,0.0,12.0,1.6118,7.2969,12.38,-6.16,-1.926,0.72,1,1,anchor_drag
2026-06-01T12:01:25.400000,0.0,0.0,12.0,1.6082,8.1467,12.14,-6.34,-1.868,0.72,1,1,anchor_drag
2026-06-01T12:01:25.500000,0.0,0.0,12.0,1.6409,8.3122,12.62,-6.09,-1.913,0.72,1,1,anchor_drag
2026-06-01T12:01:25.600000,0.0,0.0,12.0,1.6386,7.6442,11.94,-5.41,-2.078,0.72,1,1,anchor_drag
2026-06-01T12:01:25.700000,0.0,0.0,12.0,1.8038,8.2674,12.29,-5.87,-2.049,0.72,1,1,anchor_drag
2026-06-01T12:01:25.800000,0.0,0.0,12.0,1.8912,7.3463,12.53,-6.18,-1.953,0.72,1,1,anchor_drag
2026-06-01T12:01:25.900000,0.0,0.0,12.0,1.644,7.9066,12.42,-6.32,-2.055,0.72,1,1,anchor_drag
2026-06-01T12:01:26,0.0,0.0,12.0,1.8635,7.2286,10.99,-6.06,-1.755,0.72,1,1,anchor_drag
2026-06-01T12:01:26.100000,0.0,0.0,12.0,1.6685,8.0375,12.72,-6.07,-2.007,0.72,1,1,anchor_drag
2026-06-01T12:01:26.200000,0.0,0.0,12.0,2.1027,7.8319,11.73,-6.1,-1.95,0.72,1,1,anchor_drag
2026-06-01T12:01:26.300000,0.0,0.0,12.0,1.9556,8.5812,12.07,-6.74,-1.927,0.72,1,1,anchor_drag
2026-06-01T12:01:26.400000,0.0,0.0,12.0,1.64,7.4929,12.56,-5.9,-2.116,0.72,1,1,anchor_drag
2026-06-01T12:01:26.500000,0.0,0.0,12.0,1.9567,7.3926,11.88,-5.84,-2.094,0.72,1,1,anchor_drag
2026-06-01T12:01:26.600000,0.0,0.0,12.0,1.7744,8.372,11.8,-6.36,-2.008,0.72,1,1,anchor_drag
2026-06-01T12:01:26.700000,0.0,0.0,12.0,2.1444,7.4739,12.86,-5.79,-2.091,0.72,1,1,anchor_drag
2026-06-01T12:01:26.800000,0.0,0.0,12.0,1.9124,8.3591,11.17,-6.37,-1.944,0.72,1,1,anchor_drag
2026-06-01T12:01:26.900000,0.0,0.0,12.0,2.0609,7.56,11.59,-5.66,-1.87,0.72,1,1,anchor_drag
2026-06-01T12:01:27,0.0,0.0,12.0,1.6176,7.2591,11.75,-5.95,-1.95,0.72,1,1,anchor_drag
2026-06-01T12:01:27.100000,0.0,0.0,12.0,1.2592,8.5902,12.45,-6.18,-2.062,0.72,1,1,anchor_drag
2026-06-01T12:01:27.200000,0.0,0.0,12.0,2.0627,7.1999,12.32,-5.79,-2.015,0.72,1,1,anchor_drag
2026-06-01T12:01:27.300000,0.0,0.0,12.0,1.7523,7.7329,12.4,-5.68,-1.927,0.72,1,1,anchor_drag
2026-06-01T12:01:27.400000,0.0,0.0,12.0,1.9103,7.6284,12.53,-5.99,-1.947,0.72,1,1,anchor_drag
2026-06-01T12:01:27.500000,0.0,0.0,12.0,1.7582,7.6979,11.94,-6.32,-1.986,0.72,1,1,anchor_drag
2026-06-01T12:01:27.600000,0.0,0.0,12.0,1.8866,8.2709,12.07,-6.16,-1.978,0.72,1,1,anchor_drag
2026-06-01T12:01:27.700000,0.0,0.0,12.0,1.7955,7.7301,11.98,-6.25,-2.011,0.72,1,1,anchor_drag
2026-06-01T12:01:27.800000,0.0,0.0,12.0,2.049,8.3294,13.14,-6.29,-1.918,0.72,1,1,anchor_drag
2026-06-01T12:01:27.900000,0.0,0.0,12.0,1.3712,8.4599,12.03,-5.95,-2.106,0.72,1,1,anchor_drag
2026-06-01T12:01:28,0.0,0.0,12.0,1.5527,8.7059,12.24,-6.51,-1.891,0.72,1,1,anchor_drag
2026-06-01T12:01:28.100000,0.0,0.0,12.0,1.6915,8.8699,11.69,-6.54,-1.994,0.72,1,1,anchor_drag
2026-06-01T12:01:28.200000,0.0,0.0,12.0,1.5034,7.4906,12.29,-6.45,-2.063,0.72,1,1,anchor_drag
2026-06-01T12:01:28.300000,0.0,0.0,12.0,1.7735,7.7671,11.93,-5.85,-2.1,0.72,1,1,anchor_drag
2026-06-01T12:01:28.400000,0.0,0.0,12.0,2.0096,8.2912,12.06,-5.77,-1.943,0.72,1,1,anchor_drag
2026-06-01T12:01:28.500000,0.0,0.0,12.0,1.7667,7.933,11.55,-5.95,-2.118,0.72,1,1,anchor_drag
2026-06-01T12:01:28.600000,0.0,0.0,12.0,1.5249,8.2405,12.59,-6.38,-1.931,0.72,1,1,anchor_drag
2026-06-01T12:01:28.700000,0.0,0.0,12.0,1.6538,7.6659,12.18,-5.99,-2.026,0.72,1,1,anchor_drag
2026-06-01T12:01:28.800000,0.0,0.0,12.0,1.6672,7.9452,13.23,-5.81,-2.036,0.72,1,1,anchor_drag
2026-06-01T12:01:28.900000,0.0,0.0,12.0,1.9253,7.4859,12.13,-6.11,-1.996,0.72,1,1,anchor_drag
2026-06-01T12:01:29,0.0,0.0,12.0,2.1415,7.9728,10.71,-5.99,-2.015,0.72,1,1,anchor_drag
2026-06-01T12:01:29.100000,0.0,0.0,12.0,1.6054,7.5025,12.39,-5.9,-2.124,0.72,1,1,anchor_drag
2026-06-01T12:01:29.200000,0.0,0.0,12.0,2.0426,8.1828,11.06,-5.87,-1.953,0.72,1,1,anchor_drag
2026-06-01T12:01:29.300000,0.0,0.0,12.0,1.7031,7.7183,11.96,-5.95,-2.177,0.72,1,1,anchor_drag
2026-06-01T12:01:29.400000,0.0,0.0,12.0,1.8233,7.4523,11.45,-5.98,-2.132,0.72,1,1,anchor_drag
2026-06-01T12:01:29.500000,0.0,0.0,12.0,1.5785,7.5871,11.94,-5.96,-2.006,0.72,1,1,anchor_drag
2026-06-01T12:01:29.600000,0.0,0.0,12.0,1.3799,7.9846,13.09,-5.86,-1.997,0.72,1,1,anchor_drag
2026-06-01T12:01:29.700000,0.0,0.0,12.0,1.641,6.7851,11.62,-5.56,-2.029,0.72,1,1,anchor_drag
2026-06-01T12:01:29.800000,0.0,0.0,12.0,1.7897,8.1123,13.04,-6.18,-1.89,0.72,1,1,anchor_drag
2026-06-01T12:01:29.900000,0.0,0.0,12.0,1.8564,8.3606,11.38,-6.37,-2.007,0.72,1,1,anchor_drag
2026-06-01T12:01:30,0.0,0.0,12.0,1.8177,7.8007,12.38,-6.39,-2.061,0.72,1,1,anchor_drag
2026-06-01T12:01:30.100000,0.0,0.0,12.0,1.584,8.5437,11.37,-5.61,-1.933,0.72,1,1,anchor_drag
2026-06-01T12:01:30.200000,0.0,0.0,12.0,1.5042,7.1792,13.05,-6.41,-1.97,0.72,1,1,anchor_drag
2026-06-01T12:01:30.300000,0.0,0.0,12.0,1.6362,7.8412,11.33,-6.0,-2.085,0.72,1,1,anchor_drag
2026-06-01T12:01:30.400000,0.0,0.0,12.0,1.9367,7.9696,11.62,-5.84,-2.186,0.72,1,1,anchor_drag
2026-06-01T12:01:30.500000,0.0,0.0,12.0,1.752,8.3276,11.22,-6.13,-2.21,0.72,1,1,anchor_drag
2026-06-01T12:01:30.600000,0.0,0.0,12.0,1.8754,8.134,11.59,-5.93,-1.856,0.72,1,1,anchor_drag
2026-06-01T12:01:30.700000,0.0,0.0,12.0,1.7494,8.5528,12.42,-5.87,-2.003,0.72,1,1,anchor_drag
2026-06-01T12:01:30.800000,0.0,0.0,12.0,1.7233,7.4801,11.68,-6.02,-1.991,0.72,1,1,anchor_drag
2026-06-01T12:01:30.900000,0.0,0.0,12.0,2.0374,7.4715,12.45,-6.57,-1.929,0.72,1,1,anchor_drag
2026-06-01T12:01:31,0.0,0.0,12.0,1.916,8.4108,11.73,-6.19,-1.964,0.72,1,1,anchor_drag
2026-06-01T12:01:31.100000,0.0,0.0,12.0,2.1193,9.057,10.39,-5.63,-2.044,0.72,1,1,anchor_drag
2026-06-01T12:01:31.200000,0.0,0.0,12.0,1.819,7.4059,11.84,-5.14,-2.027,0.72,1,1,anchor_drag
2026-06-01T12:01:31.300000,0.0,0.0,12.0,1.8734,7.5923,11.85,-5.33,-1.811,0.72,1,1,anchor_drag
2026-06-01T12:01:31.400000,0.0,0.0,12.0,1.9093,7.6204,11.9,-5.69,-2.1,0.72,1,1,anchor_drag
2026-06-01T12:01:31.500000,0.0,0.0,12.0,1.7513,7.9788,12.19,-5.71,-2.049,0.72,1,1,anchor_drag
2026-06-01T12:01:31.600000,0.0,0.0,12.0,1.72,8.7549,11.59,-6.16,-2.13,0.72,1,1,anchor_drag
2026-06-01T12:01:31.700000,0.0,0.0,12.0,1.6948,7.9404,12.14,-5.13,-1.957,0.72,1,1,anchor_drag
2026-06-01T12:01:31.800000,0.0,0.0,12.0,1.9604,8.312,11.87,-6.14,-2.094,0.72,1,1,anchor_drag
2026-06-01T12:01:31.900000,0.0,0.0,12.0,1.874,6.8195,11.7,-5.78,-1.959,0.72,1,1,anchor_drag
2026-06-01T12:01:32,0.0,0.0,12.0,1.8902,8.0168,11.57,-5.99,-2.005,0.72,1,1,anchor_drag
2026-06-01T12:01:32.100000,0.0,0.0,12.0,2.0682,8.1293,11.29,-5.81,-2.098,0.72,1,1,anchor_drag
2026-06-01T12:01:32.200000,0.0,0.0,12.0,2.0718,7.4698,11.69,-6.23,-1.907,0.72,1,1,anchor_drag
2026-06-01T12:01:32.300000,0.0,0.0,12.0,1.9239,8.4637,11.88,-5.55,-1.89,0.72,1,1,anchor_drag
2026-06-01T12:01:32.400000,0.0,0.0,12.0,2.0306,7.1515,11.87,-5.42,-2.06,0.72,1,1,anchor_drag
2026-06-01T12:01:32.500000,0.0,0.0,12.0,1.9877,7.5043,11.76,-5.57,-2.082,0.72,1,1,anchor_drag
2026-06-01T12:01:32.600000,0.0,0.0,12.0,1.8006,7.8893,12.21,-5.82,-1.971,0.72,1,1,anchor_drag
2026-06-01T12:01:32.700000,0.0,0.0,12.0,1.6935,7.9685,11.81,-6.18,-1.828,0.72,1,1,anchor_drag
2026-06-01T12:01:32.800000,0.0,0.0,12.0,1.6997,8.1421,11.89,-6.1,-1.942,0.72,1,1,anchor_drag
2026-06-01T12:01:32.900000,0.0,0.0,12.0,1.681,7.5671,11.98,-6.54,-2.097,0.72,1,1,anchor_drag
2026-06-01T12:01:33,0.0,0.0,12.0,1.9059,7.78,11.57,-6.62,-2.044,0.72,1,1,anchor_drag
2026-06-01T12:01:33.100000,0.0,0.0,12.0,2.0922,7.3636,12.52,-5.32,-1.983,0.72,1,1,anchor_drag
2026-06-01T12:01:33.200000,0.0,0.0,12.0,1.5806,9.0997,11.91,-5.94,-2.19,0.72,1,1,anchor_drag
2026-06-01T12:01:33.300000,0.0,0.0,12.0,1.9979,7.8809,11.33,-6.2,-1.839,0.72,1,1,anchor_drag
2026-06-01T12:01:33.400000,0.0,0.0,12.0,1.7407,7.7791,12.1,-5.81,-2.128,0.72,1,1,anchor_drag
2026-06-01T12:01:33.500000,0.0,0.0,12.0,1.795,8.5986,12.72,-5.87,-2.05,0.72,1,1,anchor_drag
2026-06-01T12:01:33.600000,0.0,0.0,12.0,1.8017,8.8644,12.89,-6.23,-2.046,0.72,1,1,anchor_drag
2026-06-01T12:01:33.700000,0.0,0.0,12.0,2.0532,8.6823,12.3,-5.83,-2.072,0.72,1,1,anchor_drag
2026-06-01T12:01:33.800000,0.0,0.0,12.0,1.9752,8.0617,11.33,-6.1,-2.113,0.72,1,1,anchor_drag
2026-06-01T12:01:33.900000,0.0,0.0,12.0,1.6936,8.2076,12.31,-6.18,-2.093,0.72,1,1,anchor_drag
2026-06-01T12:01:34,0.0,0.0,12.0,1.9751,7.8901,12.48,-6.04,-1.959,0.72,1,1,anchor_drag
2026-06-01T12:01:34.100000,0.0,0.0,12.0,1.8397,7.6111,12.19,-5.89,-2.059,0.72,1,1,anchor_drag
2026-06-01T12:01:34.200000,0.0,0.0,12.0,1.6316,7.8,11.37,-6.94,-1.886,0.72,1,1,anchor_drag
2026-06-01T12:01:34.300000,0.0,0.0,12.0,2.0969,9.5071,11.97,-5.84,-2.058,0.72,1,1,anchor_drag
2026-06-01T12:01:34.400000,0.0,0.0,12.0,1.8747,7.8713,11.72,-5.81,-1.95,0.72,1,1,anchor_drag
2026-06-01T12:01:34.500000,0.0,0.0,12.0,2.16,8.606,11.66,-5.8,-2.058,0.72,1,1,anchor_drag
2026-06-01T12:01:34.600000,0.0,0.0,12.0,1.6582,8.1348,13.16,-6.3,-2.049,0.72,1,1,anchor_drag
2026-06-01T12:01:34.700000,0.0,0.0,12.0,1.6862,7.1418,12.89,-6.01,-2.115,0.72,1,1,anchor_drag
2026-06-01T12:01:34.800000,0.0,0.0,12.0,1.7364,7.7547,11.88,-5.79,-1.916,0.72,1,1,anchor_drag
2026-06-01T12:01:34.900000,0.0,0.0,12.0,1.8697,8.1184,12.17,-5.98,-1.929,0.72,1,1,anchor_drag
2026-06-01T12:01:35,0.0,0.0,12.0,1.7467,8.5341,11.5,-6.22,-2.06,0.72,1,1,anchor_drag
2026-06-01T12:01:35.100000,0.0,0.0,12.0,1.3534,8.863,11.83,-6.51,-1.985,0.72,1,1,anchor_drag
2026-06-01T12:01:35.200000,0.0,0.0,12.0,1.9201,8.2628,11.23,-5.97,-1.842,0.72,1,1,anchor_drag
2026-06-01T12:01:35.300000,0.0,0.0,12.0,1.6412,8.5433,10.89,-6.04,-2.023,0.72,1,1,anchor_drag
2026-06-01T12:01:35.400000,0.0,0.0,12.0,2.0084,7.4188,11.59,-5.99,-1.91,0.72,1,1,anchor_drag
2026-06-01T12:01:35.500000,0.0,0.0,12.0,1.9036,8.1684,12.42,-5.9,-1.931,0.72,1,1,anchor_drag
2026-06-01T12:01:35.600000,0.0,0.0,12.0,1.7795,8.0158,12.44,-5.99,-2.117,0.72,1,1,anchor_drag
2026-06-01T12:01:35.700000,0.0,0.0,12.0,1.6485,8.3758,12.09,-5.63,-2.143,0.72,1,1,anchor_drag
2026-06-01T12:01:35.800000,0.0,0.0,12.0,1.6233,8.0067,11.01,-6.28,-1.956,0.72,1,1,anchor_drag
2026-06-01T12:01:35.900000,0.0,0.0,12.0,1.7794,8.3649,11.89,-6.57,-1.964,0.72,1,1,anchor_drag
2026-06-01T12:01:36,0.0,0.0,12.0,1.3671,7.6662,11.38,-5.79,-1.925,0.72,1,1,anchor_drag
2026-06-01T12:01:36.100000,0.0,0.0,12.0,1.8914,8.0141,12.06,-6.18,-2.059,0.72,1,1,anchor_drag
2026-06-01T12:01:36.200000,0.0,0.0,12.0,1.8959,8.1948,11.58,-6.24,-2.011,0.72,1,1,anchor_drag
2026-06-01T12:01:36.300000,0.0,0.0,12.0,2.0335,8.017,12.4,-6.24,-1.988,0.72,1,1,anchor_drag
2026-06-01T12:01:36.400000,0.0,0.0,12.0,1.6419,7.5935,13.47,-6.4,-2.07,0.72,1,1,anchor_drag
2026-06-01T12:01:36.500000,0.0,0.0,12.0,1.616,8.5077,12.14,-6.31,-2.055,0.72,1,1,anchor_drag
2026-06-01T12:01:36.600000,0.0,0.0,12.0,1.7875,7.6313,12.47,-5.88,-2.016,0.72,1,1,anchor_drag
2026-06-01T12:01:36.700000,0.0,0.0,12.0,1.5503,7.9036,12.27,-5.93,-1.943,0.72,1,1,anchor_drag
2026-06-01T12:01:36.800000,0.0,0.0,12.0,1.5787,7.5054,12.11,-6.32,-2.028,0.72,1,1,anchor_drag
2026-06-01T12:01:36.900000,0.0,0.0,12.0,1.8421,8.0188,11.85,-6.05,-2.088,0.72,1,1,anchor_drag
2026-06-01T12:01:37,0.0,0.0,12.0,1.637,8.3349,11.56,-5.95,-1.958,0.72,1,1,anchor_drag
2026-06-01T12:01:37.100000,0.0,0.0,12.0,1.6625,8.0594,12.03,-5.2,-1.961,0.72,1,1,anchor_drag
2026-06-01T12:01:37.200000,0.0,0.0,12.0,1.1478,8.1421,12.26,-6.06,-1.921,0.72,1,1,anchor_drag
2026-06-01T12:01:37.300000,0.0,0.0,12.0,1.5228,8.2609,12.22,-5.89,-2.09,0.72,1,1,anchor_drag
2026-06-01T12:01:37.400000,0.0,0.0,12.0,1.875,7.5776,12.54,-5.75,-1.868,0.72,1,1,anchor_drag
2026-06-01T12:01:37.500000,0.0,0.0,12.0,1.3833,8.8218,12.02,-6.13,-1.994,0.72,1,1,anchor_drag
2026-06-01T12:01:37.600000,0.0,0.0,12.0,1.9404,8.1268,11.77,-6.29,-2.19,0.72,1,1,anchor_drag
2026-06-01T12:01:37.700000,0.0,0.0,12.0,1.7505,8.2429,12.43,-5.96,-2.118,0.72,1,1,anchor_drag
2026-06-01T12:01:37.800000,0.0,0.0,12.0,1.8347,8.6421,11.9,-5.42,-2.095,0.72,1,1,anchor_drag
2026-06-01T12:01:37.900000,0.0,0.0,12.0,1.8225,8.6681,11.91,-5.87,-1.993,0.72,1,1,anchor_drag
2026-06-01T12:01:38,0.0,0.0,12.0,1.9046,7.4343,12.06,-6.17,-1.881,0.72,1,1,anchor_drag
2026-06-01T12:01:38.100000,0.0,0.0,12.0,1.6295,8.2707,12.65,-7.09,-2.075,0.72,1,1,anchor_drag
2026-06-01T12:01:38.200000,0.0,0.0,12.0,2.0057,8.2486,12.72,-5.88,-2.103,0.72,1,1,anchor_drag
2026-06-01T12:01:38.300000,0.0,0.0,12.0,1.9842,8.1338,11.53,-6.46,-1.99,0.72,1,1,anchor_drag
2026-06-01T12:01:38.400000,0.0,0.0,12.0,2.0751,8.2747,12.12,-6.35,-2.051,0.72,1,1,anchor_drag
2026-06-01T12:01:38.500000,0.0,0.0,12.0,1.9665,8.4513,11.62,-5.83,-2.172,0.72,1,1,anchor_drag
2026-06-01T12:01:38.600000,0.0,0.0,12.0,2.099,8.1553,11.62,-5.69,-2.003,0.72,1,1,anchor_drag
2026-06-01T12:01:38.700000,0.0,0.0,12.0,1.671,8.5552,12.57,-6.3,-2.065,0.72,1,1,anchor_drag
2026-06-01T12:01:38.800000,0.0,0.0,12.0,1.761,8.4439,11.3,-5.97,-2.059,0.72,1,1,anchor_drag
2026-06-01T12:01:38.900000,0.0,0.0,12.0,1.677,8.2916,11.81,-5.78,-1.96,0.72,1,1,anchor_drag
2026-06-01T12:01:39,0.0,0.0,12.0,1.8428,7.5059,11.42,-6.26,-1.954,0.72,1,1,anchor_drag
2026-06-01T12:01:39.100000,0.0,0.0,12.0,1.5624,7.6647,12.18,-5.86,-2.236,0.72,1,1,anchor_drag
2026-06-01T12:01:39.200000,0.0,0.0,12.0,1.4451,7.5775,12.53,-5.86,-2.004,0.72,1,1,anchor_drag
2026-06-01T12:01:39.300000,0.0,0.0,12.0,1.5443,9.3615,12.57,-5.9,-1.92,0.72,1,1,anchor_drag
2026-06-01T12:01:39.400000,0.0,0.0,12.0,2.0248,8.1124,11.85,-6.01,-1.972,0.72,1,1,anchor_drag
2026-06-01T12:01:39.500000,0.0,0.0,12.0,1.8708,7.9355,12.14,-6.49,-1.795,0.72,1,1,anchor_drag
2026-06-01T12:01:39.600000,0.0,0.0,12.0,1.9607,8.5783,12.01,-5.79,-1.782,0.72,1,1,anchor_drag
2026-06-01T12:01:39.700000,0.0,0.0,12.0,1.8357,8.2363,12.06,-5.96,-1.86,0.72,1,1,anchor_drag
2026-06-01T12:01:39.800000,0.0,0.0,12.0,1.8454,7.3278,12.33,-6.83,-2.072,0.72,1,1,anchor_drag
2026-06-01T12:01:39.900000,0.0,0.0,12.0,2.0651,7.5021,12.06,-6.21,-2.096,0.72,1,1,anchor_drag
2026-06-01T12:01:40,0.0,0.0,12.0,0.0278,0.0134,4.27,-2.27,-11.364,0.72,1,1,cable_cut
2026-06-01T12:01:40.100000,0.0,0.0,12.0,0.0294,0.0435,3.37,-2.3,-10.315,0.72,1,1,cable_cut
2026-06-01T12:01:40.200000,0.0,0.0,12.0,0.0293,-0.0384,3.01,-2.42,-10.427,0.72,1,1,cable_cut
2026-06-01T12:01:40.300000,0.0,0.0,12.0,0.0184,-0.0401,3.81,-2.79,-11.025,0.72,1,1,cable_cut
2026-06-01T12:01:40.400000,0.0,0.0,12.0,0.0284,0.0659,3.37,-2.63,-9.031,0.72,1,1,cable_cut
2026-06-01T12:01:40.500000,0.0,0.0,12.0,0.0156,0.0113,3.04,-2.51,-11.858,0.72,1,1,cable_cut
2026-06-01T12:01:40.600000,0.0,0.0,12.0,0.0294,0.0679,3.0,-2.49,-11.86,0.72,1,1,cable_cut
2026-06-01T12:01:40.700000,0.0,0.0,12.0,0.0287,-0.0866,4.34,-2.57,-11.938,0.72,1,1,cable_cut
2026-06-01T12:01:40.800000,0.0,0.0,12.0,0.0162,-0.004,3.56,-2.64,-11.715,0.72,1,1,cable_cut
2026-06-01T12:01:40.900000,0.0,0.0,12.0,0.0277,-0.0414,3.87,-2.6,-9.124,0.72,1,1,cable_cut
2026-06-01T12:01:41,0.0,0.0,12.0,0.0197,-0.0111,3.37,-2.99,-11.189,0.72,1,1,cable_cut
2026-06-01T12:01:41.100000,0.0,0.0,12.0,0.0125,-0.0074,3.05,-2.61,-11.974,0.72,1,1,cable_cut
2026-06-01T12:01:41.200000,0.0,0.0,12.0,0.0287,0.0086,4.16,-2.56,-9.409,0.72,1,1,cable_cut
2026-06-01T12:01:41.300000,0.0,0.0,12.0,0.0242,0.0021,4.69,-2.83,-10.919,0.72,1,1,cable_cut
2026-06-01T12:01:41.400000,0.0,0.0,12.0,0.0191,-0.0198,4.58,-2.32,-11.024,0.72,1,1,cable_cut
2026-06-01T12:01:41.500000,0.0,0.0,12.0,0.011,-0.0042,3.75,-2.66,-11.884,0.72,1,1,cable_cut
2026-06-01T12:01:41.600000,0.0,0.0,12.0,0.0142,0.0422,3.23,-2.5,-9.129,0.72,1,1,cable_cut
2026-06-01T12:01:41.700000,0.0,0.0,12.0,0.0189,-0.0133,3.59,-2.98,-11.247,0.72,1,1,cable_cut
2026-06-01T12:01:41.800000,0.0,0.0,12.0,0.0248,0.0404,4.18,-2.49,-11.989,0.72,1,1,cable_cut
2026-06-01T12:01:41.900000,0.0,0.0,12.0,0.0132,0.0889,4.71,-2.45,-10.3,0.72,1,1,cable_cut
2026-06-01T12:01:42,0.0,0.0,12.0,0.0197,0.0105,4.57,-2.15,-9.877,0.72,1,1,cable_cut
2026-06-01T12:01:42.100000,0.0,0.0,12.0,0.0189,0.0726,3.97,-2.1,-10.108,0.72,1,1,cable_cut
2026-06-01T12:01:42.200000,0.0,0.0,12.0,0.0176,0.0727,3.42,-2.27,-9.649,0.72,1,1,cable_cut
2026-06-01T12:01:42.300000,0.0,0.0,12.0,0.0209,0.0278,3.52,-2.74,-9.959,0.72,1,1,cable_cut
2026-06-01T12:01:42.400000,0.0,0.0,12.0,0.0255,-0.0611,3.9,-2.49,-11.432,0.72,1,1,cable_cut
2026-06-01T12:01:42.500000,0.0,0.0,12.0,0.0226,0.0089,3.91,-2.35,-11.787,0.72,1,1,cable_cut
2026-06-01T12:01:42.600000,0.0,0.0,12.0,0.0191,-0.0386,3.05,-2.29,-10.742,0.72,1,1,cable_cut
2026-06-01T12:01:42.700000,0.0,0.0,12.0,0.0224,-0.013,4.57,-2.54,-11.901,0.72,1,1,cable_cut
2026-06-01T12:01:42.800000,0.0,0.0,12.0,0.019,-0.011,4.2,-2.93,-9.371,0.72,1,1,cable_cut
2026-06-01T12:01:42.900000,0.0,0.0,12.0,0.0179,0.0058,3.95,-2.68,-9.433,0.72,1,1,cable_cut
2026-06-01T12:01:43,0.0,0.0,12.0,0.0242,0.0031,4.89,-2.94,-9.856,0.72,1,1,cable_cut
2026-06-01T12:01:43.100000,0.0,0.0,12.0,0.0266,-0.0835,3.3,-2.76,-10.922,0.72,1,1,cable_cut
2026-06-01T12:01:43.200000,0.0,0.0,12.0,0.0193,-0.0209,4.37,-2.69,-10.91,0.72,1,1,cable_cut
2026-06-01T12:01:43.300000,0.0,0.0,12.0,0.0118,-0.001,3.44,-2.24,-11.569,0.72,1,1,cable_cut
2026-06-01T12:01:43.400000,0.0,0.0,12.0,0.0276,0.0631,4.35,-2.05,-9.22,0.72,1,1,cable_cut
2026-06-01T12:01:43.500000,0.0,0.0,12.0,0.0245,0.0896,4.86,-2.15,-11.518,0.72,1,1,cable_cut
2026-06-01T12:01:43.600000,0.0,0.0,12.0,0.0136,-0.0361,4.4,-2.91,-10.365,0.72,1,1,cable_cut
2026-06-01T12:01:43.700000,0.0,0.0,12.0,0.0123,0.0131,4.31,-2.07,-10.513,0.72,1,1,cable_cut
2026-06-01T12:01:43.800000,0.0,0.0,12.0,0.0243,0.0788,4.22,-2.61,-9.088,0.72,1,1,cable_cut
2026-06-01T12:01:43.900000,0.0,0.0,12.0,0.026,0.0558,3.2,-2.36,-9.006,0.72,1,1,cable_cut
2026-06-01T12:01:44,0.0,0.0,12.0,0.0118,-0.0186,4.36,-2.09,-10.948,0.72,1,1,cable_cut
2026-06-01T12:01:44.100000,0.0,0.0,12.0,0.0283,0.1196,3.32,-2.82,-11.796,0.72,1,1,cable_cut
2026-06-01T12:01:44.200000,0.0,0.0,12.0,0.0156,0.0029,4.67,-2.14,-9.661,0.72,1,1,cable_cut
2026-06-01T12:01:44.300000,0.0,0.0,12.0,0.0249,-0.0022,4.71,-2.39,-10.465,0.72,1,1,cable_cut
2026-06-01T12:01:44.400000,0.0,0.0,12.0,0.0195,0.0682,4.98,-2.24,-10.32,0.72,1,1,cable_cut
2026-06-01T12:01:44.500000,0.0,0.0,12.0,0.023,-0.0319,3.53,-2.7,-11.372,0.72,1,1,cable_cut
2026-06-01T12:01:44.600000,0.0,0.0,12.0,0.0201,0.0605,3.01,-2.5,-11.742,0.72,1,1,cable_cut
2026-06-01T12:01:44.700000,0.0,0.0,12.0,0.017,-0.0097,4.29,-2.61,-9.917,0.72,1,1,cable_cut
2026-06-01T12:01:44.800000,0.0,0.0,12.0,0.0127,0.0135,3.78,-2.02,-10.033,0.72,1,1,cable_cut
2026-06-01T12:01:44.900000,0.0,0.0,12.0,0.0176,0.0056,4.6,-2.68,-10.666,0.72,1,1,cable_cut
2026-06-01T12:01:45,0.0,0.0,12.0,0.0147,-0.0183,4.56,-2.57,-9.381,0.72,1,1,cable_cut
2026-06-01T12:01:45.100000,0.0,0.0,12.0,0.0236,-0.0086,4.9,-2.36,-9.587,0.72,1,1,cable_cut
2026-06-01T12:01:45.200000,0.0,0.0,12.0,0.0119,-0.0531,3.26,-2.94,-9.286,0.72,1,1,cable_cut
2026-06-01T12:01:45.300000,0.0,0.0,12.0,0.0203,-0.0608,4.77,-2.71,-11.362,0.72,1,1,cable_cut
2026-06-01T12:01:45.400000,0.0,0.0,12.0,0.0223,0.1041,3.12,-2.4,-9.575,0.72,1,1,cable_cut
2026-06-01T12:01:45.500000,0.0,0.0,12.0,0.013,-0.0158,3.39,-2.47,-10.061,0.72,1,1,cable_cut
2026-06-01T12:01:45.600000,0.0,0.0,12.0,0.0278,0.0067,3.12,-2.9,-10.411,0.72,1,1,cable_cut
2026-06-01T12:01:45.700000,0.0,0.0,12.0,0.0227,-0.0783,3.76,-2.91,-9.131,0.72,1,1,cable_cut
2026-06-01T12:01:45.800000,0.0,0.0,12.0,0.022,0.0808,4.79,-2.54,-9.183,0.72,1,1,cable_cut
2026-06-01T12:01:45.900000,0.0,0.0,12.0,0.0237,-0.0288,4.56,-2.88,-9.466,0.72,1,1,cable_cut
2026-06-01T12:01:46,0.0,0.0,12.0,0.0177,-0.013,4.8,-2.56,-11.874,0.72,1,1,cable_cut
2026-06-01T12:01:46.100000,0.0,0.0,12.0,0.0212,-0.0178,4.07,-2.93,-11.543,0.72,1,1,cable_cut
2026-06-01T12:01:46.200000,0.0,0.0,12.0,0.0241,-0.0802,4.58,-2.82,-10.604,0.72,1,1,cable_cut
2026-06-01T12:01:46.300000,0.0,0.0,12.0,0.0217,0.0266,3.44,-2.93,-11.175,0.72,1,1,cable_cut
2026-06-01T12:01:46.400000,0.0,0.0,12.0,0.0151,0.0597,4.37,-2.39,-9.452,0.72,1,1,cable_cut
2026-06-01T12:01:46.500000,0.0,0.0,12.0,0.0207,-0.0071,4.53,-2.53,-10.265,0.72,1,1,cable_cut
2026-06-01T12:01:46.600000,0.0,0.0,12.0,0.0113,0.0098,3.86,-2.05,-11.204,0.72,1,1,cable_cut
2026-06-01T12:01:46.700000,0.0,0.0,12.0,0.0225,-0.0124,4.25,-2.65,-10.115,0.72,1,1,cable_cut
2026-06-01T12:01:46.800000,0.0,0.0,12.0,0.0171,-0.0024,4.01,-2.37,-10.913,0.72,1,1,cable_cut
2026-06-01T12:01:46.900000,0.0,0.0,12.0,0.0164,0.031,4.81,-2.28,-11.93,0.72,1,1,cable_cut
2026-06-01T12:01:47,0.0,0.0,12.0,0.0257,-0.0086,3.81,-2.08,-9.524,0.72,1,1,cable_cut
2026-06-01T12:01:47.100000,0.0,0.0,12.0,0.028,0.0951,3.35,-2.51,-9.318,0.72,1,1,cable_cut
2026-06-01T12:01:47.200000,0.0,0.0,12.0,0.014,0.0237,3.2,-2.09,-11.198,0.72,1,1,cable_cut
2026-06-01T12:01:47.300000,0.0,0.0,12.0,0.021,-0.0497,3.22,-2.05,-11.156,0.72,1,1,cable_cut
2026-06-01T12:01:47.400000,0.0,0.0,12.0,0.0175,-0.0027,3.68,-2.8,-9.776,0.72,1,1,cable_cut
2026-06-01T12:01:47.500000,0.0,0.0,12.0,0.0194,0.0281,3.24,-2.31,-9.775,0.72,1,1,cable_cut
2026-06-01T12:01:47.600000,0.0,0.0,12.0,0.015,0.0494,3.08,-2.87,-11.512,0.72,1,1,cable_cut
2026-06-01T12:01:47.700000,0.0,0.0,12.0,0.0132,0.0908,4.29,-2.94,-9.86,0.72,1,1,cable_cut
2026-06-01T12:01:47.800000,0.0,0.0,12.0,0.019,-0.0319,4.72,-2.21,-11.476,0.72,1,1,cable_cut
2026-06-01T12:01:47.900000,0.0,0.0,12.0,0.0227,0.0181,4.17,-2.38,-11.731,0.72,1,1,cable_cut
2026-06-01T12:01:48,0.0,0.0,12.0,0.0199,-0.0823,4.92,-2.95,-10.446,0.72,1,1,cable_cut
2026-06-01T12:01:48.100000,0.0,0.0,12.0,0.0286,-0.0436,3.68,-2.72,-10.159,0.72,1,1,cable_cut
2026-06-01T12:01:48.200000,0.0,0.0,12.0,0.0104,-0.0203,3.8,-2.01,-10.165,0.72,1,1,cable_cut
2026-06-01T12:01:48.300000,0.0,0.0,12.0,0.0139,0.0086,3.59,-2.5,-9.398,0.72,1,1,cable_cut
2026-06-01T12:01:48.400000,0.0,0.0,12.0,0.0245,-0.0846,3.49,-2.74,-9.935,0.72,1,1,cable_cut
2026-06-01T12:01:48.500000,0.0,0.0,12.0,0.0137,0.0839,4.04,-2.33,-9.836,0.72,1,1,cable_cut
2026-06-01T12:01:48.600000,0.0,0.0,12.0,0.0211,-0.0133,4.16,-2.61,-11.825,0.72,1,1,cable_cut
2026-06-01T12:01:48.700000,0.0,0.0,12.0,0.0273,0.0303,3.71,-2.66,-9.339,0.72,1,1,cable_cut
2026-06-01T12:01:48.800000,0.0,0.0,12.0,0.0186,0.0004,3.54,-2.46,-10.863,0.72,1,1,cable_cut
2026-06-01T12:01:48.900000,0.0,0.0,12.0,0.01,0.0517,4.74,-2.19,-11.69,0.72,1,1,cable_cut
2026-06-01T12:01:49,0.0,0.0,12.0,0.0292,-0.0882,3.44,-2.7,-11.744,0.72,1,1,cable_cut
2026-06-01T12:01:49.100000,0.0,0.0,12.0,0.0105,0.0109,4.88,-2.62,-9.452,0.72,1,1,cable_cut
2026-06-01T12:01:49.200000,0.0,0.0,12.0,0.0207,0.046,4.5,-2.48,-9.496,0.72,1,1,cable_cut
2026-06-01T12:01:49.300000,0.0,0.0,12.0,0.0252,-0.0477,4.29,-2.33,-9.701,0.72,1,1,cable_cut
2026-06-01T12:01:49.400000,0.0,0.0,12.0,0.0178,0.0396,4.97,-2.21,-9.804,0.72,1,1,cable_cut
2026-06-01T12:01:49.500000,0.0,0.0,12.0,0.0134,-0.0563,3.09,-2.26,-9.264,0.72,1,1,cable_cut
2026-06-01T12:01:49.600000,0.0,0.0,12.0,0.0195,0.0083,3.33,-2.41,-11.464,0.72,1,1,cable_cut
2026-06-01T12:01:49.700000,0.0,0.0,12.0,0.0236,-0.0287,4.07,-2.43,-11.985,0.72,1,1,cable_cut
2026-06-01T12:01:49.800000,0.0,0.0,12.0,0.0109,-0.014,4.7,-2.68,-10.933,0.72,1,1,cable_cut
2026-06-01T12:01:49.900000,0.0,0.0,12.0,0.0219,-0.0558,4.46,-2.72,-9.048,0.72,1,1,cable_cut
2026-06-01T12:01:50,0.0,0.0,12.0,0.0264,0.0003,4.41,-2.09,-11.707,0.72,1,1,cable_cut
2026-06-01T12:01:50.100000,0.0,0.0,12.0,0.0298,-0.0408,3.38,-2.75,-9.684,0.72,1,1,cable_cut
2026-06-01T12:01:50.200000,0.0,0.0,12.0,0.0296,-0.003,4.94,-2.54,-11.816,0.72,1,1,cable_cut
2026-06-01T12:01:50.300000,0.0,0.0,12.0,0.0256,0.0321,4.19,-2.18,-9.71,0.72,1,1,cable_cut
2026-06-01T12:01:50.400000,0.0,0.0,12.0,0.0157,-0.0706,3.56,-2.58,-9.556,0.72,1,1,cable_cut
2026-06-01T12:01:50.500000,0.0,0.0,12.0,0.0193,0.0294,4.03,-2.83,-10.252,0.72,1,1,cable_cut
2026-06-01T12:01:50.600000,0.0,0.0,12.0,0.0158,0.053,3.98,-2.59,-9.026,0.72,1,1,cable_cut
2026-06-01T12:01:50.700000,0.0,0.0,12.0,0.0201,-0.0313,4.04,-2.01,-11.447,0.72,1,1,cable_cut
2026-06-01T12:01:50.800000,0.0,0.0,12.0,0.0278,0.0067,4.96,-2.48,-11.177,0.72,1,1,cable_cut
2026-06-01T12:01:50.900000,0.0,0.0,12.0,0.0203,-0.1463,4.16,-2.27,-11.573,0.72,1,1,cable_cut
2026-06-01T12:01:51,0.0,0.0,12.0,0.0258,-0.0282,4.71,-2.2,-9.424,0.72,1,1,cable_cut
2026-06-01T12:01:51.100000,0.0,0.0,12.0,0.0207,-0.0082,4.92,-2.88,-11.303,0.72,1,1,cable_cut
2026-06-01T12:01:51.200000,0.0,0.0,12.0,0.0244,-0.0088,3.75,-2.23,-10.699,0.72,1,1,cable_cut
2026-06-01T12:01:51.300000,0.0,0.0,12.0,0.0144,0.0437,4.21,-2.04,-11.531,0.72,1,1,cable_cut
2026-06-01T12:01:51.400000,0.0,0.0,12.0,0.0244,-0.0189,3.46,-2.96,-11.578,0.72,1,1,cable_cut
2026-06-01T12:01:51.500000,0.0,0.0,12.0,0.0149,-0.0297,3.21,-2.74,-10.449,0.72,1,1,cable_cut
2026-06-01T12:01:51.600000,0.0,0.0,12.0,0.0169,0.0094,3.33,-2.79,-11.193,0.72,1,1,cable_cut
2026-06-01T12:01:51.700000,0.0,0.0,12.0,0.027,0.0812,3.88,-2.22,-10.064,0.72,1,1,cable_cut
2026-06-01T12:01:51.800000,0.0,0.0,12.0,0.0176,0.0476,4.97,-2.16,-9.859,0.72,1,1,cable_cut
2026-06-01T12:01:51.900000,0.0,0.0,12.0,0.0124,0.0687,3.59,-2.63,-11.123,0.72,1,1,cable_cut
2026-06-01T12:01:52,0.0,0.0,12.0,0.0152,-0.0544,3.28,-2.97,-9.635,0.72,1,1,cable_cut
2026-06-01T12:01:52.100000,0.0,0.0,12.0,0.0123,-0.0634,3.91,-2.92,-10.235,0.72,1,1,cable_cut
2026-06-01T12:01:52.200000,0.0,0.0,12.0,0.0164,-0.0185,3.33,-2.94,-9.182,0.72,1,1,cable_cut
2026-06-01T12:01:52.300000,0.0,0.0,12.0,0.0177,-0.0329,4.8,-2.63,-11.604,0.72,1,1,cable_cut
2026-06-01T12:01:52.400000,0.0,0.0,12.0,0.0105,-0.0421,4.26,-2.79,-10.674,0.72,1,1,cable_cut
2026-06-01T12:01:52.500000,0.0,0.0,12.0,0.0213,0.0508,3.71,-2.64,-10.683,0.72,1,1,cable_cut
2026-06-01T12:01:52.600000,0.0,0.0,12.0,0.0151,-0.0032,3.15,-2.05,-10.484,0.72,1,1,cable_cut
2026-06-01T12:01:52.700000,0.0,0.0,12.0,0.029,0.0143,4.96,-2.76,-9.34,0.72,1,1,cable_cut
2026-06-01T12:01:52.800000,0.0,0.0,12.0,0.0289,-0.0223,3.79,-2.2,-10.536,0.72,1,1,cable_cut
2026-06-01T12:01:52.900000,0.0,0.0,12.0,0.0116,0.0361,3.57,-2.08,-11.233,0.72,1,1,cable_cut
2026-06-01T12:01:53,0.0,0.0,12.0,0.0115,0.0762,3.91,-2.15,-10.397,0.72,1,1,cable_cut
2026-06-01T12:01:53.100000,0.0,0.0,12.0,0.0267,0.1414,4.1,-2.6,-9.823,0.72,1,1,cable_cut
2026-06-01T12:01:53.200000,0.0,0.0,12.0,0.0285,-0.0176,4.66,-2.32,-9.325,0.72,1,1,cable_cut
2026-06-01T12:01:53.300000,0.0,0.0,12.0,0.0103,-0.0754,3.07,-2.95,-10.143,0.72,1,1,cable_cut
2026-06-01T12:01:53.400000,0.0,0.0,12.0,0.0267,0.0272,4.8,-2.43,-10.725,0.72,1,1,cable_cut
2026-06-01T12:01:53.500000,0.0,0.0,12.0,0.0101,-0.0446,3.55,-2.03,-10.862,0.72,1,1,cable_cut
2026-06-01T12:01:53.600000,0.0,0.0,12.0,0.0273,0.0835,4.49,-2.19,-9.864,0.72,1,1,cable_cut
2026-06-01T12:01:53.700000,0.0,0.0,12.0,0.0206,0.0486,3.68,-2.3,-11.372,0.72,1,1,cable_cut
2026-06-01T12:01:53.800000,0.0,0.0,12.0,0.0149,-0.0008,3.09,-2.51,-9.238,0.72,1,1,cable_cut
2026-06-01T12:01:53.900000,0.0,0.0,12.0,0.0126,-0.0509,4.22,-2.38,-10.719,0.72,1,1,cable_cut
2026-06-01T12:01:54,0.0,0.0,12.0,0.0198,-0.063,4.99,-2.41,-10.415,0.72,1,1,cable_cut
2026-06-01T12:01:54.100000,0.0,0.0,12.0,0.0108,-0.0218,3.83,-2.35,-11.713,0.72,1,1,cable_cut
2026-06-01T12:01:54.200000,0.0,0.0,12.0,0.0263,-0.0252,3.64,-2.18,-10.686,0.72,1,1,cable_cut
2026-06-01T12:01:54.300000,0.0,0.0,12.0,0.0279,0.0646,3.27,-2.9,-11.4,0.72,1,1,cable_cut
2026-06-01T12:01:54.400000,0.0,0.0,12.0,0.0154,0.0067,4.83,-2.68,-11.631,0.72,1,1,cable_cut
2026-06-01T12:01:54.500000,0.0,0.0,12.0,0.0177,-0.0017,3.76,-2.73,-11.32,0.72,1,1,cable_cut
2026-06-01T12:01:54.600000,0.0,0.0,12.0,0.0129,-0.0733,3.34,-2.7,-11.711,0.72,1,1,cable_cut
2026-06-01T12:01:54.700000,0.0,0.0,12.0,0.0218,-0.0538,4.95,-2.79,-10.454,0.72,1,1,cable_cut
2026-06-01T12:01:54.800000,0.0,0.0,12.0,0.0154,-0.0287,3.98,-2.33,-10.094,0.72,1,1,cable_cut
2026-06-01T12:01:54.900000,0.0,0.0,12.0,0.0124,-0.0817,3.11,-2.48,-10.37,0.72,1,1,cable_cut
2026-06-01T12:01:55,0.0,0.0,12.0,0.0126,-0.014,3.28,-2.14,-11.073,0.72,1,1,cable_cut
2026-06-01T12:01:55.100000,0.0,0.0,12.0,0.0254,-0.0204,4.14,-2.54,-11.412,0.72,1,1,cable_cut
2026-06-01T12:01:55.200000,0.0,0.0,12.0,0.0108,0.0154,3.04,-2.05,-11.38,0.72,1,1,cable_cut
2026-06-01T12:01:55.300000,0.0,0.0,12.0,0.0191,-0.0083,3.66,-2.47,-10.085,0.72,1,1,cable_cut
2026-06-01T12:01:55.400000,0.0,0.0,12.0,0.0131,-0.008,3.7,-2.17,-9.965,0.72,1,1,cable_cut
2026-06-01T12:01:55.500000,0.0,0.0,12.0,0.0241,-0.0193,4.37,-2.14,-11.395,0.72,1,1,cable_cut
2026-06-01T12:01:55.600000,0.0,0.0,12.0,0.026,-0.0041,4.15,-2.67,-11.844,0.72,1,1,cable_cut
2026-06-01T12:01:55.700000,0.0,0.0,12.0,0.0284,0.0347,4.59,-2.69,-11.361,0.72,1,1,cable_cut
2026-06-01T12:01:55.800000,0.0,0.0,12.0,0.0166,-0.0428,4.25,-2.49,-9.191,0.72,1,1,cable_cut
2026-06-01T12:01:55.900000,0.0,0.0,12.0,0.0113,-0.0361,3.17,-2.31,-11.562,0.72,1,1,cable_cut
2026-06-01T12:01:56,0.0,0.0,12.0,0.0193,0.0011,3.19,-2.67,-9.619,0.72,1,1,cable_cut
2026-06-01T12:01:56.100000,0.0,0.0,12.0,0.0212,-0.0244,3.05,-2.95,-10.968,0.72,1,1,cable_cut
2026-06-01T12:01:56.200000,0.0,0.0,12.0,0.0255,0.0236,4.02,-2.97,-11.381,0.72,1,1,cable_cut
2026-06-01T12:01:56.300000,0.0,0.0,12.0,0.0139,0.0059,4.12,-2.29,-9.851,0.72,1,1,cable_cut
2026-06-01T12:01:56.400000,0.0,0.0,12.0,0.024,0.0077,3.91,-2.18,-11.873,0.72,1,1,cable_cut
2026-06-01T12:01:56.500000,0.0,0.0,12.0,0.0202,0.022,4.63,-2.57,-11.096,0.72,1,1,cable_cut
2026-06-01T12:01:56.600000,0.0,0.0,12.0,0.018,0.0637,4.24,-2.5,-10.437,0.72,1,1,cable_cut
2026-06-01T12:01:56.700000,0.0,0.0,12.0,0.0125,-0.008,3.3,-2.89,-11.373,0.72,1,1,cable_cut
2026-06-01T12:01:56.800000,0.0,0.0,12.0,0.0161,-0.0751,3.19,-2.07,-11.212,0.72,1,1,cable_cut
2026-06-01T12:01:56.900000,0.0,0.0,12.0,0.0151,0.134,3.11,-2.3,-10.747,0.72,1,1,cable_cut
2026-06-01T12:01:57,0.0,0.0,12.0,0.0164,0.0346,4.56,-2.16,-11.39,0.72,1,1,cable_cut
2026-06-01T12:01:57.100000,0.0,0.0,12.0,0.0186,-0.0402,4.33,-2.12,-10.155,0.72,1,1,cable_cut
2026-06-01T12:01:57.200000,0.0,0.0,12.0,0.0281,-0.0345,3.67,-2.62,-9.034,0.72,1,1,cable_cut
2026-06-01T12:01:57.300000,0.0,0.0,12.0,0.0145,0.0011,4.28,-2.98,-10.927,0.72,1,1,cable_cut
2026-06-01T12:01:57.400000,0.0,0.0,12.0,0.0256,0.0512,3.32,-2.77,-9.442,0.72,1,1,cable_cut
2026-06-01T12:01:57.500000,0.0,0.0,12.0,0.0176,-0.0308,3.71,-2.62,-9.605,0.72,1,1,cable_cut
2026-06-01T12:01:57.600000,0.0,0.0,12.0,0.0291,0.0525,3.41,-2.51,-10.351,0.72,1,1,cable_cut
2026-06-01T12:01:57.700000,0.0,0.0,12.0,0.0209,-0.0313,3.6,-2.08,-11.142,0.72,1,1,cable_cut
2026-06-01T12:01:57.800000,0.0,0.0,12.0,0.0181,-0.0781,4.28,-2.46,-10.31,0.72,1,1,cable_cut
2026-06-01T12:01:57.900000,0.0,0.0,12.0,0.0178,-0.0824,3.7,-2.88,-9.967,0.72,1,1,cable_cut
2026-06-01T12:01:58,0.0,0.0,12.0,0.0259,0.0488,4.93,-2.05,-10.378,0.72,1,1,cable_cut
2026-06-01T12:01:58.100000,0.0,0.0,12.0,0.0123,-0.0213,3.23,-2.13,-10.102,0.72,1,1,cable_cut
2026-06-01T12:01:58.200000,0.0,0.0,12.0,0.0234,-0.0604,4.64,-2.28,-11.344,0.72,1,1,cable_cut
2026-06-01T12:01:58.300000,0.0,0.0,12.0,0.0121,-0.0047,3.22,-2.04,-11.662,0.72,1,1,cable_cut
2026-06-01T12:01:58.400000,0.0,0.0,12.0,0.0115,0.0028,4.47,-2.9,-9.873,0.72,1,1,cable_cut
2026-06-01T12:01:58.500000,0.0,0.0,12.0,0.0298,0.0778,4.85,-2.71,-9.946,0.72,1,1,cable_cut
2026-06-01T12:01:58.600000,0.0,0.0,12.0,0.0162,0.0428,4.02,-2.45,-9.068,0.72,1,1,cable_cut
2026-06-01T12:01:58.700000,0.0,0.0,12.0,0.0123,-0.0011,4.85,-2.62,-11.616,0.72,1,1,cable_cut
2026-06-01T12:01:58.800000,0.0,0.0,12.0,0.0186,0.0591,4.93,-2.85,-11.204,0.72,1,1,cable_cut
2026-06-01T12:01:58.900000,0.0,0.0,12.0,0.0225,-0.0729,4.85,-2.75,-11.591,0.72,1,1,cable_cut
2026-06-01T12:01:59,0.0,0.0,12.0,0.0191,0.0609,4.21,-2.54,-10.305,0.72,1,1,cable_cut
2026-06-01T12:01:59.100000,0.0,0.0,12.0,0.0296,-0.001,3.72,-2.85,-11.54,0.72,1,1,cable_cut
2026-06-01T12:01:59.200000,0.0,0.0,12.0,0.0126,-0.0008,4.01,-2.32,-11.243,0.72,1,1,cable_cut
2026-06-01T12:01:59.300000,0.0,0.0,12.0,0.0136,-0.0028,3.04,-2.02,-9.855,0.72,1,1,cable_cut
2026-06-01T12:01:59.400000,0.0,0.0,12.0,0.015,-0.0746,4.69,-2.17,-10.703,0.72,1,1,cable_cut
2026-06-01T12:01:59.500000,0.0,0.0,12.0,0.0144,0.0669,3.53,-2.32,-9.034,0.72,1,1,cable_cut
2026-06-01T12:01:59.600000,0.0,0.0,12.0,0.0293,-0.0548,3.75,-2.99,-9.985,0.72,1,1,cable_cut
2026-06-01T12:01:59.700000,0.0,0.0,12.0,0.0148,0.1362,3.94,-2.25,-11.492,0.72,1,1,cable_cut
2026-06-01T12:01:59.800000,0.0,0.0,12.0,0.0252,-0.0801,3.33,-2.5,-10.306,0.72,1,1,cable_cut
2026-06-01T12:01:59.900000,0.0,0.0,12.0,0.0159,0.0266,4.66,-2.84,-11.021,0.72,1,1,cable_cut
