timestamp,voltage,current,temperature,vibration,acoustic_strain,optical_osnr,optical_ber,optical_power,cable_domain_id,label,fault_type
2025-01-01 00:16:28.599999905,0.0,0.0,0.0,0.0528111650868481,0.0,38.55791732433487,-7.725465648520887,0.5894090004572572,1,0,none
2025-01-01 00:16:28.700000048,0.0,0.0,0.0,0.123150164680787,0.0,18.19934525039008,-4.043267672469338,0.747224992681208,1,0,none
2025-01-01 00:16:28.799999952,0.0,0.0,0.0,0.0668720052031154,0.0,38.67679314392564,-7.759278153841225,0.5714227340780165,1,0,none
2025-01-01 00:16:28.900000095,0.0,0.0,0.0,0.1025124719614234,0.0,17.964224927333806,-3.8501682894842726,0.7250858162117098,1,0,none
2025-01-01 00:16:29.000000000,0.0,0.0,0.0,0.3454303830374676,0.0,38.87558423635394,-7.6594139894752,0.6494835106201733,1,0,none
2025-01-01 00:16:29.099999905,0.0,0.0,0.0,0.3342279579189721,0.0,18.57474713447928,-4.322398708304552,0.5724823206090089,1,0,none
2025-01-01 00:16:29.200000048,0.0,0.0,0.0,0.1918018959434939,0.0,17.791047332380153,-15.065927684412346,0.5921691726495366,1,0,none
2025-01-01 00:16:29.299999952,0.0,0.0,0.0,0.1410830238962409,0.0,24.93507438650849,-12.131226378912368,0.7711815590909257,1,0,none
2025-01-01 00:16:29.400000095,0.0,0.0,0.0,0.1542785938235711,0.0,38.55907335491672,-7.6189432531530015,0.452978488724582,1,0,none
2025-01-01 00:16:29.500000000,0.0,0.0,0.0,0.1057637882760451,0.0,11.866507434098049,-15.01665229944864,0.6716068426374292,1,0,none
2025-01-01 00:16:29.599999905,0.0,0.0,0.0,0.059740092504557,0.0,38.46697117452949,-7.567000654313506,0.5511810301207325,1,0,none
2025-01-01 00:16:29.700000048,0.0,0.0,0.0,0.0783368712227124,0.0,11.918918889697617,-2.074768478292779,0.7060362768959662,1,0,none
2025-01-01 00:16:29.799999952,0.0,0.0,0.0,0.0544041785324364,0.0,39.08386051121214,-7.8384732191922,0.5088740177909159,1,0,none
2025-01-01 00:16:29.900000095,0.0,0.0,0.0,0.0865446958692973,0.0,12.38398549249913,-2.260445997845012,0.7737459936896902,1,0,none
2025-01-01 00:16:30.000000000,0.0,0.0,0.0,0.0808611599335109,0.0,38.780396412200986,-7.672791000421903,0.6290687984585717,1,0,none
2025-01-01 00:16:30.099999905,0.0,0.0,0.0,0.039803145144477,0.0,24.91097768390132,-6.536959975468844,0.648408822183893,1,0,none
2025-01-01 00:16:30.200000048,0.0,0.0,0.0,0.0269996728486014,0.0,38.26480189732063,-7.6633957698561055,0.5414761925509153,1,0,none
2025-01-01 00:16:30.299999952,0.0,0.0,0.0,0.024756947283847,0.0,24.787552668626788,-6.606265936912748,0.7231640170895194,1,0,none
2025-01-01 00:16:30.400000095,0.0,0.0,0.0,0.0455300527564078,0.0,38.79114653788401,-7.775322875335199,0.5890106986100121,1,0,none
2025-01-01 00:16:30.500000000,0.0,0.0,0.0,0.0211772807839265,0.0,24.52252061118981,-5.5435139511216285,0.7159563671534519,1,0,none
2025-01-01 00:16:30.599999905,0.0,0.0,0.0,0.0810558484846152,0.0,38.79096596206198,-7.57945715591993,0.6380701274968058,1,0,none
2025-01-01 00:16:30.700000048,0.0,0.0,0.0,0.0330229699940992,0.0,21.69678276757883,-5.051948512106431,0.7014453296662897,1,0,none
2025-01-01 00:16:30.799999952,0.0,0.0,0.0,0.0810219452549978,0.0,21.21854499379692,-5.064148993096941,0.615599639519605,1,0,none
2025-01-01 00:16:30.900000095,0.0,0.0,0.0,0.0600691398712605,0.0,25.4242087406686,-12.154175091148767,0.7176816164827016,1,0,none
2025-01-01 00:16:31.000000000,0.0,0.0,0.0,0.0662895734927216,0.0,37.86550162513264,-7.714608617415952,0.5528991473294426,1,0,none
2025-01-01 00:16:31.099999905,0.0,0.0,0.0,0.04958196665251,0.0,21.190379584629497,-5.248855366111447,0.6893642462100574,1,0,none
2025-01-01 00:16:31.200000048,0.0,0.0,0.0,0.040245178745868,0.0,38.38464403569379,-7.606050419762408,0.5950432220274497,1,0,none
2025-01-01 00:16:31.299999952,0.0,0.0,0.0,0.0381245451650834,0.0,25.13875914370237,-6.575514931142283,0.7439778568679412,1,0,none
2025-01-01 00:16:31.400000095,0.0,0.0,0.0,0.0294535177063806,0.0,25.096316440218228,-6.422742363553482,0.567891053125995,1,0,none
2025-01-01 00:16:31.500000000,0.0,0.0,0.0,0.0409119145864032,0.0,25.0869733522113,-12.057549385242684,0.7343315684357463,1,0,none
2025-01-01 00:16:31.599999905,0.0,0.0,0.0,0.0702971934445478,0.0,38.99480222591555,-7.491101566137233,0.5793214250829508,1,0,none
2025-01-01 00:16:31.700000048,0.0,0.0,0.0,0.1147668982516002,0.0,24.538364548645784,-6.451974046480943,0.7698716986927876,1,0,none
2025-01-01 00:16:31.799999952,0.0,0.0,0.0,0.1291999902932486,0.0,38.4438827450579,-7.612609698714559,0.5002674285014397,1,0,none
2025-01-01 00:16:31.900000095,0.0,0.0,0.0,0.0679226064107521,0.0,24.12863861240749,-6.242105752795925,0.7031616283708495,1,0,none
2025-01-01 00:16:32.000000000,0.0,0.0,0.0,0.0461366288224506,0.0,38.19111670867318,-7.689500731778128,-0.0013884365170675,1,0,none
2025-01-01 00:16:32.099999905,0.0,0.0,0.0,0.0690940346615457,0.0,24.468079583140074,-6.366402365362606,0.6579786978703329,1,0,none
2025-01-01 00:16:32.200000048,0.0,0.0,0.0,0.0845149204510382,0.0,23.684320876113844,-6.456773165586224,0.6431447776556924,1,0,none
2025-01-01 00:16:32.299999952,0.0,0.0,0.0,0.0429835574298205,0.0,25.314086360328464,-11.906478743506517,0.7151495428332864,1,0,none
2025-01-01 00:16:32.400000095,0.0,0.0,0.0,0.055778573442561,0.0,38.61399120996979,-7.614266937764931,0.600376570124427,1,0,none
2025-01-01 00:16:32.500000000,0.0,0.0,0.0,0.1229638929942941,0.0,19.343732128828872,-3.7329755043343433,0.6193574532617915,1,0,none
2025-01-01 00:16:32.599999905,0.0,0.0,0.0,0.0502406733222076,0.0,37.44968791631147,-7.612157738659124,0.6506477924716991,1,0,none
2025-01-01 00:16:32.700000048,0.0,0.0,0.0,0.1146971119579136,0.0,18.32962629111424,-3.732332709590411,0.7302843105564596,1,0,none
2025-01-01 00:16:32.799999952,0.0,0.0,0.0,0.1536628665871269,0.0,18.506477913231723,-3.9181615901591047,0.622519774442061,1,0,none
2025-01-01 00:16:32.900000095,0.0,0.0,0.0,0.0602333785394039,0.0,17.564321693621267,-3.035409603434599,0.5917651976271037,1,0,none
2025-01-01 00:16:33.000000000,0.0,0.0,0.0,0.0382954633781641,0.0,24.78833861581646,-12.03978148840242,0.6446400101070501,1,0,none
2025-01-01 00:16:33.099999905,0.0,0.0,0.0,0.0797848296697943,0.0,38.24618809821171,-7.596626285188986,0.5089356602139915,1,0,none
2025-01-01 00:16:33.200000048,0.0,0.0,0.0,0.0790157063083375,0.0,16.697069611895895,-2.9906446743624886,0.7955217816066706,1,0,none
2025-01-01 00:16:33.299999952,0.0,0.0,0.0,0.0786783321315337,0.0,38.38329577861549,-7.376280768601658,0.5005497780856994,1,0,none
2025-01-01 00:16:33.400000095,0.0,0.0,0.0,0.1900534921653733,0.0,16.617972932223854,-2.9812161513776547,0.6495866121066827,1,0,none
2025-01-01 00:16:33.500000000,0.0,0.0,0.0,0.0958460835484517,0.0,16.537126392757283,-2.97224370094444,0.589888975696221,1,0,none
2025-01-01 00:16:33.599999905,0.0,0.0,0.0,0.0367078009015051,0.0,16.59361863951802,-3.1187691247467098,0.5400909623519363,1,0,none
2025-01-01 00:16:33.700000048,0.0,0.0,0.0,0.1181655666256967,0.0,25.25748112905456,-11.984300196561096,0.7007653287422755,1,0,none
2025-01-01 00:16:33.799999952,0.0,0.0,0.0,0.1400932744580493,0.0,38.1211111189398,-7.631188825785167,0.6044455256332619,1,0,none
2025-01-01 00:16:33.900000095,0.0,0.0,0.0,0.0464441369998406,0.0,15.926652202421854,-2.92245582999304,0.7194753836863983,1,0,none
2025-01-01 00:16:34.000000000,0.0,0.0,0.0,0.1720298189467256,0.0,38.4297658156315,-7.628987145921968,0.481333786011959,1,0,none
2025-01-01 00:16:34.099999905,0.0,0.0,0.0,0.0649472299699741,0.0,17.040458522349656,-3.37733493621429,0.7645930656507327,1,0,none
2025-01-01 00:16:34.200000048,0.0,0.0,0.0,0.0488037402964645,0.0,39.10665223002621,-7.764676685780852,-0.0027887168839906,1,0,none
2025-01-01 00:16:34.299999952,0.0,0.0,0.0,0.0566072838046853,0.0,25.949353140669764,-6.581368666542164,0.7001362275040812,1,0,none
2025-01-01 00:16:34.400000095,0.0,0.0,0.0,0.120029382625959,0.0,25.342105589671792,-6.807386483698967,0.6022745850348865,1,0,none
2025-01-01 00:16:34.500000000,0.0,0.0,0.0,0.0560441103581172,0.0,38.06536547540456,-7.536213683309601,0.5369921610186663,1,0,none
2025-01-01 00:16:34.599999905,0.0,0.0,0.0,0.0862573923381683,0.0,24.89708826950445,-4.72094506135602,0.6925234817728365,1,0,none
2025-01-01 00:16:34.700000048,0.0,0.0,0.0,0.116826063335155,0.0,38.41578855153518,-7.682892769163386,0.5544502055276741,1,0,none
2025-01-01 00:16:34.799999952,0.0,0.0,0.0,0.0747040611137977,0.0,18.34057791095519,-3.942187921963437,0.6803719161321204,1,0,none
2025-01-01 00:16:34.900000095,0.0,0.0,0.0,0.0001837469707624,0.0,38.99018762031679,-7.542243466710079,-0.0277322054023004,1,0,none
2025-01-01 00:16:35.000000000,0.0,0.0,0.0,0.1067556980091046,0.0,18.56034163786273,-3.760938888750106,0.532481115755908,1,0,none
2025-01-01 00:16:35.099999905,0.0,0.0,0.0,0.0559739046886658,0.0,18.16822152369749,-3.835628919413316,0.5717306395439942,1,0,none
2025-01-01 00:16:35.200000048,0.0,0.0,0.0,0.0529118568593352,0.0,24.733046568717658,-11.942191544758105,0.7357611634040876,1,0,none
2025-01-01 00:16:35.299999952,0.0,0.0,0.0,0.035867695586274,0.0,38.211766132526535,-7.551148296020161,0.5925122759684444,1,0,none
2025-01-01 00:16:35.400000095,0.0,0.0,0.0,0.0673292879171794,0.0,17.47623830612143,-3.675606544173992,0.6764443488204349,1,0,none
2025-01-01 00:16:35.500000000,0.0,0.0,0.0,0.087676383127207,0.0,38.50911529365192,-7.739788304533515,0.6149742999090881,1,0,none
2025-01-01 00:16:35.599999905,0.0,0.0,0.0,0.1527191764882483,0.0,17.517564378673676,-3.565013685745154,0.6985647964149823,1,0,none
2025-01-01 00:16:35.700000048,0.0,0.0,0.0,0.3312216894085206,0.0,38.189620612118006,-7.769117751926005,0.6331076814092026,1,0,none
2025-01-01 00:16:35.799999952,0.0,0.0,0.0,0.2827919873612092,0.0,17.495200288637626,-3.345281898774154,0.5173807971772872,1,0,none
2025-01-01 00:16:35.900000095,0.0,0.0,0.0,0.1006148484615489,0.0,14.027773290130424,-2.013696745589172,0.6609128961309862,1,0,none
2025-01-01 00:16:36.000000000,0.0,0.0,0.0,0.0517590226612867,0.0,24.678800078142945,-11.944215013530656,0.6813498137369463,1,0,none
2025-01-01 00:16:36.099999905,0.0,0.0,0.0,0.0297275456380066,0.0,38.36470370890992,-7.793023261662467,0.4892967738463711,1,0,none
2025-01-01 00:16:36.200000048,0.0,0.0,0.0,0.0885020272708433,0.0,14.10654879236847,-2.1569587964985315,0.5870361914282232,1,0,none
2025-01-01 00:16:36.299999952,0.0,0.0,0.0,0.0846268724713957,0.0,38.52964773945624,-7.750295673981242,0.5302141944562428,1,0,none
2025-01-01 00:16:36.400000095,0.0,0.0,0.0,0.1138899860023721,0.0,14.376744190490935,-2.019730827761129,0.720237542949818,1,0,none
2025-01-01 00:16:36.500000000,0.0,0.0,0.0,0.0009459988487131,0.0,38.550338782819374,-7.677608652592402,-0.0348845572023102,1,0,none
2025-01-01 00:16:36.599999905,0.0,0.0,0.0,0.070437223526833,0.0,18.15401064354322,-3.569633378701093,0.5723377419933064,1,0,none
2025-01-01 00:16:36.700000048,0.0,0.0,0.0,0.0425847968063294,0.0,19.29693831988272,-4.2465869909463,0.5225312115696636,1,0,none
2025-01-01 00:16:36.799999952,0.0,0.0,0.0,0.1071688685256567,0.0,25.019015017791315,-11.939350784843915,0.8121596009572428,1,0,none
2025-01-01 00:16:36.900000095,0.0,0.0,0.0,0.0499364193442672,0.0,38.281482906027485,-7.745121824989487,0.4803509191162405,1,0,none
2025-01-01 00:16:37.000000000,0.0,0.0,0.0,0.0991046224341006,0.0,18.92622354054671,-4.289298948963404,0.7179149484788742,1,0,none
2025-01-01 00:16:37.099999905,0.0,0.0,0.0,0.0585571496178876,0.0,38.71041696814285,-7.751783054859221,0.6105378869808795,1,0,none
2025-01-01 00:16:37.200000048,0.0,0.0,0.0,0.0729418292571999,0.0,22.153581989112627,-5.004022325242242,0.7747088144711877,1,0,none
2025-01-01 00:16:37.299999952,0.0,0.0,0.0,0.0275018432099673,0.0,38.68113444086589,-7.670223810716903,0.0089563906889478,1,0,none
2025-01-01 00:16:37.400000095,0.0,0.0,0.0,0.0795205732996155,0.0,26.354595428297134,-6.916847782261147,0.6175776932291875,1,0,none
2025-01-01 00:16:37.500000000,0.0,0.0,0.0,0.0204521275466982,0.0,25.53746802919652,-6.855913436729503,0.5515252407250214,1,0,none
2025-01-01 00:16:37.599999905,0.0,0.0,0.0,0.0310772358452061,0.0,25.50228122982134,-12.020754928653746,0.7231085465773349,1,0,none
2025-01-01 00:16:37.700000048,0.0,0.0,0.0,0.0333721393292641,0.0,38.32972366443376,-7.567538680721067,0.5070306934464625,1,0,none
2025-01-01 00:16:37.799999952,0.0,0.0,0.0,0.0536192672368623,0.0,24.996194330989454,-6.300903477569874,0.6959971262349129,1,0,none
2025-01-01 00:16:37.900000095,0.0,0.0,0.0,0.0325412486011243,0.0,38.072012335355225,-7.531284700446916,0.589204779818625,1,0,none
2025-01-01 00:16:38.000000000,0.0,0.0,0.0,0.0206207145267554,0.0,24.166261405851955,-6.378274535989388,0.7469796933891932,1,0,none
2025-01-01 00:16:38.099999905,0.0,0.0,0.0,0.026284444934623,0.0,37.64888329895116,-7.598420774413313,0.0157256871901348,1,0,none
2025-01-01 00:16:38.200000048,0.0,0.0,0.0,0.0916264816803138,0.0,24.357781184076394,-6.192185166306511,0.6409169926234036,1,0,none
2025-01-01 00:16:38.299999952,0.0,0.0,0.0,0.0915924789788643,0.0,25.073167282486136,-11.847300114819554,0.7220459413904179,1,0,none
2025-01-01 00:16:38.400000095,0.0,0.0,0.0,0.1541259906871155,0.0,38.14210798869426,-7.711013658412659,0.5372640605007054,1,0,none
2025-01-01 00:16:38.500000000,0.0,0.0,0.0,0.0087205004136914,0.0,24.08218212847225,-5.525802130364846,0.7259171274472713,1,0,none
2025-01-01 00:16:38.599999905,0.0,0.0,0.0,0.0170736229152572,0.0,38.4885613936737,-7.603571003575224,0.509235983530444,1,0,none
2025-01-01 00:16:38.700000048,0.0,0.0,0.0,0.0305785375082859,0.0,21.267205325911437,-5.3287220355874565,0.6293015433296443,1,0,none
2025-01-01 00:16:38.799999952,0.0,0.0,0.0,0.0237990367284811,0.0,37.80571598189599,-7.513910407198439,0.4938983414688542,1,0,none
2025-01-01 00:16:38.900000095,0.0,0.0,0.0,0.0456025037643319,0.0,21.468755910815773,-5.524314004312609,0.731729113944989,1,0,none
2025-01-01 00:16:39.000000000,0.0,0.0,0.0,0.1268968189035506,0.0,39.03008750594629,-7.703579845612371,-0.0801519742217739,1,0,none
2025-01-01 00:16:39.099999905,0.0,0.0,0.0,0.0192917856133221,0.0,21.85743521478721,-5.3933652806575605,0.564219038126532,1,0,none
2025-01-01 00:16:39.200000048,0.0,0.0,0.0,0.1755952534494007,0.0,25.19865062618425,-11.985196920172056,0.7521069946317588,1,0,none
2025-01-01 00:16:39.299999952,0.0,0.0,0.0,0.1071269986188656,0.0,38.05040935085523,-7.862888638415503,0.5612089742426897,1,0,none
2025-01-01 00:16:39.400000095,0.0,0.0,0.0,0.0517700260046596,0.0,22.9582643449042,-5.941318962488715,0.727408163589824,1,0,none
2025-01-01 00:16:39.500000000,0.0,0.0,0.0,0.0038344028712623,0.0,38.89033061890723,-7.564526828459774,0.6635787229452281,1,0,none
2025-01-01 00:16:39.599999905,0.0,0.0,0.0,0.0122054326389425,0.0,22.10049650985661,-5.69077962601697,0.6675875140643486,1,0,none
2025-01-01 00:16:39.700000048,0.0,0.0,0.0,0.0732739918668666,0.0,38.38840498282525,-7.782766252316471,0.5987805638230912,1,0,none
2025-01-01 00:16:39.799999952,0.0,0.0,0.0,0.0291500224586549,0.0,22.748729671904652,-5.664773962061351,0.7444266958610292,1,0,none
2025-01-01 00:16:39.900000095,0.0,0.0,0.0,0.0505494792914586,0.0,22.89331653606145,-5.7944054513833,0.672585684478974,1,0,none
2025-01-01 00:16:40.000000000,0.0,0.0,0.0,0.0968550085459346,0.0,24.796451580853837,-12.102247408635858,0.7054476858635403,1,0,none
2025-01-01 00:16:40.099999905,0.0,0.0,0.0,0.1248587066489505,0.0,38.4083501610839,-7.717573095400048,0.4563877468877371,1,0,none
2025-01-01 00:16:40.200000048,0.0,0.0,0.0,0.089978090316381,0.0,22.52078568168645,-5.899557851457295,0.7547730233779414,1,0,none
2025-01-01 00:16:40.299999952,0.0,0.0,0.0,0.0751715691430585,0.0,38.63312541408384,-7.733211494899165,0.5667777927319799,1,0,none
2025-01-01 00:16:40.400000095,0.0,0.0,0.0,0.0608131824154202,0.0,22.959153559438576,-5.996558098918568,0.6404007350737793,1,0,none
2025-01-01 00:16:40.500000000,0.0,0.0,0.0,0.0480224542928455,0.0,38.36868735285764,-7.676969521550419,0.7972024146900949,1,0,none
2025-01-01 00:16:40.599999905,0.0,0.0,0.0,0.0200023944498101,0.0,25.800246149330523,-6.788999786824113,0.6488937130419721,1,0,none
2025-01-01 00:16:40.700000048,0.0,0.0,0.0,0.0362546838298,0.0,25.465498378295933,-6.982454152362783,0.6335993870068247,1,0,none
2025-01-01 00:16:40.799999952,0.0,0.0,0.0,0.1175967392176133,0.0,24.745711836250933,-11.99829796859476,0.6417235305211844,1,0,none
2025-01-01 00:16:40.900000095,0.0,0.0,0.0,0.0624175861010296,0.0,38.84557838550297,-7.734112228366808,0.5845308761072809,1,0,none
2025-01-01 00:16:41.000000000,0.0,0.0,0.0,0.1164770602930122,0.0,25.976580913402284,-6.780831572080489,0.7544752229781527,1,0,none
2025-01-01 00:16:41.099999905,0.0,0.0,0.0,0.1204976429772778,0.0,38.8554229810288,-7.883135846081535,0.5626784114068923,1,0,none
2025-01-01 00:16:41.200000048,0.0,0.0,0.0,0.1504181129822662,0.0,13.805260777534556,-2.0228485624723542,0.6995314220739617,1,0,none
2025-01-01 00:16:41.299999952,0.0,0.0,0.0,0.2665082213458689,0.0,38.36021470657838,-7.839352978922898,0.6553205937550791,1,0,none
2025-01-01 00:16:41.400000095,0.0,0.0,0.0,0.3121093702396739,0.0,14.146896577600996,-2.099662681517092,0.5891896541108337,1,0,none
2025-01-01 00:16:41.500000000,0.0,0.0,0.0,0.0970481082566775,0.0,13.912462552169169,-2.149712742785926,0.574398524287036,1,0,none
2025-01-01 00:16:41.599999905,0.0,0.0,0.0,0.0377521500806837,0.0,24.67789214614076,-12.03607028833794,0.7285997818696341,1,0,none
2025-01-01 00:16:41.700000048,0.0,0.0,0.0,0.0227310014892538,0.0,38.63749538173763,-7.806586101226909,0.5075062037441299,1,0,none
2025-01-01 00:16:41.799999952,0.0,0.0,0.0,0.0733411928209148,0.0,15.28555782230256,-2.7530701956827803,0.7282325360751778,1,0,none
2025-01-01 00:16:41.900000095,0.0,0.0,0.0,0.1075368583467853,0.0,39.03835745451767,-7.888107059478185,0.5080507218635172,1,0,none
2025-01-01 00:16:42.000000000,0.0,0.0,0.0,0.1152819195707542,0.0,16.863452438725478,-3.1521451406459526,0.686882372291999,1,0,none
2025-01-01 00:16:42.099999905,0.0,0.0,0.0,0.0388267029432737,0.0,16.68122922790667,-2.8525457058708903,0.6558022198506408,1,0,none
2025-01-01 00:16:42.200000048,0.0,0.0,0.0,0.0547107846031506,0.0,17.108302011430933,-3.147219027651309,0.5648101640006978,1,0,none
2025-01-01 00:16:42.299999952,0.0,0.0,0.0,0.0954754746798261,0.0,25.019437405037014,-12.125425648003114,0.7325268244488801,1,0,none
2025-01-01 00:16:42.400000095,0.0,0.0,0.0,0.058274490043344,0.0,38.82963124831251,-7.662630749256028,0.5776497078835685,1,0,none
2025-01-01 00:16:42.500000000,0.0,0.0,0.0,0.071317305618412,0.0,17.743316088590625,-3.448307721314452,0.6864524663311528,1,0,none
2025-01-01 00:16:42.599999905,0.0,0.0,0.0,0.1129250359317703,0.0,38.6736496045383,-7.810830236756819,0.6080891600677896,1,0,none
2025-01-01 00:16:42.700000048,0.0,0.0,0.0,0.1063712058861887,0.0,17.323443848545715,-3.500696170240176,0.7038892170988557,1,0,none
2025-01-01 00:16:42.799999952,0.0,0.0,0.0,0.0558930194299178,0.0,16.488613412546865,-3.0053714182711104,0.6801138263292675,1,0,none
2025-01-01 00:16:42.900000095,0.0,0.0,0.0,0.0119831611897791,0.0,15.475059942283552,-2.5783634357430056,0.714673246243859,1,0,none
2025-01-01 00:16:43.000000000,0.0,0.0,0.0,0.1614396257479805,0.0,38.747026955368696,-7.65527100443027,0.5379349489149344,1,0,none
2025-01-01 00:16:43.099999905,0.0,0.0,0.0,0.0619121171753754,0.0,15.983690028270289,-2.7180722545086886,0.7822477492013699,1,0,none
2025-01-01 00:16:43.200000048,0.0,0.0,0.0,0.073089251592305,0.0,38.75130951971553,-7.699499624520971,0.5181216037338563,1,0,none
2025-01-01 00:16:43.299999952,0.0,0.0,0.0,0.0853863410168595,0.0,15.537610271511328,-2.757928377324173,0.6983592795245901,1,0,none
2025-01-01 00:16:43.400000095,0.0,0.0,0.0,0.0597107326067685,0.0,24.10695352931572,-6.465723028931813,0.6402270171306786,1,0,none
2025-01-01 00:16:43.500000000,0.0,0.0,0.0,0.0883317263757292,0.0,24.75143547059858,-6.48173382887157,0.5568699860125268,1,0,none
2025-01-01 00:16:43.599999905,0.0,0.0,0.0,0.0501227475539839,0.0,24.80869653868381,-6.547907031427808,0.5031196110176346,1,0,none
2025-01-01 00:16:43.700000048,0.0,0.0,0.0,0.1070839000099836,0.0,24.906121309842995,-12.159857351847425,0.7295716299660533,1,0,none
2025-01-01 00:16:43.799999952,0.0,0.0,0.0,0.0916507212752997,0.0,38.785566907093376,-7.527721030223364,0.5243175492275581,1,0,none
2025-01-01 00:16:43.900000095,0.0,0.0,0.0,0.1188442191329255,0.0,15.295702923304452,-2.3740852519488747,0.735525704356093,1,0,none
2025-01-01 00:16:44.000000000,0.0,0.0,0.0,0.0565550027276764,0.0,14.83705876055233,-2.4102881873498405,0.6399705969008743,1,0,none
2025-01-01 00:16:44.099999905,0.0,0.0,0.0,0.0961492072024807,0.0,14.63498046325306,-2.334523204312119,0.7175577031009558,1,0,none
2025-01-01 00:16:44.200000048,0.0,0.0,0.0,0.0324797451169161,0.0,19.122233456098773,-3.0358420743574177,0.5762168642788024,1,0,none
2025-01-01 00:16:44.299999952,0.0,0.0,0.0,0.037434701728065,0.0,25.037315430072315,-12.106919795013244,0.7557109035139656,1,0,none
2025-01-01 00:16:44.400000095,0.0,0.0,0.0,0.0684144367509519,0.0,38.35151187189548,-7.809363315000761,0.5700942331563774,1,0,none
2025-01-01 00:16:44.500000000,0.0,0.0,0.0,0.0337853355112451,0.0,19.236059567623816,-4.452421952908136,0.7155696750539036,1,0,none
2025-01-01 00:16:44.599999905,0.0,0.0,0.0,0.0850835405694902,0.0,19.33524370089954,-4.255000834263462,0.6832366521056658,1,0,none
2025-01-01 00:16:44.700000048,0.0,0.0,0.0,0.0244724515800813,0.0,13.962905819072349,-2.129801341612458,0.6584398732932633,1,0,none
2025-01-01 00:16:44.799999952,0.0,0.0,0.0,0.1137717945432668,0.0,13.937262580201436,-2.284687265122431,0.5605031806478714,1,0,none
2025-01-01 00:16:44.900000095,0.0,0.0,0.0,0.146204677399985,0.0,25.13012428280456,-11.987137188675907,0.7102827332964858,1,0,none
2025-01-01 00:16:45.000000000,0.0,0.0,0.0,0.0762112479782531,0.0,37.96843099532607,-7.562084284348626,0.7269114655915208,1,0,none
2025-01-01 00:16:45.099999905,0.0,0.0,0.0,0.0873117058006894,0.0,14.19106104751862,-2.0247239149357963,0.5997646573603391,1,0,none
2025-01-01 00:16:45.200000048,0.0,0.0,0.0,0.0929125585913279,0.0,21.098695546301265,-2.6015673945572177,0.6143100266930651,1,0,none
2025-01-01 00:16:45.299999952,0.0,0.0,0.0,0.0149392655819564,0.0,23.87124825109881,-6.45604653108853,0.7212702966186466,1,0,none
2025-01-01 00:16:45.400000095,0.0,0.0,0.0,0.1041863735223684,0.0,23.768664451643502,-6.403566761700862,0.6932206831929999,1,0,none
2025-01-01 00:16:45.500000000,0.0,0.0,0.0,0.0891356437023941,0.0,25.13006248314176,-11.88091289266111,0.6535558770794917,1,0,none
2025-01-01 00:16:45.599999905,0.0,0.0,0.0,0.1483367757341427,0.0,38.53322752183254,-7.794378607475702,0.6665502783780147,1,0,none
2025-01-01 00:16:45.700000048,0.0,0.0,0.0,0.2695160079820274,0.0,23.795409364804375,-3.4507777333182066,0.6571261409752072,1,0,none
2025-01-01 00:16:45.799999952,0.0,0.0,0.0,0.1354275511567899,0.0,16.543411344557683,-3.077973913197918,0.6516759996571199,1,0,none
2025-01-01 00:16:45.900000095,0.0,0.0,0.0,0.065844238747038,0.0,16.068117560760353,-3.129254188437492,0.6588214052660462,1,0,none
2025-01-01 00:16:46.000000000,0.0,0.0,0.0,0.1264830983523112,0.0,38.641946407555466,-7.648141416348089,0.5948300647426529,1,0,none
2025-01-01 00:16:46.099999905,0.0,0.0,0.0,0.0983529056561047,0.0,16.571549677701917,-2.4643644404974823,0.6879633919127962,1,0,none
2025-01-01 00:16:46.200000048,0.0,0.0,0.0,0.020695994168397,0.0,38.86567312450852,-7.756769864788492,0.0164984962495093,1,0,none
2025-01-01 00:16:46.299999952,0.0,0.0,0.0,0.0550545923092211,0.0,13.334505435940056,-2.0146366176497765,0.6376096075349046,1,0,none
2025-01-01 00:16:46.400000095,0.0,0.0,0.0,0.0636428911203804,0.0,12.590597102229838,-2.000825096940048,0.5820754199877269,1,0,none
2025-01-01 00:16:46.500000000,0.0,0.0,0.0,0.0020380834692799,0.0,12.784257843181086,-15.033458624856795,0.6157545471607851,1,0,none
2025-01-01 00:16:46.599999905,0.0,0.0,0.0,0.0180869761766593,0.0,24.91709941148673,-12.157842493265177,0.7618855348074833,1,0,none
2025-01-01 00:16:46.700000048,0.0,0.0,0.0,0.0933361328217065,0.0,38.73012490578829,-7.68538465126937,0.533293338057832,1,0,none
2025-01-01 00:16:46.799999952,0.0,0.0,0.0,0.1341052943991806,0.0,11.964700631280088,-15.06348363515498,0.7076284624370467,1,0,none
2025-01-01 00:16:46.900000095,0.0,0.0,0.0,0.1122631578617291,0.0,38.494236127179015,-7.556438362724456,0.5603354458005428,1,0,none
2025-01-01 00:16:47.000000000,0.0,0.0,0.0,0.0651338906989453,0.0,11.867729343416745,-14.95804207023015,0.6857667724782365,1,0,none
2025-01-01 00:16:47.099999905,0.0,0.0,0.0,0.0704651048230557,0.0,11.765064743444784,-2.15518957495308,0.6588450618847179,1,0,none
2025-01-01 00:16:47.200000048,0.0,0.0,0.0,0.0340151108408081,0.0,18.69635847472195,-2.7478235279617715,0.5659967184372506,1,0,none
2025-01-01 00:16:47.299999952,0.0,0.0,0.0,0.0847612845853651,0.0,25.13776125447986,-12.05002551647543,0.7666322759347967,1,0,none
2025-01-01 00:16:47.400000095,0.0,0.0,0.0,0.0134929303590022,0.0,38.87533045933854,-7.422513429053227,0.5813102780816123,1,0,none
2025-01-01 00:16:47.500000000,0.0,0.0,0.0,0.1045634770851136,0.0,18.306881159057344,-3.941076542936216,0.6531615699663552,1,0,none
2025-01-01 00:16:47.599999905,0.0,0.0,0.0,0.3264325630982446,0.0,38.40294935939167,-7.701203661468928,0.7849004842443126,1,0,none
2025-01-01 00:16:47.700000048,0.0,0.0,0.0,0.2700422143314183,0.0,17.976505480011234,-3.921030710181461,0.6084050730630798,1,0,none
2025-01-01 00:16:47.799999952,0.0,0.0,0.0,0.1089629196552681,0.0,16.607675275122197,-3.165102905023652,0.5888526241382475,1,0,none
2025-01-01 00:16:47.900000095,0.0,0.0,0.0,0.0567731221720556,0.0,16.088062032641528,-3.0253561082122973,0.6552277262495595,1,0,none
2025-01-01 00:16:48.000000000,0.0,0.0,0.0,0.0743261617848295,0.0,25.55459892068997,-11.95150790104083,0.7247335759724012,1,0,none
2025-01-01 00:16:48.099999905,0.0,0.0,0.0,0.0635816258061141,0.0,38.20770722567197,-7.592561909391948,0.4614020147882981,1,0,none
2025-01-01 00:16:48.200000048,0.0,0.0,0.0,0.0402472820212837,0.0,16.58209803576375,-3.2084722654999056,0.7237169841378073,1,0,none
2025-01-01 00:16:48.299999952,0.0,0.0,0.0,0.0069226478628036,0.0,38.37005641216413,-7.65757417522572,0.0139548668610771,1,0,none
2025-01-01 00:16:48.400000095,0.0,0.0,0.0,0.0494945745140076,0.0,22.07972692777914,-3.679957797790976,0.5420216661178671,1,0,none
2025-01-01 00:16:48.500000000,0.0,0.0,0.0,0.0048612628604658,0.0,21.75270211374753,-5.5985073931117775,0.6542535042693697,1,0,none
2025-01-01 00:16:48.599999905,0.0,0.0,0.0,0.041639406548906,0.0,21.509454905911436,-5.427489952196294,0.6412323019685964,1,0,none
2025-01-01 00:16:48.700000048,0.0,0.0,0.0,0.0863769503775792,0.0,24.58546924342969,-12.057725401236493,0.6408254058812088,1,0,none
2025-01-01 00:16:48.799999952,0.0,0.0,0.0,0.0891962896962913,0.0,38.73101503267527,-7.910010516974926,0.5635322443129982,1,0,none
2025-01-01 00:16:48.900000095,0.0,0.0,0.0,0.0636420183919815,0.0,22.35184417223248,-5.30336688218784,0.7503731919562516,1,0,none
2025-01-01 00:16:49.000000000,0.0,0.0,0.0,0.0750984300060047,0.0,38.36834500285655,-7.59965378199096,-0.0595647052942507,1,0,none
2025-01-01 00:16:49.099999905,0.0,0.0,0.0,0.0326633820628193,0.0,21.458281547715096,-5.420050464204096,0.6959780273431413,1,0,none
2025-01-01 00:16:49.200000048,0.0,0.0,0.0,0.009627868440979,0.0,21.16254917083529,-5.458473589091505,0.6918926897383902,1,0,none
2025-01-01 00:16:49.299999952,0.0,0.0,0.0,0.0433794085597205,0.0,21.60577054690124,-5.405839670431093,0.535513145657382,1,0,none
2025-01-01 00:16:49.400000095,0.0,0.0,0.0,0.0448370858715934,0.0,24.96590294725029,-12.116230021577756,0.7400709338304088,1,0,none
2025-01-01 00:16:49.500000000,0.0,0.0,0.0,0.0072350604017464,0.0,39.07973697225102,-7.6510591874824945,0.5863131968797674,1,0,none
2025-01-01 00:16:49.599999905,0.0,0.0,0.0,0.0702188316372902,0.0,22.801940107669893,-5.8725006171198215,0.7399668428444097,1,0,none
2025-01-01 00:16:49.700000048,0.0,0.0,0.0,0.0220191361003931,0.0,38.691525621412026,-7.556775852360944,-0.0965454100260077,1,0,none
2025-01-01 00:16:49.799999952,0.0,0.0,0.0,0.1001142593939026,0.0,22.57996410160966,-5.857364832859401,0.6493468278699963,1,0,none
2025-01-01 00:16:49.900000095,0.0,0.0,0.0,0.0979784245858825,0.0,22.42505028482321,-5.468263291966798,0.5843370339630746,1,0,none
2025-01-01 00:16:50.000000000,0.0,0.0,0.0,0.0435121635488035,0.0,21.22169427925239,-5.038651690022273,0.5305078472791204,1,0,none
2025-01-01 00:16:50.099999905,0.0,0.0,0.0,0.0561324973011434,0.0,25.06022156222752,-11.922550985974349,0.7728935283975737,1,0,none
2025-01-01 00:16:50.200000048,0.0,0.0,0.0,0.1846823846619721,0.0,37.969219792423694,-7.556893590386923,0.5433010762995601,1,0,none
2025-01-01 00:16:50.299999952,0.0,0.0,0.0,0.064224658604889,0.0,20.797938105630827,-4.925125835619105,0.7500867467936937,1,0,none
2025-01-01 00:16:50.400000095,0.0,0.0,0.0,0.0364719028290196,0.0,38.24253519046851,-7.713306417891066,0.0254833637731798,1,0,none
2025-01-01 00:16:50.500000000,0.0,0.0,0.0,0.0252860217426646,0.0,20.73612079724676,-4.969419526497672,0.6752666971937016,1,0,none
2025-01-01 00:16:50.599999905,0.0,0.0,0.0,0.0613426695181514,0.0,25.668873198085524,-6.912101016059224,0.6040401116311108,1,0,none
2025-01-01 00:16:50.700000048,0.0,0.0,0.0,0.0581137358682607,0.0,38.56776653546173,-7.613670281213583,0.5469850742232814,1,0,none
2025-01-01 00:16:50.799999952,0.0,0.0,0.0,0.0906981079828509,0.0,25.576940377898904,-6.7850792490123615,0.7018076263962914,1,0,none
2025-01-01 00:16:50.900000095,0.0,0.0,0.0,0.1033496997842342,0.0,38.89404194839757,-7.778726302381722,0.5636013448314414,1,0,none
2025-01-01 00:16:51.000000000,0.0,0.0,0.0,0.0486466435199232,0.0,25.091061673063997,-6.822180484096297,0.7144610970458309,1,0,none
2025-01-01 00:16:51.099999905,0.0,0.0,0.0,0.0403762580185552,0.0,39.05925985776621,-7.692997710356012,0.1293720614388729,1,0,none
2025-01-01 00:16:51.200000048,0.0,0.0,0.0,0.090373300515784,0.0,19.098607722588675,-4.323298779477054,0.5662070114706378,1,0,none
2025-01-01 00:16:51.299999952,0.0,0.0,0.0,0.0690411296948943,0.0,19.326759458983773,-4.316088462908277,0.6740045810098978,1,0,none
2025-01-01 00:16:51.400000095,0.0,0.0,0.0,0.1364472847530738,0.0,19.01563892137917,-4.731926014660959,0.6091687902916529,1,0,none
2025-01-01 00:16:51.500000000,0.0,0.0,0.0,0.1214568163030832,0.0,25.03702574005029,-12.083015827215911,0.7246391986961763,1,0,none
2025-01-01 00:16:51.599999905,0.0,0.0,0.0,0.039476108944004,0.0,19.23337759852194,-15.047685770100133,0.6674842302563462,1,0,none
2025-01-01 00:16:51.700000048,0.0,0.0,0.0,0.0126118064032599,0.0,12.230150572026664,-15.028906606504089,0.7832334015133813,1,0,none
2025-01-01 00:16:51.799999952,0.0,0.0,0.0,0.0042607921968389,0.0,11.874064800813828,-1.9817903777669243,0.6404008567629901,1,0,none
2025-01-01 00:16:51.900000095,0.0,0.0,0.0,0.091312342641723,0.0,11.66312559676573,-1.915115271816244,0.5158366651391088,1,0,none
2025-01-01 00:16:52.000000000,0.0,0.0,0.0,0.0739732438537647,0.0,25.750951537271717,-11.914633694950515,0.8085841098611406,1,0,none
2025-01-01 00:16:52.099999905,0.0,0.0,0.0,0.0045717960952378,0.0,38.35480469811984,-7.620225743626469,-0.0185055801711258,1,0,none
2025-01-01 00:16:52.200000048,0.0,0.0,0.0,0.0438673864591174,0.0,24.6097637316016,-6.299918845482327,0.7298232262400093,1,0,none
2025-01-01 00:16:52.299999952,0.0,0.0,0.0,0.0623115229456592,0.0,23.61770760684304,-6.31080191175833,0.57440976276608,1,0,none
2025-01-01 00:16:52.400000095,0.0,0.0,0.0,0.016153629152139,0.0,24.116116184028595,-6.439287460190477,0.5943949053025996,1,0,none
2025-01-01 00:16:52.500000000,0.0,0.0,0.0,0.0443235280381912,0.0,25.06184018480527,-6.469032617672979,0.6234180914936512,1,0,none
2025-01-01 00:16:52.599999905,0.0,0.0,0.0,0.0433676995174688,0.0,24.84184452097835,-6.650539027183143,0.6458699638768265,1,0,none
2025-01-01 00:16:52.700000048,0.0,0.0,0.0,0.0496247327772721,0.0,23.983263757702417,-4.261814953464344,0.6138989924809989,1,0,none
2025-01-01 00:16:52.799999952,0.0,0.0,0.0,0.0150632897941672,0.0,17.449842183923497,-3.530282154935798,0.6004800373718789,1,0,none
2025-01-01 00:16:52.900000095,0.0,0.0,0.0,0.0628220135601483,0.0,17.155077563389632,-3.2849715851427197,0.7210198215549262,1,0,none
2025-01-01 00:16:53.000000000,0.0,0.0,0.0,0.0563634834607264,0.0,17.39730371335848,-3.4549715412118327,0.8256722487694576,1,0,none
2025-01-01 00:16:53.099999905,0.0,0.0,0.0,0.042033311096129,0.0,24.689101240948556,-11.972587095038678,0.5292810117146223,1,0,none
2025-01-01 00:16:53.200000048,0.0,0.0,0.0,0.0430253652464545,0.0,20.143355191222323,-6.591232354616249,0.5645116096335169,1,0,none
2025-01-01 00:16:53.299999952,0.0,0.0,0.0,0.129606807205397,0.0,24.91791171688202,-6.5076708200765925,0.517125808540631,1,0,none
2025-01-01 00:16:53.400000095,0.0,0.0,0.0,0.082683119422183,0.0,24.58430115911904,-6.556766086358591,0.6369645057390179,1,0,none
2025-01-01 00:16:53.500000000,0.0,0.0,0.0,0.0285869961444665,0.0,18.25733966597939,-2.006859200923225,0.6577977811109399,1,0,none
2025-01-01 00:16:53.599999905,0.0,0.0,0.0,0.0412791940491957,0.0,12.541987269437003,-1.9386221664949557,0.0031498892789272,1,0,none
2025-01-01 00:16:53.700000048,0.0,0.0,0.0,0.0526795291901826,0.0,24.45004886449038,-12.046567789518935,0.6214545946459621,1,0,none
2025-01-01 00:16:53.799999952,0.0,0.0,0.0,0.0441371789718469,0.0,13.205387115728808,-1.9627922217302949,0.5847728692652958,1,0,none
2025-01-01 00:16:53.900000095,0.0,0.0,0.0,0.069519520391903,0.0,12.61118539215282,-2.2647496631760498,0.657748989695692,1,0,none
2025-01-01 00:16:54.000000000,0.0,0.0,0.0,0.0123084047993933,0.0,16.546395733717606,-3.042203175461918,0.7089092689449455,1,0,none
2025-01-01 00:16:54.099999905,0.0,0.0,0.0,0.0200235581311032,0.0,16.725867324448135,-3.1127524267437217,0.5141561161332222,1,0,none
2025-01-01 00:16:54.200000048,0.0,0.0,0.0,0.0461213666906114,0.0,16.215516769245184,-3.1822400926376604,0.6211249405606142,1,0,none
2025-01-01 00:16:54.299999952,0.0,0.0,0.0,0.0508938346376537,0.0,19.952450230076337,-4.721685795109113,0.5764825825293199,1,0,none
2025-01-01 00:16:54.400000095,0.0,0.0,0.0,0.0310084205355453,0.0,20.16787142660023,-4.556594208774699,0.5504767002973074,1,0,none
2025-01-01 00:16:54.500000000,0.0,0.0,0.0,0.0263829023604377,0.0,20.335380146818142,-4.885105937682326,0.5685012064607792,1,0,none
2025-01-01 00:16:54.599999905,0.0,0.0,0.0,0.042948320236485,0.0,20.44920542047406,-4.939334419967775,0.7189836427842202,1,0,none
2025-01-01 00:16:54.700000048,0.0,0.0,0.0,0.0919797283020475,0.0,24.95495565039477,-12.174425763725951,0.5702481098795583,1,0,none
2025-01-01 00:16:54.799999952,0.0,0.0,0.0,0.0220559969775486,0.0,20.4802516215098,-4.973612843972892,0.7230143880587401,1,0,none
2025-01-01 00:16:54.900000095,0.0,0.0,0.0,0.0620778174167778,0.0,20.682039698895345,-5.13098058037715,0.6504390773572731,1,0,none
2025-01-01 00:16:55.000000000,0.0,0.0,0.0,0.0103610107694833,0.0,21.810261405361423,-5.3590365492156335,0.5620889185065211,1,0,none
2025-01-01 00:16:55.099999905,0.0,0.0,0.0,0.0899240365421057,0.0,21.44361260747348,-5.4289371268329925,0.6380915228812014,1,0,none
2025-01-01 00:16:55.200000048,0.0,0.0,0.0,0.0531028523688444,0.0,21.66290244985243,-5.561171972677169,-0.0693189536107892,1,0,none
2025-01-01 00:16:55.299999952,0.0,0.0,0.0,0.0831859318966617,0.0,24.577531969507763,-11.864138141672672,0.5896602056788998,1,0,none
2025-01-01 00:16:55.400000095,0.0,0.0,0.0,0.0550292171381649,0.0,23.423123583414448,-5.995992922388775,0.6790279529203248,1,0,none
2025-01-01 00:16:55.500000000,0.0,0.0,0.0,0.0586974720654862,0.0,23.916708274664945,-6.042808919578039,0.6597090452797211,1,0,none
2025-01-01 00:16:55.599999905,0.0,0.0,0.0,0.0566953970632929,0.0,23.17085683906886,-6.157163439716711,0.6543782797717665,1,0,none
2025-01-01 00:16:55.700000048,0.0,0.0,0.0,0.0431605864028737,0.0,20.113198470034284,-4.446135089337541,0.6071253576364136,1,0,none
2025-01-01 00:16:55.799999952,0.0,0.0,0.0,0.0833155384745844,0.0,19.350763873936256,-4.391132519455087,0.6645264781712678,1,0,none
2025-01-01 00:16:55.900000095,0.0,0.0,0.0,0.0396713356361002,0.0,19.56362721579682,-4.485571969545996,0.6043298550854944,1,0,none
2025-01-01 00:16:56.000000000,0.0,0.0,0.0,0.0274196501480238,0.0,16.05204305633732,-2.588256637281853,0.6808341416371123,1,0,none
2025-01-01 00:16:56.099999905,0.0,0.0,0.0,0.0165288565019383,0.0,13.949364578775215,-2.1984389828698245,0.6422319469735771,1,0,none
2025-01-01 00:16:56.200000048,0.0,0.0,0.0,0.0151336596994744,0.0,14.084939246695855,-2.1808373219518566,-0.0103498435242308,1,0,none
2025-01-01 00:16:56.299999952,0.0,0.0,0.0,0.0687265634822709,0.0,24.969383082811344,-12.043484352541665,0.6356046522088048,1,0,none
2025-01-01 00:16:56.400000095,0.0,0.0,0.0,0.0245142982734291,0.0,13.156962379936877,-2.145420358139357,0.6241069649512541,1,0,none
2025-01-01 00:16:56.500000000,0.0,0.0,0.0,0.0312893820667405,0.0,14.050327002792631,-2.171939882808125,0.7048053257656461,1,0,none
2025-01-01 00:16:56.599999905,0.0,0.0,0.0,0.1145959555122925,0.0,14.455800905327193,-2.318250541471034,0.6372718811289395,1,0,none
2025-01-01 00:16:56.700000048,0.0,0.0,0.0,0.0194924741694084,0.0,13.934998525350853,-2.087567581652713,0.6249193663802746,1,0,none
2025-01-01 00:16:56.799999952,0.0,0.0,0.0,0.019992723836272,0.0,17.09066818401172,-3.306822184330781,0.61307545714746,1,0,none
2025-01-01 00:16:56.900000095,0.0,0.0,0.0,0.1063038043016881,0.0,17.246061826090713,-3.529906052727771,0.6921592109622505,1,0,none
2025-01-01 00:16:57.000000000,0.0,0.0,0.0,0.007922589978924,0.0,17.930973920296676,-3.318396544576681,0.6853956669526753,1,0,none
2025-01-01 00:16:57.099999905,0.0,0.0,0.0,0.0189221629614595,0.0,25.57298876225817,-4.441017762486913,0.6363079184843686,1,0,none
2025-01-01 00:16:57.200000048,0.0,0.0,0.0,0.035229429792251,0.0,25.3920079855153,-6.719988977490679,0.6755512576021929,1,0,none
2025-01-01 00:16:57.299999952,0.0,0.0,0.0,0.0827431589472945,0.0,25.106923775060316,-11.92041498047874,0.3549015930810823,1,0,none
2025-01-01 00:16:57.400000095,0.0,0.0,0.0,0.1114789854003352,0.0,25.30165886634271,-6.874828234959047,0.6157918730228902,1,0,none
2025-01-01 00:16:57.500000000,0.0,0.0,0.0,0.0179852683736906,0.0,25.23982864580327,-5.164672567131278,0.6924463753059542,1,0,none
2025-01-01 00:16:57.599999905,0.0,0.0,0.0,0.0854558548780673,0.0,20.876623179296445,-4.954603481859304,0.6124911685376543,1,0,none
2025-01-01 00:16:57.700000048,0.0,0.0,0.0,0.0568696655512888,0.0,21.26487229481933,-5.040649941715955,0.6202938195017218,1,0,none
2025-01-01 00:16:57.799999952,0.0,0.0,0.0,0.0415847220632347,0.0,21.35267566828007,-5.358012551945638,0.6619640343375677,1,0,none
2025-01-01 00:16:57.900000095,0.0,0.0,0.0,0.0625555341876384,0.0,25.335501441037938,-12.048247540151582,0.6256770717801149,1,0,none
2025-01-01 00:16:58.000000000,0.0,0.0,0.0,0.0640505266898229,0.0,24.67418469326119,-6.711588391207696,0.678451407299073,1,0,none
2025-01-01 00:16:58.099999905,0.0,0.0,0.0,0.0610375975764052,0.0,25.267198490670317,-6.934225984841646,0.6898004985002929,1,0,none
2025-01-01 00:16:58.200000048,0.0,0.0,0.0,0.0400493322652313,0.0,25.52102900355037,-6.396485541025747,0.6980844025964688,1,0,none
2025-01-01 00:16:58.299999952,0.0,0.0,0.0,0.0664189663769276,0.0,22.88565809904339,-5.579929839258903,0.6417634885620519,1,0,none
2025-01-01 00:16:58.400000095,0.0,0.0,0.0,0.0089375909386539,0.0,22.51122987098377,-5.728824506083923,0.0042295316873767,1,0,none
2025-01-01 00:16:58.500000000,0.0,0.0,0.0,0.0559878767204945,0.0,25.874232764730507,-11.851652939585426,0.6994300970975997,1,0,none
2025-01-01 00:16:58.599999905,0.0,0.0,0.0,0.0082051930515751,0.0,22.316874631300664,-4.488486593218145,0.6339790444659569,1,0,none
2025-01-01 00:16:58.700000048,0.0,0.0,0.0,0.0271034048341829,0.0,17.975043466000187,-3.80321438440674,0.6543762645031997,1,0,none
2025-01-01 00:16:58.799999952,0.0,0.0,0.0,0.0924054981744068,0.0,18.370078524378474,-3.8727716857671792,0.6685275358600256,1,0,none
2025-01-01 00:16:58.900000095,0.0,0.0,0.0,0.074849588663813,0.0,18.93504091648916,-3.8046183338337713,0.6571465666211321,1,0,none
2025-01-01 00:16:59.000000000,0.0,0.0,0.0,0.0631656393061766,0.0,17.149141544788748,-2.69280582108861,0.6185915414866753,1,0,none
2025-01-01 00:16:59.099999905,0.0,0.0,0.0,0.103367249509809,0.0,15.620251490305902,-2.6506367554952197,0.623305807859304,1,0,none
2025-01-01 00:16:59.200000048,0.0,0.0,0.0,0.0537964541720359,0.0,15.923188101904708,-2.716331327080205,0.6638820218987971,1,0,none
2025-01-01 00:16:59.299999952,0.0,0.0,0.0,0.0586105251714994,0.0,15.49464135353368,-2.2419018883827007,0.6638001429967363,1,0,none
2025-01-01 00:16:59.400000095,0.0,0.0,0.0,0.1147713393821528,0.0,13.899618843640912,-2.054239983007005,0.758411629950973,1,0,none
2025-01-01 00:16:59.500000000,0.0,0.0,0.0,0.1355847579682487,0.0,25.169689870566017,-12.053204256386111,0.5775548491654919,1,0,none
2025-01-01 00:16:59.599999905,0.0,0.0,0.0,0.0983444270817409,0.0,13.98175539706888,-2.0555441106806094,0.6548302806796027,1,0,none
2025-01-01 00:16:59.700000048,0.0,0.0,0.0,0.0373539738827493,0.0,14.209131635691037,-2.4391490562428157,0.6026883316607776,1,0,none
2025-01-01 00:16:59.799999952,0.0,0.0,0.0,0.0533753047652715,0.0,16.18744066671961,-2.7687768484149977,0.5959425244464049,1,0,none
2025-01-01 00:16:59.900000095,0.0,0.0,0.0,0.1067563174799513,0.0,15.792100918001609,-2.8367897121420165,0.6890315337175748,1,0,none
2025-01-01 00:17:00.000000000,0.0,0.0,0.0,0.0554025491620709,0.0,15.787519817613491,-2.862520897728323,0.7712907465991813,1,0,none
2025-01-01 00:17:00.099999905,0.0,0.0,0.0,0.0617599328308579,0.0,25.06423329468584,-12.068372761505678,0.5989649498441568,1,0,none
2025-01-01 00:17:00.200000048,0.0,0.0,0.0,0.0228982564848567,0.0,25.94673916699479,-6.681589348233678,0.7189511620485646,1,0,none
2025-01-01 00:17:00.299999952,0.0,0.0,0.0,0.1124485968500157,0.0,25.61655119136144,-6.937161231339692,0.6860285146172544,1,0,none
2025-01-01 00:17:00.400000095,0.0,0.0,0.0,0.0169312058370497,0.0,25.799817455303312,-14.96151647043921,0.6400894415398591,1,0,none
2025-01-01 00:17:00.500000000,0.0,0.0,0.0,0.0686159362842002,0.0,12.358988136248172,-15.094688231935358,0.6101930210083145,1,0,none
2025-01-01 00:17:00.599999905,0.0,0.0,0.0,0.051940676109479,0.0,12.454834854106512,-14.995310396332387,0.6438310544828247,1,0,none
2025-01-01 00:17:00.700000048,0.0,0.0,0.0,0.013622862911949,0.0,11.547734116609972,-1.971008459804561,0.6933830070527808,1,0,none
2025-01-01 00:17:00.799999952,0.0,0.0,0.0,0.0506914562774995,0.0,21.70300634552217,-4.750541463358171,0.6481750361276918,1,0,none
2025-01-01 00:17:00.900000095,0.0,0.0,0.0,0.0557235832945411,0.0,21.59339166996643,-5.558845173156599,0.6220858803494869,1,0,none
2025-01-01 00:17:01.000000000,0.0,0.0,0.0,0.0379622279256975,0.0,21.806708560054176,-5.514542343448178,0.8107887378203987,1,0,none
2025-01-01 00:17:01.099999905,0.0,0.0,0.0,0.1113671965814189,0.0,25.120754862920595,-12.130323683061908,0.5590800069564641,1,0,none
2025-01-01 00:17:01.200000048,0.0,0.0,0.0,0.0804100276183107,0.0,24.000831511462746,-6.272260192821713,0.6211372089504127,1,0,none
2025-01-01 00:17:01.299999952,0.0,0.0,0.0,0.0561872090216552,0.0,25.2663620669166,-6.694708611876763,0.6739470094466316,1,0,none
2025-01-01 00:17:01.400000095,0.0,0.0,0.0,0.0535964060899565,0.0,24.92599789958316,-6.827553594583901,0.6735609206596254,1,0,none
2025-01-01 00:17:01.500000000,0.0,0.0,0.0,0.0874577331358933,0.0,20.510486325827145,-3.7778239340478863,0.574616346760612,1,0,none
2025-01-01 00:17:01.599999905,0.0,0.0,0.0,0.0448346475304239,0.0,17.66894990106005,-3.4632922202088,-0.0100226956676467,1,0,none
2025-01-01 00:17:01.700000048,0.0,0.0,0.0,0.0127585613545279,0.0,24.17787207338952,-12.009947599013945,0.6126658316205794,1,0,none
2025-01-01 00:17:01.799999952,0.0,0.0,0.0,0.0068739166716222,0.0,17.756228145504597,-3.484829229167367,0.6476143582891738,1,0,none
2025-01-01 00:17:01.900000095,0.0,0.0,0.0,0.0578909518622192,0.0,17.55636899719336,-3.3754497370815653,0.6566004161429929,1,0,none
2025-01-01 00:17:02.000000000,0.0,0.0,0.0,0.0320121262256413,0.0,17.894852824459008,-3.260199132653239,0.5974263044360257,1,0,none
2025-01-01 00:17:02.099999905,0.0,0.0,0.0,0.0743852680040619,0.0,17.34042924393571,-3.34577158718688,0.6753624412046988,1,0,none
2025-01-01 00:17:02.200000048,0.0,0.0,0.0,0.0306471451064662,0.0,24.38157837279313,-11.860660910789145,0.60158993772997,1,0,none
2025-01-01 00:17:02.299999952,0.0,0.0,0.0,0.0305568784408967,0.0,17.42910879245195,-3.8503414173730826,0.5940027364711393,1,0,none
2025-01-01 00:17:02.400000095,0.0,0.0,0.0,0.0519083473019026,0.0,25.982395937211503,-6.791109106054047,0.6635592102521939,1,0,none
2025-01-01 00:17:02.500000000,0.0,0.0,0.0,0.0223756777139815,0.0,25.677416541654026,-6.673963472502258,0.643400955063466,1,0,none
2025-01-01 00:17:02.599999905,0.0,0.0,0.0,0.0215771936682263,0.0,25.00119255495359,-6.572708778338389,0.6581221952602038,1,0,none
2025-01-01 00:17:02.700000048,0.0,0.0,0.0,0.1068689536957802,0.0,23.526028322638798,-6.0794368016415365,0.7825616985853429,1,0,none
2025-01-01 00:17:02.799999952,0.0,0.0,0.0,0.1244823940348517,0.0,24.84014911936602,-12.102622404194442,0.7852474140144249,1,0,none
2025-01-01 00:17:02.900000095,0.0,0.0,0.0,0.0588059666976151,0.0,23.354220060743188,-6.132841328592681,0.5433281294300696,1,0,none
2025-01-01 00:17:03.000000000,0.0,0.0,0.0,0.1508718112789492,0.0,23.88661657135396,-6.057638702130024,0.6741953077666462,1,0,none
2025-01-01 00:17:03.099999905,0.0,0.0,0.0,0.0088429795637605,0.0,15.34074030662045,-2.832185450410429,0.6171876113661177,1,0,none
2025-01-01 00:17:03.200000048,0.0,0.0,0.0,0.0048319124670474,0.0,15.431855070825517,-2.785118795874004,0.6773927256856276,1,0,none
2025-01-01 00:17:03.299999952,0.0,0.0,0.0,0.0831877143503577,0.0,15.268792309958284,-2.73493194541853,0.6978631538089582,1,0,none
2025-01-01 00:17:03.400000095,0.0,0.0,0.0,0.0143977513839391,0.0,15.152925743010286,-3.2498927638570554,0.7204872403599082,1,0,none
2025-01-01 00:17:03.500000000,0.0,0.0,0.0,0.0442657830864261,0.0,25.84392428755278,-6.965477330293632,0.6642482457581349,1,0,none
2025-01-01 00:17:03.599999905,0.0,0.0,0.0,0.0222961624599592,0.0,25.948450914544598,-6.761670006345058,0.6055211757522488,1,0,none
2025-01-01 00:17:03.700000048,0.0,0.0,0.0,0.0228905820295861,0.0,25.64453697312642,-6.556823106778704,0.046382474435481,1,0,none
2025-01-01 00:17:03.799999952,0.0,0.0,0.0,0.0262046160698067,0.0,24.54827565983075,-12.007257618288136,0.6558998788072032,1,0,none
2025-01-01 00:17:03.900000095,0.0,0.0,0.0,0.0222033263387209,0.0,23.75198336192261,-5.983741425956273,0.6383078392432934,1,0,none
2025-01-01 00:17:04.000000000,0.0,0.0,0.0,0.0581051613730758,0.0,24.005710526210493,-6.09762804907054,0.6261888059647519,1,0,none
2025-01-01 00:17:04.099999905,0.0,0.0,0.0,0.0260259898329342,0.0,23.20612730275602,-5.919240729487291,0.7003167784552565,1,0,none
2025-01-01 00:17:04.200000048,0.0,0.0,0.0,0.0135300286632243,0.0,22.85643371998469,-5.877610804365808,0.7301684746003689,1,0,none
2025-01-01 00:17:04.299999952,0.0,0.0,0.0,0.0722078734578251,0.0,22.85469818902502,-5.728817703924696,0.5652323720650183,1,0,none
2025-01-01 00:17:04.400000095,0.0,0.0,0.0,0.0122939337945365,0.0,23.18656212433552,-5.558132917428149,0.6560976121239466,1,0,none
2025-01-01 00:17:04.500000000,0.0,0.0,0.0,0.0085425318869913,0.0,20.74404975628243,-5.112175188975387,0.6063806407288678,1,0,none
2025-01-01 00:17:04.599999905,0.0,0.0,0.0,0.0632235729389508,0.0,20.500265065700532,-5.046561110498534,0.5516363800903943,1,0,none
2025-01-01 00:17:04.700000048,0.0,0.0,0.0,0.0732577853576596,0.0,21.18942558188172,-5.046351646109076,0.7073852910381504,1,0,none
2025-01-01 00:17:04.799999952,0.0,0.0,0.0,0.0982312873735673,0.0,25.23972042194269,-11.979036073942083,0.508343110990522,1,0,none
2025-01-01 00:17:04.900000095,0.0,0.0,0.0,0.0574308966061453,0.0,20.601839435130568,-3.5335394570209875,0.5461123386099901,1,0,none
2025-01-01 00:17:05.000000000,0.0,0.0,0.0,0.0277797476379716,0.0,17.232560022102763,-3.546628414960061,0.5859129763887733,1,0,none
2025-01-01 00:17:05.099999905,0.0,0.0,0.0,0.034320682427435,0.0,17.798313619297613,-3.461093249514324,0.5986113041043073,1,0,none
2025-01-01 00:17:05.200000048,0.0,0.0,0.0,0.0123363884174336,0.0,17.55841080136439,-3.69383218044679,0.6176656573468304,1,0,none
2025-01-01 00:17:05.299999952,0.0,0.0,0.0,0.0885021388303421,0.0,22.469469344928957,-5.666725616223844,-0.0662942038476844,1,0,none
2025-01-01 00:17:05.400000095,0.0,0.0,0.0,0.0074117678144909,0.0,25.0147284193917,-11.920615611132671,0.6302429945686894,1,0,none
2025-01-01 00:17:05.500000000,0.0,0.0,0.0,0.1311469461620425,0.0,22.39448774039261,-5.791391255179788,0.6143375435958014,1,0,none
2025-01-01 00:17:05.599999905,0.0,0.0,0.0,0.1213855291106264,0.0,22.90576713693137,-5.350954270486531,0.6437806938572829,1,0,none
2025-01-01 00:17:05.700000048,0.0,0.0,0.0,0.0602471864206981,0.0,21.721329929185146,-5.311557851640872,0.6546769493199158,1,0,none
2025-01-01 00:17:05.799999952,0.0,0.0,0.0,0.1247354975230187,0.0,21.56928675028458,-5.410797383698555,0.6380074288389221,1,0,none
2025-01-01 00:17:05.900000095,0.0,0.0,0.0,0.0276632388780397,0.0,21.79013765445427,-3.811460730138663,0.6132277771063246,1,0,none
2025-01-01 00:17:06.000000000,0.0,0.0,0.0,0.0612366459092752,0.0,15.612092309799074,-2.7508910725452247,0.6118786202153843,1,0,none
2025-01-01 00:17:06.099999905,0.0,0.0,0.0,0.0749500588840683,0.0,15.968479018469669,-2.6650390014744034,0.6081462506294317,1,0,none
2025-01-01 00:17:06.200000048,0.0,0.0,0.0,0.0193054979086156,0.0,15.677327159397567,-2.64570564971941,0.6093502670295032,1,0,none
2025-01-01 00:17:06.299999952,0.0,0.0,0.0,0.0435006888473236,0.0,25.65307721636216,-5.736614593190826,0.7851801934039369,1,0,none
2025-01-01 00:17:06.400000095,0.0,0.0,0.0,0.0613161168167564,0.0,25.229100444915694,-12.0180683848761,0.4620148700674768,1,0,none
2025-01-01 00:17:06.500000000,0.0,0.0,0.0,0.0766426222165754,0.0,25.92022117610749,-7.007490847361499,0.6209637530843529,1,0,none
2025-01-01 00:17:06.599999905,0.0,0.0,0.0,0.1320404259701679,0.0,25.572020109114188,-6.826602052726607,0.60882354692194,1,0,none
2025-01-01 00:17:06.700000048,0.0,0.0,0.0,0.0270212576927501,0.0,19.062584552529056,-3.4301024730582657,0.6549566050687446,1,0,none
2025-01-01 00:17:06.799999952,0.0,0.0,0.0,0.0457011647659345,0.0,17.355533133347063,-3.521497856482629,0.5537494008288825,1,0,none
2025-01-01 00:17:06.900000095,0.0,0.0,0.0,0.0435569092530889,0.0,17.55157840295226,-3.433530573989405,0.0006240352742969,1,0,none
2025-01-01 00:17:07.000000000,0.0,0.0,0.0,0.1064033482293857,0.0,24.88989321558351,-11.865853413133015,0.6421492170679554,1,0,none
2025-01-01 00:17:07.099999905,0.0,0.0,0.0,0.0531671492650519,0.0,18.48287724407351,-4.245286242415304,0.5297634390688002,1,0,none
2025-01-01 00:17:07.200000048,0.0,0.0,0.0,0.0771856069475565,0.0,21.490627192830186,-5.0584917912323455,0.5712836013569131,1,0,none
2025-01-01 00:17:07.299999952,0.0,0.0,0.0,0.0541009840729988,0.0,21.28192064452413,-4.881404441459664,0.6204105076593605,1,0,none
2025-01-01 00:17:07.400000095,0.0,0.0,0.0,0.0684876415809298,0.0,19.171819800672456,-3.1270117954635226,0.7257073453817152,1,0,none
2025-01-01 00:17:07.500000000,0.0,0.0,0.0,0.0928043724057925,0.0,25.17128229818266,-12.052601178481078,0.5591249655556351,1,0,none
2025-01-01 00:17:07.599999905,0.0,0.0,0.0,0.0637967163765893,0.0,15.635505019696552,-2.859720542837822,0.6530227126474903,1,0,none
2025-01-01 00:17:07.700000048,0.0,0.0,0.0,0.0411553086841014,0.0,15.717465352578028,-2.65232854988909,0.5710313743679672,1,0,none
2025-01-01 00:17:07.799999952,0.0,0.0,0.0,0.0176474446960126,0.0,15.74120239736953,-2.626325321015344,0.5455624825135986,1,0,none
2025-01-01 00:17:07.900000095,0.0,0.0,0.0,0.0708916046367725,0.0,15.156892793645572,-2.348029378218542,0.6292252902878395,1,0,none
2025-01-01 00:17:08.000000000,0.0,0.0,0.0,0.0001485224857268,0.0,14.903686103395437,-2.383383238838147,-0.0614676619107057,1,0,none
2025-01-01 00:17:08.099999905,0.0,0.0,0.0,0.0526917732644077,0.0,24.981373390535715,-11.96829215462219,0.6067338836976098,1,0,none
2025-01-01 00:17:08.200000048,0.0,0.0,0.0,0.0285887121566741,0.0,15.112657173094906,-2.449162149008793,0.6966139177413186,1,0,none
2025-01-01 00:17:08.299999952,0.0,0.0,0.0,0.0178604950877322,0.0,22.76998551232636,-5.809374720257272,0.6594549778383426,1,0,none
2025-01-01 00:17:08.400000095,0.0,0.0,0.0,0.0523423143715387,0.0,22.73644357379872,-5.874342987247171,0.6215927547372293,1,0,none
2025-01-01 00:17:08.500000000,0.0,0.0,0.0,0.0066618354211778,0.0,22.59420678074584,-5.732452351415232,0.6150984247679518,1,0,none
2025-01-01 00:17:08.599999905,0.0,0.0,0.0,0.0667248057109309,0.0,25.97191729299009,-6.36293288814573,0.0310460778444582,1,0,none
2025-01-01 00:17:08.700000048,0.0,0.0,0.0,0.0495132018464008,0.0,25.00276809789864,-12.044811118248392,0.6605985467824992,1,0,none
2025-01-01 00:17:08.799999952,0.0,0.0,0.0,0.0006137450139431,0.0,25.72399162337144,-6.801233435390926,0.5892721678838655,1,0,none
2025-01-01 00:17:08.900000095,0.0,0.0,0.0,0.072830286418729,0.0,25.57464983411284,-6.726137256202361,0.5276088133449526,1,0,none
2025-01-01 00:17:09.000000000,0.0,0.0,0.0,0.0131502527882038,0.0,20.900428884055263,-5.23012800329111,0.7190900916320075,1,0,none
2025-01-01 00:17:09.099999905,0.0,0.0,0.0,0.0472633632864122,0.0,20.482405013960875,-5.027879197406083,0.638876038734122,1,0,none
2025-01-01 00:17:09.200000048,0.0,0.0,0.0,0.0787658788427591,0.0,24.736084791584634,-12.118176717569693,0.5763848251650062,1,0,none
2025-01-01 00:17:09.299999952,0.0,0.0,0.0,0.016503681924762,0.0,21.047719889659923,-5.049141607241488,0.7255346466169087,1,0,none
2025-01-01 00:17:09.400000095,0.0,0.0,0.0,0.0414529514496235,0.0,20.930935274733688,-5.406162123506227,0.6573798784416578,1,0,none
2025-01-01 00:17:09.500000000,0.0,0.0,0.0,0.059671829382966,0.0,24.71861103105571,-6.556440206595161,0.6199781661766398,1,0,none
2025-01-01 00:17:09.599999905,0.0,0.0,0.0,0.028067555171307,0.0,24.19328895296179,-6.589057551943176,0.5536975479152144,1,0,none
2025-01-01 00:17:09.700000048,0.0,0.0,0.0,0.0361933479286595,0.0,25.272375907328705,-6.226712115841615,-0.0720005268160015,1,0,none
2025-01-01 00:17:09.799999952,0.0,0.0,0.0,0.0527162403836881,0.0,25.325944036867117,-11.994199227799225,0.6688347424338194,1,0,none
2025-01-01 00:17:09.900000095,0.0,0.0,0.0,0.0754382161146462,0.0,22.93372795536514,-5.508123577769679,0.6975488161474992,1,0,none
2025-01-01 00:17:10.000000000,0.0,0.0,0.0,0.0707727007140777,0.0,23.17224720176598,-5.7487791521361125,0.6302270451647736,1,0,none
2025-01-01 00:17:10.099999905,0.0,0.0,0.0,0.0025483002089278,0.0,22.406790764754888,-6.067824409237192,0.6222139768925318,1,0,none
2025-01-01 00:17:10.200000048,0.0,0.0,0.0,0.0427138680604149,0.0,24.0662875361878,-6.194223113553127,0.6848740545405594,1,0,none
2025-01-01 00:17:10.299999952,0.0,0.0,0.0,0.0364064667426836,0.0,23.110435776974835,-6.029282562520479,0.5907026373047627,1,0,none
2025-01-01 00:17:10.400000095,0.0,0.0,0.0,0.0101788003794562,0.0,23.37162137758741,-6.116897258107058,0.6387241453814211,1,0,none
2025-01-01 00:17:10.500000000,0.0,0.0,0.0,0.0241513040268076,0.0,20.31784880245974,-5.087776150552861,0.6270900725042756,1,0,none
2025-01-01 00:17:10.599999905,0.0,0.0,0.0,0.0612625106747978,0.0,20.904408228663307,-5.144830083756946,0.6045265970710972,1,0,none
2025-01-01 00:17:10.700000048,0.0,0.0,0.0,0.0479546453188846,0.0,21.01584994939952,-5.069036298680558,-0.000776907936826,1,0,none
2025-01-01 00:17:10.799999952,0.0,0.0,0.0,0.0206772926329842,0.0,24.953592900659636,-11.980607220069626,0.713157605732499,1,0,none
2025-01-01 00:17:10.900000095,0.0,0.0,0.0,0.0015363877921041,0.0,21.01416323322704,-5.324928532207841,0.6552266472050479,1,0,none
2025-01-01 00:17:11.000000000,0.0,0.0,0.0,0.0358247243946287,0.0,21.629704334846178,-5.510924958123277,0.6796250402127989,1,0,none
2025-01-01 00:17:11.099999905,0.0,0.0,0.0,0.0134616532497505,0.0,21.44327558148675,-5.327282631272484,0.579065281953997,1,0,none
2025-01-01 00:17:11.200000048,0.0,0.0,0.0,0.0194741730488182,0.0,21.529956004659297,-5.528072301953992,0.6797968073803787,1,0,none
2025-01-01 00:17:11.299999952,0.0,0.0,0.0,0.0118225156748818,0.0,22.04327413178471,-5.366254787775167,0.6569510237734493,1,0,none
2025-01-01 00:17:11.400000095,0.0,0.0,0.0,0.026131340942089,0.0,21.60387739105791,-5.374118565140462,0.5750201951720316,1,0,none
2025-01-01 00:17:11.500000000,0.0,0.0,0.0,0.0130329550457717,0.0,21.97462089114548,-5.715037917555309,0.676989536668555,1,0,none
2025-01-01 00:17:11.599999905,0.0,0.0,0.0,0.0058131182881683,0.0,25.06681353784958,-6.661286756690304,0.6243362931602662,1,0,none
2025-01-01 00:17:11.700000048,0.0,0.0,0.0,0.1709695912892666,0.0,24.39938584129616,-6.519291186875048,0.5477098161837192,1,0,none
2025-01-01 00:17:11.799999952,0.0,0.0,0.0,0.0471206725788058,0.0,25.13987791619031,-6.613508482795805,0.631488786616381,1,0,none
2025-01-01 00:17:11.900000095,0.0,0.0,0.0,0.0273975095548296,0.0,13.61812680953341,-2.0190499345309894,0.6519521295531305,1,0,none
2025-01-01 00:17:12.000000000,0.0,0.0,0.0,0.1007919659247962,0.0,12.87560112836058,-1.9312664182085209,0.6325804034322281,1,0,none
2025-01-01 00:17:12.099999905,0.0,0.0,0.0,0.0405474840617168,0.0,13.079725255588446,-1.9520862838769024,0.6195430707577122,1,0,none
2025-01-01 00:17:12.200000048,0.0,0.0,0.0,0.0285749983750476,0.0,16.31110159731075,-2.905042667020348,-0.0165292669229165,1,0,none
2025-01-01 00:17:12.299999952,0.0,0.0,0.0,0.0952491623538471,0.0,24.917355305446293,-12.005357914686735,0.7483294004670779,1,0,none
2025-01-01 00:17:12.400000095,0.0,0.0,0.0,0.0998886908375001,0.0,18.354684067061363,-3.926494072594029,0.5658715305735678,1,0,none
2025-01-01 00:17:12.500000000,0.0,0.0,0.0,0.0243473950408746,0.0,18.005740141113066,-3.746259341053098,0.6686460991178602,1,0,none
2025-01-01 00:17:12.599999905,0.0,0.0,0.0,0.0289333341813334,0.0,19.94159050855913,-4.403868544507381,0.6507711485444492,1,0,none
2025-01-01 00:17:12.700000048,0.0,0.0,0.0,0.0779622269120719,0.0,22.749433598693365,-5.851513421127183,0.6572766746866482,1,0,none
2025-01-01 00:17:12.799999952,0.0,0.0,0.0,0.1612981520228862,0.0,25.15484890687794,-12.00311670605369,0.397580047468571,1,0,none
2025-01-01 00:17:12.900000095,0.0,0.0,0.0,0.1360565896430785,0.0,23.019627417079278,-5.677804977488612,0.5803533681205691,1,0,none
2025-01-01 00:17:13.000000000,0.0,0.0,0.0,0.0298945549559374,0.0,22.46755934655934,-5.972273033902396,0.6202254796596574,1,0,none
2025-01-01 00:17:13.099999905,0.0,0.0,0.0,0.0320504738514142,0.0,23.24021797299795,-6.026343961709406,0.6476532837082197,1,0,none
2025-01-01 00:17:13.200000048,0.0,0.0,0.0,0.1100670603524172,0.0,24.168652203797407,-6.078912155151785,0.5474441470700435,1,0,none
2025-01-01 00:17:13.299999952,0.0,0.0,0.0,0.119092237728657,0.0,23.454901487870888,-3.024643229727195,0.7253191269244028,1,0,none
2025-01-01 00:17:13.400000095,0.0,0.0,0.0,0.1608088924764589,0.0,25.0600101361937,-11.988107493939268,0.5018119479544234,1,0,none
2025-01-01 00:17:13.500000000,0.0,0.0,0.0,0.1181041687776378,0.0,14.679896987482431,-2.387817843236737,0.5524139520993224,1,0,none
2025-01-01 00:17:13.599999905,0.0,0.0,0.0,0.0600094970762247,0.0,14.553495752108494,-2.3450643110127243,0.5959791132085815,1,0,none
2025-01-01 00:17:13.700000048,0.0,0.0,0.0,0.0273356954412775,0.0,15.087058763267542,-2.323681420584095,0.7337977080917744,1,0,none
2025-01-01 00:17:13.799999952,0.0,0.0,0.0,0.0924807619564447,0.0,21.741689576423816,-5.5916896563936405,0.551096792906558,1,0,none
2025-01-01 00:17:13.900000095,0.0,0.0,0.0,0.0487506155698481,0.0,21.461814342887923,-5.378896481067356,0.0218061544384895,1,0,none
2025-01-01 00:17:14.000000000,0.0,0.0,0.0,0.0180224314632345,0.0,24.86477791680917,-12.064800794175373,0.6124181864490357,1,0,none
2025-01-01 00:17:14.099999905,0.0,0.0,0.0,0.0092984562236369,0.0,21.199488199482342,-5.557363417909494,0.632493591424122,1,0,none
2025-01-01 00:17:14.200000048,0.0,0.0,0.0,0.0026677496609758,0.0,23.904613760505047,-6.206641939072968,0.6801965464340166,1,0,none
2025-01-01 00:17:14.299999952,0.0,0.0,0.0,0.1078642163578773,0.0,23.9095614206443,-6.366535655104494,0.677740935741946,1,0,none
2025-01-01 00:17:14.400000095,0.0,0.0,0.0,0.0881240852317359,0.0,24.2852285892782,-6.378098673276217,0.6159651790419105,1,0,none
2025-01-01 00:17:14.500000000,0.0,0.0,0.0,0.0818801317296046,0.0,23.09797572813204,-6.119924393521447,0.5821087996683353,1,0,none
2025-01-01 00:17:14.599999905,0.0,0.0,0.0,0.0243562042533129,0.0,23.766341180673656,-6.300908688185184,0.681107048685032,1,0,none
2025-01-01 00:17:14.700000048,0.0,0.0,0.0,0.0510139292137124,0.0,23.9195451979208,-5.949113570799358,0.6526188596504672,1,0,none
2025-01-01 00:17:14.799999952,0.0,0.0,0.0,0.0417145991096843,0.0,15.03435260088628,-2.1130953832294197,0.6107515245605906,1,0,none
2025-01-01 00:17:14.900000095,0.0,0.0,0.0,0.064216229926605,0.0,13.835383513341975,-1.987397545349329,0.7220972191904189,1,0,none
2025-01-01 00:17:15.000000000,0.0,0.0,0.0,0.1477732259359833,0.0,25.04233434901168,-11.958801021599914,0.5277085259512233,1,0,none
2025-01-01 00:17:15.099999905,0.0,0.0,0.0,0.0786604346228298,0.0,13.442504517956785,-2.100666286513579,0.5836481217482605,1,0,none
2025-01-01 00:17:15.200000048,0.0,0.0,0.0,0.0200953298102379,0.0,16.259866188243628,-2.5156789322353066,0.6251981090560538,1,0,none
2025-01-01 00:17:15.299999952,0.0,0.0,0.0,0.0060269160730184,0.0,18.94186845957995,-4.137868487122025,0.6509516370545759,1,0,none
2025-01-01 00:17:15.400000095,0.0,0.0,0.0,0.0409453860583992,0.0,19.40829791434479,-4.164072854550437,0.6404625134776217,1,0,none
2025-01-01 00:17:15.500000000,0.0,0.0,0.0,0.0285278121882789,0.0,20.071825716773343,-2.774087542376674,0.0254581340038336,1,0,none
2025-01-01 00:17:15.599999905,0.0,0.0,0.0,0.0852986897022837,0.0,25.149946490792143,-11.96663710671222,0.5869710563355437,1,0,none
2025-01-01 00:17:15.700000048,0.0,0.0,0.0,0.0267627259137814,0.0,12.4026579553136,-1.9699407586134692,0.7040940562379127,1,0,none
2025-01-01 00:17:15.799999952,0.0,0.0,0.0,0.1026264353656011,0.0,12.891630942125689,-2.052593671978933,0.6328809572330688,1,0,none
2025-01-01 00:17:15.900000095,0.0,0.0,0.0,0.0069365211530557,0.0,12.836747277612336,-1.7498831172068188,0.6440542174261704,1,0,none
2025-01-01 00:17:16.000000000,0.0,0.0,0.0,0.0518763328735325,0.0,24.52620722757808,-6.367696876048353,0.5840672045391067,1,0,none
2025-01-01 00:17:16.099999905,0.0,0.0,0.0,0.0441670403478774,0.0,24.18075606231737,-6.3837055766834,-0.0096927578148641,1,0,none
2025-01-01 00:17:16.200000048,0.0,0.0,0.0,0.1041375062948087,0.0,25.07358752279108,-11.88793936445254,0.6516118868425759,1,0,none
2025-01-01 00:17:16.299999952,0.0,0.0,0.0,0.1011406979150296,0.0,23.82724974892418,-6.348744035364464,0.6631255306346332,1,0,none
2025-01-01 00:17:16.400000095,0.0,0.0,0.0,0.0287275796417038,0.0,13.51652738319448,-2.1241992837783528,0.7030970368593391,1,0,none
2025-01-01 00:17:16.500000000,0.0,0.0,0.0,0.0382270864063226,0.0,14.093739292481114,-1.938861981508015,0.651011744791273,1,0,none
2025-01-01 00:17:16.599999905,0.0,0.0,0.0,0.0167130750823361,0.0,13.595301030736051,-2.0128250383081827,0.0138456597899851,1,0,none
2025-01-01 00:17:16.700000048,0.0,0.0,0.0,0.0516637388176125,0.0,25.16146348164768,-11.927058140979623,0.6026852444242841,1,0,none
2025-01-01 00:17:16.799999952,0.0,0.0,0.0,0.046518950823564,0.0,13.389160867603184,-2.9352857290115497,0.5919129795883497,1,0,none
2025-01-01 00:17:16.900000095,0.0,0.0,0.0,0.0805567738130411,0.0,17.92944776513752,-3.382299104820521,0.6735124257334077,1,0,none
2025-01-01 00:17:17.000000000,0.0,0.0,0.0,0.0801676106719539,0.0,17.267719023278783,-3.521898666281476,0.6725535175869455,1,0,none
2025-01-01 00:17:17.099999905,0.0,0.0,0.0,0.0029154279732432,0.0,17.332900028458965,-3.69942039202155,0.5711493649575614,1,0,none
2025-01-01 00:17:17.200000048,0.0,0.0,0.0,0.0628672271386641,0.0,21.09918397832712,-5.006085894040444,0.6611547943576741,1,0,none
2025-01-01 00:17:17.299999952,0.0,0.0,0.0,0.0357709307745985,0.0,20.83039501424967,-5.024984031823084,0.6825191845697921,1,0,none
2025-01-01 00:17:17.400000095,0.0,0.0,0.0,0.0327823480142,0.0,20.94302178832139,-5.046960869061387,0.5943095557492903,1,0,none
2025-01-01 00:17:17.500000000,0.0,0.0,0.0,0.0081717505742744,0.0,21.87260701735604,-5.335219069796927,0.6770228402394589,1,0,none
2025-01-01 00:17:17.599999905,0.0,0.0,0.0,0.0317910477645521,0.0,22.088183969751046,-5.32660489047753,0.5725226770259096,1,0,none
2025-01-01 00:17:17.700000048,0.0,0.0,0.0,0.0567255383605255,0.0,22.03744923079189,-5.545588368719808,0.5035353516163256,1,0,none
2025-01-01 00:17:17.799999952,0.0,0.0,0.0,0.0661700274844381,0.0,38.5484568608592,-7.425277680191508,0.5419948793153976,1,0,none
2025-01-01 00:17:17.900000095,0.0,0.0,0.0,0.080344004087415,0.0,17.25601046778692,-3.424129325728852,0.7128907352627494,1,0,none
2025-01-01 00:17:18.000000000,0.0,0.0,0.0,0.0451857558149101,0.0,39.30473256740751,-7.530401801584924,0.5442464597558444,1,0,none
2025-01-01 00:17:18.099999905,0.0,0.0,0.0,0.0488243139838577,0.0,17.684966720474787,-3.672792074810188,0.8933553408593987,1,0,none
2025-01-01 00:17:18.200000048,0.0,0.0,0.0,0.0567017309964524,0.0,38.323452903103934,-7.65362087700608,0.7189425614617487,1,0,none
2025-01-01 00:17:18.299999952,0.0,0.0,0.0,0.1462762866865672,0.0,25.029996449129666,-12.146068205424148,0.407357090964935,1,0,none
2025-01-01 00:17:18.400000095,0.0,0.0,0.0,0.1085076126590838,0.0,19.299457058366546,-3.798258700268733,0.7714795651657046,1,0,none
2025-01-01 00:17:18.500000000,0.0,0.0,0.0,0.0163092174508783,0.0,24.059399729823067,-6.335979582177174,0.6279340497799951,1,0,none
2025-01-01 00:17:18.599999905,0.0,0.0,0.0,0.031951554126839,0.0,23.931151452687573,-6.372609465848208,0.696473953104677,1,0,none
2025-01-01 00:17:18.700000048,0.0,0.0,0.0,0.0169667160310278,0.0,23.676423029684216,-5.643289017561027,0.6680500973088551,1,0,none
2025-01-01 00:17:18.799999952,0.0,0.0,0.0,0.0536925241952222,0.0,22.343466731958173,-5.236513495630909,0.649091918527958,1,0,none
2025-01-01 00:17:18.900000095,0.0,0.0,0.0,0.0928066190334554,0.0,25.173722890262653,-12.096683416930258,0.668793988856653,1,0,none
2025-01-01 00:17:19.000000000,0.0,0.0,0.0,0.1176672417035605,0.0,20.95265157755456,-5.463315787028284,0.5717834836775454,1,0,none
2025-01-01 00:17:19.099999905,0.0,0.0,0.0,0.0065347971956184,0.0,22.165017047749384,-5.666946176782451,0.6249306955461355,1,0,none
2025-01-01 00:17:19.200000048,0.0,0.0,0.0,0.0086422934952336,0.0,25.12688885687275,-6.449841078024039,0.6641316928129947,1,0,none
2025-01-01 00:17:19.299999952,0.0,0.0,0.0,0.0717234581981557,0.0,24.692214408708075,-6.544762945697347,0.6027650260127527,1,0,none
2025-01-01 00:17:19.400000095,0.0,0.0,0.0,0.0117311902863385,0.0,24.915179063134964,-6.560604235962994,0.0145863583533685,1,0,none
2025-01-01 00:17:19.500000000,0.0,0.0,0.0,0.0097428207625554,0.0,24.74218023675484,-11.96875335458432,0.6133819061571848,1,0,none
2025-01-01 00:17:19.599999905,0.0,0.0,0.0,0.0512210403582489,0.0,19.958923285120093,-4.7007033157557405,0.6465289742313262,1,0,none
2025-01-01 00:17:19.700000048,0.0,0.0,0.0,0.0267985025659948,0.0,20.64956390820096,-4.755233229234462,0.5761587937062342,1,0,none
2025-01-01 00:17:19.799999952,0.0,0.0,0.0,0.0510354474162046,0.0,20.018480988039087,-4.6644807512717295,0.634644500594254,1,0,none
2025-01-01 00:17:19.900000095,0.0,0.0,0.0,0.0377810792553438,0.0,17.839080501413502,-3.956581662795974,0.5929522926824301,1,0,none
2025-01-01 00:17:20.000000000,0.0,0.0,0.0,0.0167081483700852,0.0,18.1810090331656,-3.808633371177269,-0.0769141471065318,1,0,none
2025-01-01 00:17:20.099999905,0.0,0.0,0.0,0.0253387989162434,0.0,24.976423482125693,-12.163197852509075,0.6167422938485813,1,0,none
2025-01-01 00:17:20.200000048,0.0,0.0,0.0,0.1017620309749594,0.0,18.65951057081204,-3.824354894161816,0.7268158786909024,1,0,none
2025-01-01 00:17:20.299999952,0.0,0.0,0.0,0.0681837554886628,0.0,22.60430092665273,-4.436467308395613,0.5770711796077009,1,0,none
2025-01-01 00:17:20.400000095,0.0,0.0,0.0,0.0142853377921863,0.0,22.573525306567912,-5.756982801644969,0.65596961251971,1,0,none
2025-01-01 00:17:20.500000000,0.0,0.0,0.0,0.073628605169935,0.0,23.01351684356936,-5.681604334449249,0.7398788531632112,1,0,none
2025-01-01 00:17:20.599999905,0.0,0.0,0.0,0.131205849676465,0.0,25.03623706975033,-12.055624770768574,0.6650015342572226,1,0,none
2025-01-01 00:17:20.700000048,0.0,0.0,0.0,0.046146688577452,0.0,22.574993195530286,-4.482387939750945,0.6003533508776656,1,0,none
2025-01-01 00:17:20.799999952,0.0,0.0,0.0,0.0108233031479925,0.0,19.546499268162485,-4.429783275378284,0.5933999697697844,1,0,none
2025-01-01 00:17:20.900000095,0.0,0.0,0.0,0.0571937048869026,0.0,19.35809852935504,-4.100542325365804,0.5666653902030366,1,0,none
2025-01-01 00:17:21.000000000,0.0,0.0,0.0,0.0733181224458989,0.0,19.20087779000383,-3.546598146283105,0.682025816742311,1,0,none
2025-01-01 00:17:21.099999905,0.0,0.0,0.0,0.0070759636034569,0.0,16.553372517423497,-3.1476775543864592,-0.0433707164619537,1,0,none
2025-01-01 00:17:21.200000048,0.0,0.0,0.0,0.0214492885246218,0.0,24.67879948857502,-12.08782253686856,0.6064701784112325,1,0,none
2025-01-01 00:17:21.299999952,0.0,0.0,0.0,0.0915270990110356,0.0,16.3417038671465,-3.209640019524183,0.5575531061314373,1,0,none
2025-01-01 00:17:21.400000095,0.0,0.0,0.0,0.0058262771515991,0.0,16.501074780549835,-3.0199197838114378,0.6941985921339263,1,0,none
2025-01-01 00:17:21.500000000,0.0,0.0,0.0,0.0363474493453759,0.0,25.241600891492595,-6.593708387437941,0.7079129140389013,1,0,none
2025-01-01 00:17:21.599999905,0.0,0.0,0.0,0.0452855389449582,0.0,24.98172851484498,-6.601044296175602,0.6922887531792183,1,0,none
2025-01-01 00:17:21.700000048,0.0,0.0,0.0,0.0269766877824348,0.0,24.665221755818106,-6.677712592239644,0.5697337359323141,1,0,none
2025-01-01 00:17:21.799999952,0.0,0.0,0.0,0.0133049174917692,0.0,25.15647117679092,-6.1598377678920135,0.6803575520389653,1,0,none
2025-01-01 00:17:21.900000095,0.0,0.0,0.0,0.0619367438625281,0.0,24.202818606372755,-6.437359892895128,0.5663664807638,1,0,none
2025-01-01 00:17:22.000000000,0.0,0.0,0.0,0.070552853442022,0.0,24.61688654512384,-6.343406844249506,0.627902015103212,1,0,none
2025-01-01 00:17:22.099999905,0.0,0.0,0.0,0.0958639942522468,0.0,24.119258326971945,-2.2983719003933665,0.7102538789991898,1,0,none
2025-01-01 00:17:22.200000048,0.0,0.0,0.0,0.1477873735674887,0.0,25.00402614561654,-12.039867113941286,0.5655091609054133,1,0,none
2025-01-01 00:17:22.299999952,0.0,0.0,0.0,0.104955865450402,0.0,13.796015073312295,-2.1391212064859637,0.6517318266318735,1,0,none
2025-01-01 00:17:22.400000095,0.0,0.0,0.0,0.0954366802699636,0.0,13.513668412112713,-2.1159667192293137,0.6495983198220364,1,0,none
2025-01-01 00:17:22.500000000,0.0,0.0,0.0,0.0684633652737718,0.0,13.952074716040894,-2.331857097176948,0.5518785243635724,1,0,none
2025-01-01 00:17:22.599999905,0.0,0.0,0.0,0.0096129820645201,0.0,24.187938579639084,-6.375740872836743,0.6767560504399767,1,0,none
2025-01-01 00:17:22.700000048,0.0,0.0,0.0,0.007780307379596,0.0,24.04940241194564,-6.178480588605603,0.0048804070563873,1,0,none
2025-01-01 00:17:22.799999952,0.0,0.0,0.0,0.0351937420710586,0.0,25.331938531243622,-12.077703864237414,0.6048690104314384,1,0,none
2025-01-01 00:17:22.900000095,0.0,0.0,0.0,0.0699509330777917,0.0,23.724935192231563,-6.263723846729087,0.5715301289431696,1,0,none
2025-01-01 00:17:23.000000000,0.0,0.0,0.0,0.0046081991460722,0.0,23.97325123137027,-6.517628474526334,0.727001109296218,1,0,none
2025-01-01 00:17:23.099999905,0.0,0.0,0.0,0.0651786460897443,0.0,24.50831562463386,-6.424479989708245,0.6865650269145341,1,0,none
2025-01-01 00:17:23.200000048,0.0,0.0,0.0,0.0196504022590012,0.0,24.29465688227608,-6.422664373943477,0.6602978703653727,1,0,none
2025-01-01 00:17:23.299999952,0.0,0.0,0.0,0.031828678767005,0.0,14.785642321704174,-2.4980568530364358,0.5911850044382648,1,0,none
2025-01-01 00:17:23.400000095,0.0,0.0,0.0,0.0639986768714916,0.0,14.975301062945045,-2.3497242729057373,0.5241502223894241,1,0,none
2025-01-01 00:17:23.500000000,0.0,0.0,0.0,0.0094750871446527,0.0,14.753824251314652,-2.390068371032651,0.6882339587717617,1,0,none
2025-01-01 00:17:23.599999905,0.0,0.0,0.0,0.0162267464037512,0.0,18.945001236114223,-3.6730557567304754,0.6683343386927538,1,0,none
2025-01-01 00:17:23.700000048,0.0,0.0,0.0,0.0161650200676872,0.0,25.29522143439561,-6.533274727671711,0.7312668845463912,1,0,none
2025-01-01 00:17:23.799999952,0.0,0.0,0.0,0.0199032808079138,0.0,25.48495649635413,-11.982398376222678,0.6062403153348939,1,0,none
2025-01-01 00:17:23.900000095,0.0,0.0,0.0,0.1246499541479121,0.0,25.10220275956685,-6.847593920165338,0.6673998766981425,1,0,none
2025-01-01 00:17:24.000000000,0.0,0.0,0.0,0.0900615814672649,0.0,18.104509695768694,-2.3471433084975977,0.6338047744115425,1,0,none
2025-01-01 00:17:24.099999905,0.0,0.0,0.0,0.0224095656115924,0.0,14.737513771007244,-2.280531605710582,0.6267529208935557,1,0,none
2025-01-01 00:17:24.200000048,0.0,0.0,0.0,0.0588724029710706,0.0,14.673895433004558,-2.4082400818135565,0.6275483858799841,1,0,none
2025-01-01 00:17:24.299999952,0.0,0.0,0.0,0.0919264078319721,0.0,14.32506315060271,-2.432277987090238,0.0339969936417373,1,0,none
2025-01-01 00:17:24.400000095,0.0,0.0,0.0,0.0035739290129122,0.0,25.14602245064742,-11.943561431128508,0.5821261826728505,1,0,none
2025-01-01 00:17:24.500000000,0.0,0.0,0.0,0.0491055392991308,0.0,13.75919402368708,-2.177766759900835,0.6462991560892518,1,0,none
2025-01-01 00:17:24.599999905,0.0,0.0,0.0,0.0546127223283466,0.0,14.132064284532106,-1.9564226233292608,0.5789704527765205,1,0,none
2025-01-01 00:17:24.700000048,0.0,0.0,0.0,0.0134270495368594,0.0,13.684717650143313,-2.3120417573972736,0.6918277585876117,1,0,none
2025-01-01 00:17:24.799999952,0.0,0.0,0.0,0.0470453200871051,0.0,17.19789785513513,-3.4667216906384635,0.6516064285787617,1,0,none
2025-01-01 00:17:24.900000095,0.0,0.0,0.0,0.0208506893685259,0.0,17.33228321051636,-3.556477176131159,0.5905885869180535,1,0,none
2025-01-01 00:17:25.000000000,0.0,0.0,0.0,0.0638794488696769,0.0,17.43669407302658,-3.6555706538569854,0.6290297912014875,1,0,none
2025-01-01 00:17:25.099999905,0.0,0.0,0.0,0.0847805608315955,0.0,20.76203364083789,-5.035475729560627,0.582310680998598,1,0,none
2025-01-01 00:17:25.200000048,0.0,0.0,0.0,0.044904691365347,0.0,21.1746961412775,-5.04387597384602,0.7002056418850398,1,0,none
2025-01-01 00:17:25.299999952,0.0,0.0,0.0,0.0639482673894026,0.0,21.155924677155284,-5.071697124950292,0.0811437992235604,1,0,none
2025-01-01 00:17:25.400000095,0.0,0.0,0.0,0.0155235643501675,0.0,24.70333829570933,-11.794698833256168,0.6598111841281424,1,0,none
2025-01-01 00:17:25.500000000,0.0,0.0,0.0,0.0906584643942694,0.0,14.652738131531931,-2.3458218160848743,0.7028328283827289,1,0,none
2025-01-01 00:17:25.599999905,0.0,0.0,0.0,0.014699316069123,0.0,14.640420547512374,-2.404703808292395,0.632589797443625,1,0,none
2025-01-01 00:17:25.700000048,0.0,0.0,0.0,0.1080563471716886,0.0,15.589715861403253,-2.6814681217356267,0.6881756283587399,1,0,none
2025-01-01 00:17:25.799999952,0.0,0.0,0.0,0.068144131163756,0.0,25.27102996843763,-2.8633654092537584,0.7112362260954878,1,0,none
2025-01-01 00:17:25.900000095,0.0,0.0,0.0,0.0103536921406229,0.0,25.603287632646843,-6.426388520924886,-0.0002871797757958,1,0,none
2025-01-01 00:17:26.000000000,0.0,0.0,0.0,0.0408093915808376,0.0,38.120010401468015,-7.647727163280283,0.6535551928658673,1,0,none
2025-01-01 00:17:26.099999905,0.0,0.0,0.0,0.1124523164790397,0.0,25.20310471015069,-6.804589448139951,0.6966828300714449,1,0,none
2025-01-01 00:17:26.200000048,0.0,0.0,0.0,0.0199343244927238,0.0,22.29401864044554,-5.629559095378487,0.6823248982797997,1,0,none
2025-01-01 00:17:26.299999952,0.0,0.0,0.0,0.042518692307284,0.0,21.746293206566044,-5.557680143756719,0.6122269639899474,1,0,none
2025-01-01 00:17:26.400000095,0.0,0.0,0.0,0.0146297812972059,0.0,21.71963037975245,-5.367206640901582,-0.1093414685635734,1,0,none
2025-01-01 00:17:26.500000000,0.0,0.0,0.0,0.0474241919256162,0.0,24.78736653918355,-11.84997809926333,0.6162235968701476,1,0,none
2025-01-01 00:17:26.599999905,0.0,0.0,0.0,0.0540320434433078,0.0,21.654197522179626,-4.956503399754187,0.520154291038741,1,0,none
2025-01-01 00:17:26.700000048,0.0,0.0,0.0,0.0019151228779828,0.0,20.447541598942,-4.731425618360988,0.5754491331947226,1,0,none
2025-01-01 00:17:26.799999952,0.0,0.0,0.0,0.0502200260553894,0.0,20.467138086753952,-4.673515831722104,0.5812856521399807,1,0,none
2025-01-01 00:17:26.900000095,0.0,0.0,0.0,0.0467621557310897,0.0,20.3847889495126,-3.750044075424076,0.5965678844529937,1,0,none
2025-01-01 00:17:27.000000000,0.0,0.0,0.0,0.0879365890431965,0.0,15.757199686675298,-2.883267014264701,0.6660219072081771,1,0,none
2025-01-01 00:17:27.099999905,0.0,0.0,0.0,0.0539803611667311,0.0,15.727822919733866,-2.771851884419257,0.676883977036513,1,0,none
2025-01-01 00:17:27.200000048,0.0,0.0,0.0,0.1111600977278279,0.0,15.550890792800226,-2.801283722212911,0.6504370359903604,1,0,none
2025-01-01 00:17:27.299999952,0.0,0.0,0.0,0.0122311880226771,0.0,18.014052748573473,-3.7051841361661255,0.6566253488030903,1,0,none
2025-01-01 00:17:27.400000095,0.0,0.0,0.0,0.0591970373674283,0.0,18.308898711029805,-3.726006552137258,0.7328060228184321,1,0,none
2025-01-01 00:17:27.500000000,0.0,0.0,0.0,0.2211128076893399,0.0,24.64791088223596,-11.860268698132362,0.2751585004389538,1,0,none
2025-01-01 00:17:27.599999905,0.0,0.0,0.0,0.15870521104999,0.0,18.001823721247384,-3.761811978699704,0.6255098841003558,1,0,none
2025-01-01 00:17:27.700000048,0.0,0.0,0.0,0.0213175369878396,0.0,18.545873976861444,-3.4531742117195754,0.5351770639414998,1,0,none
2025-01-01 00:17:27.799999952,0.0,0.0,0.0,0.0199865042924899,0.0,17.970194712516623,-3.541257320977603,0.650456973783577,1,0,none
2025-01-01 00:17:27.900000095,0.0,0.0,0.0,0.0768108508657293,0.0,17.51798854144994,-3.322653332775854,0.5203445926340151,1,0,none
2025-01-01 00:17:28.000000000,0.0,0.0,0.0,0.1208429213074969,0.0,17.73193714568839,-2.35183447833038,0.690978073232465,1,0,none
2025-01-01 00:17:28.099999905,0.0,0.0,0.0,0.1553513716237973,0.0,24.926245504766804,-12.12480303043056,0.5773884888009794,1,0,none
2025-01-01 00:17:28.200000048,0.0,0.0,0.0,0.1021106227709428,0.0,13.498697744173697,-2.1964376136491923,0.5691121025841844,1,0,none
2025-01-01 00:17:28.299999952,0.0,0.0,0.0,0.1163363708708869,0.0,14.083651485585577,-2.230256663322978,0.673085798025661,1,0,none
2025-01-01 00:17:28.400000095,0.0,0.0,0.0,0.0245006692317111,0.0,14.07078679698102,-2.5488776356160785,0.6503311084975874,1,0,none
2025-01-01 00:17:28.500000000,0.0,0.0,0.0,0.0286016947039738,0.0,20.92150056616407,-4.987096878712209,0.6440412347918955,1,0,none
2025-01-01 00:17:28.599999905,0.0,0.0,0.0,0.0358388646990139,0.0,38.52728736256847,-7.799505081885356,0.0349000793755266,1,0,none
2025-01-01 00:17:28.700000048,0.0,0.0,0.0,0.0397012405599512,0.0,21.288663173574328,-5.101082835345746,0.6320399956116672,1,0,none
2025-01-01 00:17:28.799999952,0.0,0.0,0.0,0.0492709389897627,0.0,20.60428008997176,-5.187230169775411,0.6575959431878404,1,0,none
2025-01-01 00:17:28.900000095,0.0,0.0,0.0,0.0144300673271982,0.0,23.9678658263328,-6.365576778613372,0.65050257861171,1,0,none
2025-01-01 00:17:29.000000000,0.0,0.0,0.0,0.0825658024522461,0.0,23.89756804797187,-6.416205749321426,0.6493725527691928,1,0,none
2025-01-01 00:17:29.099999905,0.0,0.0,0.0,0.0178308561400976,0.0,24.225491888790746,-6.192968663882433,0.6163984461676462,1,0,none
2025-01-01 00:17:29.200000048,0.0,0.0,0.0,0.0367403343478005,0.0,22.17363209636722,-5.619911070182735,0.5878733942638648,1,0,none
2025-01-01 00:17:29.299999952,0.0,0.0,0.0,0.0588046091321108,0.0,21.694727345845426,-5.562875885326538,0.6081570825355262,1,0,none
2025-01-01 00:17:29.400000095,0.0,0.0,0.0,0.0254646593179165,0.0,21.58827333133184,-5.371016835272522,0.6054026046402866,1,0,none
2025-01-01 00:17:29.500000000,0.0,0.0,0.0,0.0500572864948686,0.0,16.721817500299814,-2.2391664560686824,0.5881634506241555,1,0,none
2025-01-01 00:17:29.599999905,0.0,0.0,0.0,0.0470826633234595,0.0,13.253787666078804,-2.1468171008900985,0.6676026890905012,1,0,none
2025-01-01 00:17:29.700000048,0.0,0.0,0.0,0.0681305634263697,0.0,13.92616149761118,-2.188759272800385,0.5913896691072194,1,0,none
2025-01-01 00:17:29.799999952,0.0,0.0,0.0,0.0257158340341793,0.0,15.074191095199405,-2.62389185269165,0.641424542055438,1,0,none
2025-01-01 00:17:29.900000095,0.0,0.0,0.0,0.0294306686877461,0.0,21.84064741169503,-5.390849507866931,0.7083169855780627,1,0,none
2025-01-01 00:17:30.000000000,0.0,0.0,0.0,0.0558752219475448,0.0,22.2623963434404,-5.400376724113743,0.6704564676299776,1,0,none
2025-01-01 00:17:30.099999905,0.0,0.0,0.0,0.2098820577066789,0.0,22.20019945576308,-2.669496697387495,0.7608146942548641,1,0,none
2025-01-01 00:17:30.200000048,0.0,0.0,0.0,0.3458935643254106,0.0,25.23332051417436,-12.075102955998185,0.5704609711312886,1,0,none
2025-01-01 00:17:30.299999952,0.0,0.0,0.0,0.0988892725050485,0.0,13.722405752791063,-2.0968626116528304,0.6642144062863854,1,0,none
2025-01-01 00:17:30.400000095,0.0,0.0,0.0,0.1190474266046355,0.0,13.906750116473631,-1.984028868918904,0.5968514801510935,1,0,none
2025-01-01 00:17:30.500000000,0.0,0.0,0.0,0.0079844761101173,0.0,14.02913993170898,-2.0316332494816813,0.636206302209173,1,0,none
2025-01-01 00:17:30.599999905,0.0,0.0,0.0,0.0151711120420207,0.0,22.48249881714879,-5.660977764083341,0.6409122094609904,1,0,none
2025-01-01 00:17:30.700000048,0.0,0.0,0.0,0.0114163344180941,0.0,22.13524377455976,-5.721539561196728,-0.0287920106099005,1,0,none
2025-01-01 00:17:30.799999952,0.0,0.0,0.0,0.0094072243229179,0.0,38.447601216230886,-7.56133826787583,0.6319093005957738,1,0,none
2025-01-01 00:17:30.900000095,0.0,0.0,0.0,0.0562920758878946,0.0,22.360679411019508,-5.72902750262419,0.6003312036251324,1,0,none
2025-01-01 00:17:31.000000000,0.0,0.0,0.0,0.0406752676330275,0.0,20.51135763154289,-5.097326124665698,0.5758803094449152,1,0,none
2025-01-01 00:17:31.099999905,0.0,0.0,0.0,0.0280513111698924,0.0,20.900067184398736,-4.972588155131843,0.6928206753002896,1,0,none
2025-01-01 00:17:31.200000048,0.0,0.0,0.0,0.0145317809480021,0.0,20.87146253673396,-5.038226463277586,0.6408774998562865,1,0,none
2025-01-01 00:17:31.299999952,0.0,0.0,0.0,0.0110687616480329,0.0,23.876377318105312,-5.48337577844261,0.6600718271958643,1,0,none
2025-01-01 00:17:31.400000095,0.0,0.0,0.0,0.0319161296992933,0.0,24.249647469239942,-6.248840967122256,0.6581888435596428,1,0,none
2025-01-01 00:17:31.500000000,0.0,0.0,0.0,0.0966954138777505,0.0,24.389841898258315,-6.267289648424971,0.627736321255501,1,0,none
2025-01-01 00:17:31.599999905,0.0,0.0,0.0,0.0210319579859719,0.0,13.361497528920264,-2.128350084831536,0.6296402273028214,1,0,none
2025-01-01 00:17:31.700000048,0.0,0.0,0.0,0.0368812458766797,0.0,13.381744999254629,-1.998815569390146,-0.015270861001551,1,0,none
2025-01-01 00:17:31.799999952,0.0,0.0,0.0,0.0179168836142231,0.0,24.531948752461016,-12.092082253843191,0.6959198434257432,1,0,none
2025-01-01 00:17:31.900000095,0.0,0.0,0.0,0.0179033746976436,0.0,13.435197243311286,-2.077731803864008,0.663037238081768,1,0,none
2025-01-01 00:17:32.000000000,0.0,0.0,0.0,0.0578485490888138,0.0,14.276621870854957,-2.24330466642672,0.625919101638551,1,0,none
2025-01-01 00:17:32.099999905,0.0,0.0,0.0,0.0237174379240977,0.0,15.643685099048067,-2.6922149564673625,0.6026472782016968,1,0,none
2025-01-01 00:17:32.200000048,0.0,0.0,0.0,0.0351285126930921,0.0,15.0323899282543,-2.8839788252150305,0.619058957863546,1,0,none
2025-01-01 00:17:32.299999952,0.0,0.0,0.0,0.0833611426405911,0.0,15.681359180059207,-2.716403353252535,0.6458810758185873,1,0,none
2025-01-01 00:17:32.400000095,0.0,0.0,0.0,0.0522446467209993,0.0,20.268544653315452,-4.531716778986117,0.6999970046268156,1,0,none
2025-01-01 00:17:32.500000000,0.0,0.0,0.0,0.0403573501330973,0.0,20.17415136877015,-4.612512636951018,0.5563476227667478,1,0,none
2025-01-01 00:17:32.599999905,0.0,0.0,0.0,0.0881493780161698,0.0,19.93107567688429,-4.631199184324279,0.6579887379320889,1,0,none
2025-01-01 00:17:32.700000048,0.0,0.0,0.0,0.053142087554251,0.0,18.016030644441656,-3.687855042060008,0.7563361818389317,1,0,none
2025-01-01 00:17:32.799999952,0.0,0.0,0.0,0.1560281124617179,0.0,25.339157985861192,-11.9672554259201,0.4756640765047384,1,0,none
2025-01-01 00:17:32.900000095,0.0,0.0,0.0,0.0589656783290486,0.0,18.309242140499386,-3.9270832489479854,0.6159424561634362,1,0,none
2025-01-01 00:17:33.000000000,0.0,0.0,0.0,0.0159012006873537,0.0,18.86222571295503,-3.828623493597784,0.571774101345848,1,0,none
2025-01-01 00:17:33.099999905,0.0,0.0,0.0,0.0144991879191767,0.0,15.542055293561525,-2.568886115120394,0.6465264805838518,1,0,none
2025-01-01 00:17:33.200000048,0.0,0.0,0.0,0.0808367887829795,0.0,15.569561591988334,-2.841969630876221,0.6070824533822223,1,0,none
2025-01-01 00:17:33.299999952,0.0,0.0,0.0,0.0633736096872001,0.0,15.844678273378848,-2.871235929994005,0.6184930466559937,1,0,none
2025-01-01 00:17:33.400000095,0.0,0.0,0.0,0.0112862892085319,0.0,15.31310751139893,-3.4687268700932945,0.6044472096360762,1,0,none
2025-01-01 00:17:33.500000000,0.0,0.0,0.0,0.0698437969513134,0.0,20.43596099195412,-5.050202478417243,0.6610081716384134,1,0,none
2025-01-01 00:17:33.599999905,0.0,0.0,0.0,0.0717638985288502,0.0,21.12924549140595,-5.080072333950286,0.636451648029907,1,0,none
2025-01-01 00:17:33.700000048,0.0,0.0,0.0,0.0628378566617671,0.0,20.54841982123304,-3.240504700244684,0.7115463382019827,1,0,none
2025-01-01 00:17:33.799999952,0.0,0.0,0.0,0.2072998677426598,0.0,24.454284695409235,-12.19501121945573,0.4080310912540727,1,0,none
2025-01-01 00:17:33.900000095,0.0,0.0,0.0,0.1191967327856247,0.0,16.160558156421928,-2.8773655853905447,0.6536245440226068,1,0,none
2025-01-01 00:17:34.000000000,0.0,0.0,0.0,0.0187733104837344,0.0,15.281854705637738,-2.569937197483836,0.6119014072571838,1,0,none
2025-01-01 00:17:34.099999905,0.0,0.0,0.0,0.0123131851517078,0.0,15.75523581949845,-2.5967703716304262,0.7100387393770463,1,0,none
2025-01-01 00:17:34.200000048,0.0,0.0,0.0,0.0043424042387378,0.0,14.92072555781728,-2.6001548746166803,0.563260262439074,1,0,none
2025-01-01 00:17:34.299999952,0.0,0.0,0.0,0.0757261154148928,0.0,13.956811505014576,-2.2852039219488147,-0.0862959224084824,1,0,none
2025-01-01 00:17:34.400000095,0.0,0.0,0.0,0.038234883056712,0.0,24.91980489304966,-11.876516598955655,0.5345659715695713,1,0,none
2025-01-01 00:17:34.500000000,0.0,0.0,0.0,0.0195661791379402,0.0,14.934523974843732,-2.4012490111113087,0.5210205940353783,1,0,none
2025-01-01 00:17:34.599999905,0.0,0.0,0.0,0.0256390322195838,0.0,19.306292814455656,-4.296397935774671,0.6586584907410126,1,0,none
2025-01-01 00:17:34.700000048,0.0,0.0,0.0,0.061582810916204,0.0,19.47105620514105,-4.281025866000528,0.652568384964132,1,0,none
2025-01-01 00:17:34.799999952,0.0,0.0,0.0,0.0440745194054517,0.0,19.18375260552837,-4.241162422047134,0.6853888245887797,1,0,none
2025-01-01 00:17:34.900000095,0.0,0.0,0.0,0.0704546629480559,0.0,15.813751332627648,-1.859895349200532,0.5721680892647238,1,0,none
2025-01-01 00:17:35.000000000,0.0,0.0,0.0,0.0510025927679185,0.0,12.69320127957598,-2.0554901019088634,0.662273072737275,1,0,none
2025-01-01 00:17:35.099999905,0.0,0.0,0.0,0.0423978118875446,0.0,12.576859775076167,-2.075441324458072,0.6278412031074653,1,0,none
2025-01-01 00:17:35.200000048,0.0,0.0,0.0,0.0668949837452518,0.0,12.81068148729563,-2.088270327577752,0.6333293249577929,1,0,none
2025-01-01 00:17:35.299999952,0.0,0.0,0.0,0.0666469007361034,0.0,14.361366863441376,-2.283286741971016,0.7312811447674803,1,0,none
2025-01-01 00:17:35.400000095,0.0,0.0,0.0,0.1679602424389913,0.0,25.30287579036736,-12.00527906507871,0.5121859124468778,1,0,none
2025-01-01 00:17:35.500000000,0.0,0.0,0.0,0.089866779897963,0.0,14.345627947282434,-2.461676182733287,0.7543624567702244,1,0,none
2025-01-01 00:17:35.599999905,0.0,0.0,0.0,0.0034854371052261,0.0,14.882211652194792,-2.178375130246961,0.6915940152137677,1,0,none
2025-01-01 00:17:35.700000048,0.0,0.0,0.0,0.0863516443743067,0.0,13.72022274177827,-2.128492768666151,0.598414702300232,1,0,none
2025-01-01 00:17:35.799999952,0.0,0.0,0.0,0.1438094108403557,0.0,13.869205427964811,-2.186660933736057,0.5954630971138326,1,0,none
2025-01-01 00:17:35.900000095,0.0,0.0,0.0,0.0776687475082376,0.0,14.30908218855991,-2.329988168450744,-0.0043952080902345,1,0,none
2025-01-01 00:17:36.000000000,0.0,0.0,0.0,0.070936678978387,0.0,24.868471789835414,-12.061476601834103,0.6591129221791021,1,0,none
2025-01-01 00:17:36.099999905,0.0,0.0,0.0,0.038779450571851,0.0,23.583480468464906,-6.197238789930377,0.7032807629854155,1,0,none
2025-01-01 00:17:36.200000048,0.0,0.0,0.0,0.0524918332402053,0.0,23.411269005414333,-6.071831244266956,0.5915639544215837,1,0,none
2025-01-01 00:17:36.299999952,0.0,0.0,0.0,0.0204124772373851,0.0,23.45439432831019,-6.022120979016015,0.6642743471599584,1,0,none
2025-01-01 00:17:36.400000095,0.0,0.0,0.0,0.0612848499290987,0.0,25.88999073731594,-6.7219204899937015,0.556882582112594,1,0,none
2025-01-01 00:17:36.500000000,0.0,0.0,0.0,0.156678084296238,0.0,24.56759747628539,-12.092070329625722,0.7218178796705559,1,0,none
2025-01-01 00:17:36.599999905,0.0,0.0,0.0,0.1333608138959841,0.0,25.886739550631237,-6.654390903912306,0.6196247889770975,1,0,none
2025-01-01 00:17:36.700000048,0.0,0.0,0.0,0.1110831452326247,0.0,25.39692196964699,-6.381480124795811,0.7218339881142881,1,0,none
2025-01-01 00:17:36.799999952,0.0,0.0,0.0,0.026013082595231,0.0,19.856142501610464,-4.630371111817768,0.5476998727890161,1,0,none
2025-01-01 00:17:36.900000095,0.0,0.0,0.0,0.1030241101626943,0.0,20.48879555523248,-4.721522997759045,0.6935304190745053,1,0,none
2025-01-01 00:17:37.000000000,0.0,0.0,0.0,0.0680064412977988,0.0,19.54556696628344,-4.55624856941896,-0.0851915667583109,1,0,none
2025-01-01 00:17:37.099999905,0.0,0.0,0.0,0.0238823990945246,0.0,24.84347000281028,-11.887173425839158,0.5586394862796747,1,0,none
2025-01-01 00:17:37.200000048,0.0,0.0,0.0,0.0471848834656038,0.0,19.83745533871928,-4.6879929411166525,0.5411452720763917,1,0,none
2025-01-01 00:17:37.299999952,0.0,0.0,0.0,0.0130460128355471,0.0,20.22362503946144,-4.59977521190097,0.6375176304225527,1,0,none
2025-01-01 00:17:37.400000095,0.0,0.0,0.0,0.0332494521752352,0.0,19.666080769643848,-4.561471481354095,0.5913150594623133,1,0,none
2025-01-01 00:17:37.500000000,0.0,0.0,0.0,0.0828496062117789,0.0,22.529919184022397,-5.046537222608851,0.5825834247359731,1,0,none
2025-01-01 00:17:37.599999905,0.0,0.0,0.0,0.0328706436583664,0.0,25.24406907525353,-6.740952136360443,0.6601383800811691,1,0,none
2025-01-01 00:17:37.700000048,0.0,0.0,0.0,0.0198605971949156,0.0,25.25619381720317,-6.727203041270199,0.6725887692937346,1,0,none
2025-01-01 00:17:37.799999952,0.0,0.0,0.0,0.0019413343884476,0.0,25.316594173809992,-6.771325522219955,0.6519924652075163,1,0,none
2025-01-01 00:17:37.900000095,0.0,0.0,0.0,0.0324024760942042,0.0,24.71941351281858,-6.529322487479967,0.6418890425489224,1,0,none
2025-01-01 00:17:38.000000000,0.0,0.0,0.0,0.0194834968422675,0.0,24.67340954708229,-6.472866081808976,0.741445481621859,1,0,none
2025-01-01 00:17:38.099999905,0.0,0.0,0.0,0.0646947410902098,0.0,25.64041189689049,-6.591142727684961,0.6572918133120985,1,0,none
2025-01-01 00:17:38.200000048,0.0,0.0,0.0,0.0504013701774696,0.0,24.65384984509126,-6.54113335793369,0.6902845736961125,1,0,none
2025-01-01 00:17:38.299999952,0.0,0.0,0.0,0.0209571012337903,0.0,24.0347172759544,-6.432007126379377,0.657146106284498,1,0,none
2025-01-01 00:17:38.400000095,0.0,0.0,0.0,0.051507608210845,0.0,24.547370393083582,-6.612380393451489,0.5951061855872658,1,0,none
2025-01-01 00:17:38.500000000,0.0,0.0,0.0,0.023856519098289,0.0,23.919816993488183,-6.330505044657703,0.0274943840951008,1,0,none
2025-01-01 00:17:38.599999905,0.0,0.0,0.0,0.0228505452180551,0.0,25.247843684812157,-12.056981215824022,0.6172101344265104,1,0,none
2025-01-01 00:17:38.700000048,0.0,0.0,0.0,0.0218550519603245,0.0,24.19649579787748,-6.41724610966481,0.6454506930980383,1,0,none
2025-01-01 00:17:38.799999952,0.0,0.0,0.0,0.022054514636408,0.0,24.3196138405371,-6.320388404503619,0.6652701340946713,1,0,none
2025-01-01 00:17:38.900000095,0.0,0.0,0.0,0.0345891685258268,0.0,21.588993260248827,-5.483102654241833,0.5529290966556679,1,0,none
2025-01-01 00:17:39.000000000,0.0,0.0,0.0,0.0074623577586172,0.0,21.81619492588292,-5.369305171119567,0.5695248938054136,1,0,none
2025-01-01 00:17:39.099999905,0.0,0.0,0.0,0.0019117322958856,0.0,21.5887206689177,-5.418352857309835,0.0454729586248781,1,0,none
2025-01-01 00:17:39.200000048,0.0,0.0,0.0,0.1159908051706511,0.0,24.97564204475936,-11.953485713927138,0.5918126776700527,1,0,none
2025-01-01 00:17:39.299999952,0.0,0.0,0.0,0.0556712350044096,0.0,22.05060003060945,-2.0481733768405634,0.5941839005445569,1,0,none
2025-01-01 00:17:39.400000095,0.0,0.0,0.0,0.0701895092501421,0.0,14.000822623751604,-1.97628142308156,0.633321919868541,1,0,none
2025-01-01 00:17:39.500000000,0.0,0.0,0.0,0.1624694786131715,0.0,14.05003384888626,-2.048042073550346,0.6057163701439066,1,0,none
2025-01-01 00:17:39.599999905,0.0,0.0,0.0,0.0565199158874621,0.0,14.04986767247476,-2.183697369955109,0.7208794190821395,1,0,none
2025-01-01 00:17:39.700000048,0.0,0.0,0.0,0.10956818898947,0.0,25.26533273121452,-12.029890197007475,0.5474439105633478,1,0,none
2025-01-01 00:17:39.799999952,0.0,0.0,0.0,0.0731798012184448,0.0,16.586445012462075,-3.0488513559993757,0.6349301475090224,1,0,none
2025-01-01 00:17:39.900000095,0.0,0.0,0.0,0.0627014039625337,0.0,16.507654421803675,-2.983135737925233,0.5899070804878874,1,0,none
2025-01-01 00:17:40.000000000,0.0,0.0,0.0,0.0449499493618416,0.0,16.856641872357947,-3.1474436460691675,0.6346797411640464,1,0,none
2025-01-01 00:17:40.099999905,0.0,0.0,0.0,0.0388228613518888,0.0,20.800486224599062,-4.950816488630347,0.6802544543417722,1,0,none
2025-01-01 00:17:40.200000048,0.0,0.0,0.0,0.0563510119293359,0.0,20.74327722601455,-4.901089861276333,-0.0283874108057099,1,0,none
2025-01-01 00:17:40.299999952,0.0,0.0,0.0,0.0324767064284435,0.0,24.644223520243944,-12.01017659175643,0.6707659150136076,1,0,none
2025-01-01 00:17:40.400000095,0.0,0.0,0.0,0.0536112365649079,0.0,20.954874369086077,-4.0708066962682725,0.6224219840838675,1,0,none
2025-01-01 00:17:40.500000000,0.0,0.0,0.0,0.0945993236151479,0.0,15.84388032763426,-2.858622124067865,0.6617240827988969,1,0,none
2025-01-01 00:17:40.599999905,0.0,0.0,0.0,0.0267600743427328,0.0,16.638646228817905,-3.12588296941032,0.6314385659176556,1,0,none
2025-01-01 00:17:40.700000048,0.0,0.0,0.0,0.0240392754754271,0.0,16.567242071649837,-3.041272186445909,0.6233294539951036,1,0,none
2025-01-01 00:17:40.799999952,0.0,0.0,0.0,0.0289905207991048,0.0,15.940391909946316,-1.9272507713273024,0.6424864841038183,1,0,none
2025-01-01 00:17:40.900000095,0.0,0.0,0.0,0.0082413512788087,0.0,12.798424806860504,-1.859102646115692,0.6856798781151124,1,0,none
2025-01-01 00:17:41.000000000,0.0,0.0,0.0,0.0395176469692124,0.0,12.939004514374748,-1.8193965791429876,0.6368048647107538,1,0,none
2025-01-01 00:17:41.099999905,0.0,0.0,0.0,0.019908125614857,0.0,13.236660999988011,-2.2893993634297463,0.6489265415454198,1,0,none
2025-01-01 00:17:41.200000048,0.0,0.0,0.0,0.0403382211203946,0.0,17.814940694033446,-3.335396144404999,0.6815757543211649,1,0,none
2025-01-01 00:17:41.299999952,0.0,0.0,0.0,0.089387827681458,0.0,24.79595429027445,-11.980202004319567,0.6285443236997513,1,0,none
2025-01-01 00:17:41.400000095,0.0,0.0,0.0,0.1340668516867882,0.0,17.454534369776148,-3.1799779950796454,0.6570168555464836,1,0,none
2025-01-01 00:17:41.500000000,0.0,0.0,0.0,0.0431896249624967,0.0,17.688325693305217,-1.9675651815348187,0.6288854230012503,1,0,none
2025-01-01 00:17:41.599999905,0.0,0.0,0.0,0.0210081526216511,0.0,13.212096021686344,-2.0177474088412315,0.6188673163872662,1,0,none
2025-01-01 00:17:41.700000048,0.0,0.0,0.0,0.0891367997639885,0.0,12.821227302205314,-2.079307281719489,0.6988954134636556,1,0,none
2025-01-01 00:17:41.799999952,0.0,0.0,0.0,0.0383018157075419,0.0,13.38441501943709,-2.262658972451395,-0.0303102038522629,1,0,none
2025-01-01 00:17:41.900000095,0.0,0.0,0.0,0.042274971798782,0.0,24.433088954913536,-11.93253240266904,0.5608562491864334,1,0,none
2025-01-01 00:17:42.000000000,0.0,0.0,0.0,0.0838730636071839,0.0,24.17366092955968,-6.257681013696815,0.6536199799712228,1,0,none
2025-01-01 00:17:42.099999905,0.0,0.0,0.0,0.0489629748775854,0.0,24.334379219831884,-6.278070985445375,0.6845002286557171,1,0,none
2025-01-01 00:17:42.200000048,0.0,0.0,0.0,0.0072779692319514,0.0,24.23716744358481,-6.1634594374307925,0.7045654405592336,1,0,none
2025-01-01 00:17:42.299999952,0.0,0.0,0.0,0.0406494321206884,0.0,19.805827709184427,-4.393407339145979,0.619635302828306,1,0,none
2025-01-01 00:17:42.400000095,0.0,0.0,0.0,0.0597175627869826,0.0,19.659467617960388,-4.213137093725952,0.6271793831970892,1,0,none
2025-01-01 00:17:42.500000000,0.0,0.0,0.0,0.1248363823356799,0.0,19.114337512407836,-4.085051124175278,0.6509765216257978,1,0,none
2025-01-01 00:17:42.599999905,0.0,0.0,0.0,0.0343723336244549,0.0,14.689961373059182,-2.1384023836028323,0.6117825290568117,1,0,none
2025-01-01 00:17:42.700000048,0.0,0.0,0.0,0.0289522496956726,0.0,13.585787476866765,-1.9989239821451887,0.6508202974195575,1,0,none
2025-01-01 00:17:42.799999952,0.0,0.0,0.0,0.0395076498417747,0.0,14.279266214837552,-2.2112318418233707,0.6957299124465866,1,0,none
2025-01-01 00:17:42.900000095,0.0,0.0,0.0,0.1227154146736211,0.0,25.543156743526296,-11.979287192391824,0.600568412859509,1,0,none
2025-01-01 00:17:43.000000000,0.0,0.0,0.0,0.0931751328556929,0.0,15.664483232056492,-2.9013683892165205,0.6611490256548912,1,0,none
2025-01-01 00:17:43.099999905,0.0,0.0,0.0,0.0106745232689203,0.0,16.63173111505724,-2.9456355526315217,0.6655113916151216,1,0,none
2025-01-01 00:17:43.200000048,0.0,0.0,0.0,0.0380768747984246,0.0,16.500466368468366,-3.117898867677129,0.6147341177598956,1,0,none
2025-01-01 00:17:43.299999952,0.0,0.0,0.0,0.0728070952142234,0.0,15.441422611122215,-2.4893394365432595,0.721296366025113,1,0,none
2025-01-01 00:17:43.400000095,0.0,0.0,0.0,0.0509251715092355,0.0,14.79316189137426,-2.438306796762572,0.0241955971189736,1,0,none
2025-01-01 00:17:43.500000000,0.0,0.0,0.0,0.0385323562901056,0.0,24.665434831608724,-12.106986295272272,0.6373647026743415,1,0,none
2025-01-01 00:17:43.599999905,0.0,0.0,0.0,0.0690781012052668,0.0,14.66205960091582,-2.5118285621418464,0.6119528509716514,1,0,none
2025-01-01 00:17:43.700000048,0.0,0.0,0.0,0.0013740326526047,0.0,14.942776259779,-2.6603371679977306,0.6451464089925724,1,0,none
2025-01-01 00:17:43.799999952,0.0,0.0,0.0,0.0467612990084862,0.0,25.361882300203003,-6.70287187922263,0.6557189880351318,1,0,none
2025-01-01 00:17:43.900000095,0.0,0.0,0.0,0.0762675778661902,0.0,25.491609175653902,-6.793826269101075,0.610616135178785,1,0,none
2025-01-01 00:17:44.000000000,0.0,0.0,0.0,0.0322477773624928,0.0,25.382084374349716,-6.817229914555537,0.6353841427115456,1,0,none
2025-01-01 00:17:44.099999905,0.0,0.0,0.0,0.005071214169881,0.0,21.51984800937581,-5.32895583193485,0.6417099990948495,1,0,none
2025-01-01 00:17:44.200000048,0.0,0.0,0.0,0.0535920254267908,0.0,22.120785111918558,-5.737923087075223,0.652796033046161,1,0,none
2025-01-01 00:17:44.299999952,0.0,0.0,0.0,0.0225496593240365,0.0,21.73753842260301,-5.4586569392760325,0.5618646504979198,1,0,none
2025-01-01 00:17:44.400000095,0.0,0.0,0.0,0.0437649327142029,0.0,21.463683270020343,-5.547963085265012,0.7265698062981202,1,0,none
2025-01-01 00:17:44.500000000,0.0,0.0,0.0,0.1246406059289148,0.0,25.06788768017303,-12.086855439491435,0.3811326908460034,1,0,none
2025-01-01 00:17:44.599999905,0.0,0.0,0.0,0.1012492630483964,0.0,22.189065850063145,-5.393561644729381,0.648955792518755,1,0,none
2025-01-01 00:17:44.700000048,0.0,0.0,0.0,0.0895769760452757,0.0,21.900548169960537,-5.439598288827884,0.7017638283090128,1,0,none
2025-01-01 00:17:44.799999952,0.0,0.0,0.0,0.0457722439081933,0.0,24.09114331178792,-5.925752875491083,0.7526197746060603,1,0,none
2025-01-01 00:17:44.900000095,0.0,0.0,0.0,0.1147406433160126,0.0,23.64176159316439,-6.231714253391422,0.6839188599822313,1,0,none
2025-01-01 00:17:45.000000000,0.0,0.0,0.0,0.042149827101573,0.0,24.13417630370838,-6.348149302199288,-0.0617211086033168,1,0,none
2025-01-01 00:17:45.099999905,0.0,0.0,0.0,0.0272534335874858,0.0,25.07047843752644,-11.819394308296364,0.6327296524083733,1,0,none
2025-01-01 00:17:45.200000048,0.0,0.0,0.0,0.0408279623096254,0.0,24.18372573262333,-6.489448128369645,0.6797981654415546,1,0,none
2025-01-01 00:17:45.299999952,0.0,0.0,0.0,0.0191957007828433,0.0,24.9003846085277,-6.836599584168133,0.6741645248214512,1,0,none
2025-01-01 00:17:45.400000095,0.0,0.0,0.0,0.0348088427405467,0.0,25.04483038314897,-6.541772979961955,0.6993662867726538,1,0,none
2025-01-01 00:17:45.500000000,0.0,0.0,0.0,0.0380941664286655,0.0,25.73636153826633,-6.480827771716612,0.6451324502854703,1,0,none
2025-01-01 00:17:45.599999905,0.0,0.0,0.0,0.0593444659575709,0.0,23.93020030111914,-5.913552026758403,0.6318249877817247,1,0,none
2025-01-01 00:17:45.700000048,0.0,0.0,0.0,0.0810402792093598,0.0,23.33400824923862,-6.123519567311327,0.7126212001958019,1,0,none
2025-01-01 00:17:45.799999952,0.0,0.0,0.0,0.0987286642997912,0.0,23.80182703615983,-3.881521499555444,0.6279335301684819,1,0,none
2025-01-01 00:17:45.900000095,0.0,0.0,0.0,0.0229317028631432,0.0,16.14642816456895,-2.9890628075465995,0.5741662811989443,1,0,none
2025-01-01 00:17:46.000000000,0.0,0.0,0.0,0.0917420052757243,0.0,16.821294884598483,-3.049806140305652,0.773756682851646,1,0,none
2025-01-01 00:17:46.099999905,0.0,0.0,0.0,0.136666588205226,0.0,25.07357075436827,-11.872807996098366,0.4751952254302778,1,0,none
2025-01-01 00:17:46.200000048,0.0,0.0,0.0,0.0788473650325633,0.0,16.684892449584957,-14.806741799149568,0.4502477388755697,1,0,none
2025-01-01 00:17:46.299999952,0.0,0.0,0.0,0.0201609458620521,0.0,14.78547199584524,-15.22934262786165,0.6634693379018787,1,0,none
2025-01-01 00:17:46.400000095,0.0,0.0,0.0,0.0239212187698598,0.0,12.303291130577469,-14.918518162500847,0.6705350485512316,1,0,none
2025-01-01 00:17:46.500000000,0.0,0.0,0.0,0.0373368442790604,0.0,11.997697780894647,-2.0894503809851184,0.6457006470972345,1,0,none
2025-01-01 00:17:46.599999905,0.0,0.0,0.0,0.0163246542881557,0.0,12.155578721237251,-2.2592808453869773,0.5598771958003975,1,0,none
2025-01-01 00:17:46.700000048,0.0,0.0,0.0,0.0104661000172315,0.0,14.974460339429356,-2.3289149236747755,0.622056507237884,1,0,none
2025-01-01 00:17:46.799999952,0.0,0.0,0.0,0.0453190379931559,0.0,14.719735406842425,-2.328970967886615,0.6110915713223064,1,0,none
2025-01-01 00:17:46.900000095,0.0,0.0,0.0,0.0375411085976461,0.0,14.519751108271224,-2.650473274070725,0.5981355494553805,1,0,none
2025-01-01 00:17:47.000000000,0.0,0.0,0.0,0.0353403104123268,0.0,18.53390885465385,-3.804570912829274,0.7706034715404639,1,0,none
2025-01-01 00:17:47.099999905,0.0,0.0,0.0,0.1401123193152247,0.0,24.98195365017846,-11.912497473328688,0.4976666970684156,1,0,none
2025-01-01 00:17:47.200000048,0.0,0.0,0.0,0.1028453184391192,0.0,18.03816451394171,-4.027106372781544,0.66580522265532,1,0,none
2025-01-01 00:17:47.299999952,0.0,0.0,0.0,0.0656929114381622,0.0,18.02395433056269,-4.088871197135528,0.7097023491831288,1,0,none
2025-01-01 00:17:47.400000095,0.0,0.0,0.0,0.0231939153142149,0.0,23.656850675106288,-6.282800403042513,0.6690720762659519,1,0,none
2025-01-01 00:17:47.500000000,0.0,0.0,0.0,0.0382407306252308,0.0,23.946912652131083,-6.2202657982762135,0.6870559186247687,1,0,none
2025-01-01 00:17:47.599999905,0.0,0.0,0.0,0.1023456731220593,0.0,24.53080761382231,-6.232936888997343,0.0281857361214464,1,0,none
2025-01-01 00:17:47.700000048,0.0,0.0,0.0,0.0077501874157983,0.0,25.05334893991163,-12.021379552186806,0.6464674835246015,1,0,none
2025-01-01 00:17:47.799999952,0.0,0.0,0.0,0.0194276871765592,0.0,20.741069688223085,-5.037508175458124,0.6433417434416073,1,0,none
2025-01-01 00:17:47.900000095,0.0,0.0,0.0,0.1218418577493443,0.0,21.241456781454023,-5.150876361990673,0.6556721633325076,1,0,none
2025-01-01 00:17:48.000000000,0.0,0.0,0.0,0.0130204644530076,0.0,20.750257013482983,-4.953621659073889,0.605723045129387,1,0,none
2025-01-01 00:17:48.099999905,0.0,0.0,0.0,0.0398872707418227,0.0,16.328605082299834,-2.905710905817581,0.6349063074063606,1,0,none
2025-01-01 00:17:48.200000048,0.0,0.0,0.0,0.152826465886297,0.0,24.946110888182343,-11.960903585353318,0.4477021705731654,1,0,none
2025-01-01 00:17:48.299999952,0.0,0.0,0.0,0.139543128396801,0.0,15.933739187676505,-2.7258763494592566,0.6830871150252883,1,0,none
2025-01-01 00:17:48.400000095,0.0,0.0,0.0,0.0270242885046106,0.0,15.12683148872415,-2.889017801337631,0.6375989405453022,1,0,none
2025-01-01 00:17:48.500000000,0.0,0.0,0.0,0.033120113463335,0.0,13.644940676255604,-2.14939461017318,0.5975812190182815,1,0,none
2025-01-01 00:17:48.599999905,0.0,0.0,0.0,0.02793983504566,0.0,12.50852630227164,-2.085369147297976,0.5471141441735181,1,0,none
2025-01-01 00:17:48.700000048,0.0,0.0,0.0,0.1546235489273343,0.0,12.92212098345722,-2.034394197749527,0.7542903549961694,1,0,none
2025-01-01 00:17:48.799999952,0.0,0.0,0.0,0.0261677451199558,0.0,25.36342825108973,-11.851952067491911,0.4825524827641014,1,0,none
2025-01-01 00:17:48.900000095,0.0,0.0,0.0,0.0259844180213586,0.0,14.44836583710394,-2.492306706752045,0.5755506248681037,1,0,none
2025-01-01 00:17:49.000000000,0.0,0.0,0.0,0.0037660149536088,0.0,25.646794818541306,-6.82149966546569,0.6489634235992154,1,0,none
2025-01-01 00:17:49.099999905,0.0,0.0,0.0,0.1283378444294656,0.0,25.96151732725524,-6.743005693777151,0.5868115249405993,1,0,none
2025-01-01 00:17:49.200000048,0.0,0.0,0.0,0.0074073023765038,0.0,25.720564867536588,-2.4633347979610787,0.6422654778082385,1,0,none
2025-01-01 00:17:49.299999952,0.0,0.0,0.0,0.0304667029081959,0.0,13.873428679819364,-2.08102698008959,-0.0079647801280937,1,0,none
2025-01-01 00:17:49.400000095,0.0,0.0,0.0,0.0408791067651994,0.0,25.205414456214967,-12.070552523211726,0.5946682716888695,1,0,none
2025-01-01 00:17:49.500000000,0.0,0.0,0.0,0.0444631500191333,0.0,13.476913637736615,-2.0320982643477152,0.5397542459635517,1,0,none
2025-01-01 00:17:49.599999905,0.0,0.0,0.0,0.012117807540898,0.0,14.213392300177626,-2.2487000750067154,0.5823555937084821,1,0,none
2025-01-01 00:17:49.700000048,0.0,0.0,0.0,0.0114581444559108,0.0,16.244611888181115,-2.525411663983097,0.5841931754974454,1,0,none
2025-01-01 00:17:49.799999952,0.0,0.0,0.0,0.0492800860971103,0.0,15.756364737356616,-2.6198259913494817,0.5637346163242519,1,0,none
2025-01-01 00:17:49.900000095,0.0,0.0,0.0,0.0893205573097452,0.0,14.87470051359716,-2.6866760304580017,-0.0164522147621192,1,0,none
2025-01-01 00:17:50.000000000,0.0,0.0,0.0,0.0224721642947699,0.0,24.832530921280664,-11.948732819050866,0.5676374004412674,1,0,none
2025-01-01 00:17:50.099999905,0.0,0.0,0.0,0.1095919730434956,0.0,17.583847596500796,-3.409086137794512,0.6168128626354392,1,0,none
2025-01-01 00:17:50.200000048,0.0,0.0,0.0,0.0467745223447776,0.0,17.27355510085009,-3.461362225783052,0.6370205606834328,1,0,none
2025-01-01 00:17:50.299999952,0.0,0.0,0.0,0.0978378733661723,0.0,17.781659566275028,-3.376848408474868,0.5086915022805412,1,0,none
2025-01-01 00:17:50.400000095,0.0,0.0,0.0,0.1057813922548703,0.0,25.17644717933076,-12.024289185688772,0.7212704314709292,1,0,none
2025-01-01 00:17:50.500000000,0.0,0.0,0.0,0.2570036663954221,0.0,38.38805734977026,-7.410131809660334,0.6319321064376148,1,0,none
2025-01-01 00:17:50.599999905,0.0,0.0,0.0,0.3197747293076315,0.0,13.909679443231376,-2.152843713407376,0.5443911300801855,1,0,none
2025-01-01 00:17:50.700000048,0.0,0.0,0.0,0.0903007877811569,0.0,13.531850033808274,-2.032391395423732,0.6193391351187616,1,0,none
2025-01-01 00:17:50.799999952,0.0,0.0,0.0,0.0609671859654017,0.0,13.945224536476267,-2.162160638246431,0.6593520545944319,1,0,none
2025-01-01 00:17:50.900000095,0.0,0.0,0.0,0.0366778447029624,0.0,20.033622027870237,-2.6435747427726355,0.7433699770744632,1,0,none
2025-01-01 00:17:51.000000000,0.0,0.0,0.0,0.181996027498382,0.0,25.352428540069912,-12.178608982075303,0.480619531107878,1,0,none
2025-01-01 00:17:51.099999905,0.0,0.0,0.0,0.1341749094031095,0.0,20.734803617049295,-4.6325166285939385,0.6061705562591245,1,0,none
2025-01-01 00:17:51.200000048,0.0,0.0,0.0,0.0440525422940158,0.0,19.770643500029276,-4.726910730175774,0.6436249340660848,1,0,none
2025-01-01 00:17:51.299999952,0.0,0.0,0.0,0.0183490726748976,0.0,21.923035114137075,-4.931190270584069,0.5983662235491006,1,0,none
2025-01-01 00:17:51.400000095,0.0,0.0,0.0,0.0052280726054729,0.0,24.226448273444586,-6.323186713923392,0.5873116834004488,1,0,none
2025-01-01 00:17:51.500000000,0.0,0.0,0.0,0.0623226880662233,0.0,23.7444752903514,-6.347687804684549,0.0114286043163762,1,0,none
2025-01-01 00:17:51.599999905,0.0,0.0,0.0,0.0758349591073718,0.0,25.013863481101275,-12.14104987305548,0.6112064250276878,1,0,none
2025-01-01 00:17:51.700000048,0.0,0.0,0.0,0.0371450464198327,0.0,24.32468083414178,-5.9415094695132025,0.7116189600008646,1,0,none
2025-01-01 00:17:51.799999952,0.0,0.0,0.0,0.0220523253789965,0.0,23.248242569180047,-5.854027010787984,0.5768807134066305,1,0,none
2025-01-01 00:17:51.900000095,0.0,0.0,0.0,0.0759396027573461,0.0,22.760418367614584,-5.933768855072504,0.6493176602912348,1,0,none
2025-01-01 00:17:52.000000000,0.0,0.0,0.0,0.1245430107301162,0.0,22.64205343254513,-4.780857392991437,0.5747130380591485,1,0,none
2025-01-01 00:17:52.099999905,0.0,0.0,0.0,0.0662508531194976,0.0,16.706484525028074,-3.55529799691028,0.5839775766613958,1,0,none
2025-01-01 00:17:52.200000048,0.0,0.0,0.0,0.0811313900428998,0.0,17.207855544755738,-3.635708196862639,0.6769556032626015,1,0,none
2025-01-01 00:17:52.299999952,0.0,0.0,0.0,0.0044230297513466,0.0,17.421386178164838,-3.296371114098132,0.6162059781946047,1,0,none
2025-01-01 00:17:52.400000095,0.0,0.0,0.0,0.0514613674078503,0.0,25.09168704426382,-5.164535742613035,0.624210796624005,1,0,none
2025-01-01 00:17:52.500000000,0.0,0.0,0.0,0.0200314549812743,0.0,24.787453569541277,-6.754493057356505,0.7093920818224215,1,0,none
2025-01-01 00:17:52.599999905,0.0,0.0,0.0,0.0265044556181102,0.0,24.86948421992924,-12.096259176724695,0.6392514895806721,1,0,none
2025-01-01 00:17:52.700000048,0.0,0.0,0.0,0.071270223200135,0.0,24.456599323408746,-6.65546465236887,0.5941256844459996,1,0,none
2025-01-01 00:17:52.799999952,0.0,0.0,0.0,0.0623657578374972,0.0,24.41261215793478,-4.223764585433341,0.6275776108716382,1,0,none
2025-01-01 00:17:52.900000095,0.0,0.0,0.0,0.0378743063239036,0.0,18.86745087276097,-4.427516217523895,0.6149043199859463,1,0,none
2025-01-01 00:17:53.000000000,0.0,0.0,0.0,0.0792311255328472,0.0,18.72890225572409,-4.395110069690563,0.661070853086213,1,0,none
2025-01-01 00:17:53.099999905,0.0,0.0,0.0,0.0684277895380301,0.0,19.30101368862618,-4.435092080157316,0.7192631526517033,1,0,none
2025-01-01 00:17:53.200000048,0.0,0.0,0.0,0.0431206399571059,0.0,24.844559782999944,-12.044973275214906,0.5399591382729175,1,0,none
2025-01-01 00:17:53.299999952,0.0,0.0,0.0,0.0500749029585762,0.0,24.63852886097757,-6.680539535937312,0.6696976004496968,1,0,none
2025-01-01 00:17:53.400000095,0.0,0.0,0.0,0.0617796243417371,0.0,24.50467608614744,-6.629136784517011,0.6068496430998505,1,0,none
2025-01-01 00:17:53.500000000,0.0,0.0,0.0,0.0148750527588724,0.0,24.13023037024627,-6.376339057447954,0.7044660678314077,1,0,none
2025-01-01 00:17:53.599999905,0.0,0.0,0.0,0.0572204010978588,0.0,25.252493224624267,-6.707365588722192,0.7092740259520817,1,0,none
2025-01-01 00:17:53.700000048,0.0,0.0,0.0,0.0202867956325775,0.0,24.59991884316696,-6.555147925933878,0.0303246313079369,1,0,none
2025-01-01 00:17:53.799999952,0.0,0.0,0.0,0.1423386143466674,0.0,24.876273979045028,-11.849704336931312,0.6284938191798242,1,0,none
2025-01-01 00:17:53.900000095,0.0,0.0,0.0,0.0027450471845203,0.0,24.36353235041321,-3.6554112841185096,0.4754699275897732,1,0,none
2025-01-01 00:17:54.000000000,0.0,0.0,0.0,0.0140965733524986,0.0,16.69157910303219,-3.110708665588876,0.6462145566327231,1,0,none
2025-01-01 00:17:54.099999905,0.0,0.0,0.0,0.0496672915989099,0.0,16.443028681111198,-2.9576699005718314,0.6054334797385568,1,0,none
2025-01-01 00:17:54.200000048,0.0,0.0,0.0,0.0149909039303587,0.0,16.15209041442024,-14.89959351897236,0.612686279429123,1,0,none
2025-01-01 00:17:54.299999952,0.0,0.0,0.0,0.0408718182515943,0.0,13.282331116596794,-15.07999036849913,0.5301311334738592,1,0,none
2025-01-01 00:17:54.400000095,0.0,0.0,0.0,0.0081794694251555,0.0,12.50345397663746,-14.853780340609456,0.6496794242937096,1,0,none
2025-01-01 00:17:54.500000000,0.0,0.0,0.0,0.0556475562208104,0.0,11.878109170435616,-1.9948778907852112,0.5775709476586524,1,0,none
2025-01-01 00:17:54.599999905,0.0,0.0,0.0,0.0228703847317232,0.0,13.445479938715229,-2.186304914972244,0.6559212272995697,1,0,none
2025-01-01 00:17:54.700000048,0.0,0.0,0.0,0.1027098723536054,0.0,22.41758555415822,-5.638984276542088,0.745232874095492,1,0,none
2025-01-01 00:17:54.799999952,0.0,0.0,0.0,0.1097370460026013,0.0,24.43162565485831,-11.923121973078214,0.6098669242674558,1,0,none
2025-01-01 00:17:54.900000095,0.0,0.0,0.0,0.1160793568633175,0.0,22.6519883979262,-6.26843615235507,0.685802586261422,1,0,none
2025-01-01 00:17:55.000000000,0.0,0.0,0.0,0.0124531915632666,0.0,21.397645533697386,-15.06715921065176,0.587650481089641,1,0,none
2025-01-01 00:17:55.099999905,0.0,0.0,0.0,0.0225609299046772,0.0,12.3298753392983,-14.729149434931765,0.6550216538365501,1,0,none
2025-01-01 00:17:55.200000048,0.0,0.0,0.0,0.1201262360322036,0.0,11.325451039650105,-2.1333250141245443,0.6347607124270735,1,0,none
2025-01-01 00:17:55.299999952,0.0,0.0,0.0,0.1153260134672737,0.0,24.66247110189309,-11.968187086259029,0.6015565217340262,1,0,none
2025-01-01 00:17:55.400000095,0.0,0.0,0.0,0.1277933010738874,0.0,11.725777672833065,-1.9490010612632367,0.6687995191289645,1,0,none
2025-01-01 00:17:55.500000000,0.0,0.0,0.0,0.0884141536948348,0.0,17.398955745428037,-3.3743464764700817,0.6484178961481865,1,0,none
2025-01-01 00:17:55.599999905,0.0,0.0,0.0,0.09164184610015,0.0,17.156489892541472,-3.21621312548092,0.6303357931693094,1,0,none
2025-01-01 00:17:55.700000048,0.0,0.0,0.0,0.0554232324815793,0.0,17.46349339429382,-3.512752410616613,0.5798999688285944,1,0,none
2025-01-01 00:17:55.799999952,0.0,0.0,0.0,0.1038241589255528,0.0,25.522428817570983,-6.759086591277445,-0.0195320157609728,1,0,none
2025-01-01 00:17:55.900000095,0.0,0.0,0.0,0.0668687773623722,0.0,24.729012066766263,-11.8447721898963,0.7055153587874061,1,0,none
2025-01-01 00:17:56.000000000,0.0,0.0,0.0,0.0957402486198799,0.0,25.88024243267011,-6.768075746792495,0.6314980935784558,1,0,none
2025-01-01 00:17:56.099999905,0.0,0.0,0.0,0.0611830544374461,0.0,25.430035732509843,-3.206749344787271,0.5473481535243775,1,0,none
2025-01-01 00:17:56.200000048,0.0,0.0,0.0,0.0457635503094706,0.0,13.704050320761576,-2.06485332620359,0.568763618029003,1,0,none
2025-01-01 00:17:56.299999952,0.0,0.0,0.0,0.1415490743508296,0.0,14.280272397566677,-1.9927126417151608,0.712657570042614,1,0,none
2025-01-01 00:17:56.400000095,0.0,0.0,0.0,0.0160821982974052,0.0,14.266924810671531,-2.011832073183375,0.0243956376063942,1,0,none
2025-01-01 00:17:56.500000000,0.0,0.0,0.0,0.0648645322997109,0.0,25.279868606558143,-12.040311205597233,0.5882999939630036,1,0,none
2025-01-01 00:17:56.599999905,0.0,0.0,0.0,0.0206591131309281,0.0,24.49443296882966,-6.921950172435384,0.5617084251912703,1,0,none
2025-01-01 00:17:56.700000048,0.0,0.0,0.0,0.0342542375558291,0.0,25.773683527815397,-6.9169708691455,0.6187478932699967,1,0,none
2025-01-01 00:17:56.799999952,0.0,0.0,0.0,0.0469317877392082,0.0,25.63842755674158,-6.940999810423262,0.557432064600504,1,0,none
2025-01-01 00:17:56.900000095,0.0,0.0,0.0,0.0155809381230115,0.0,26.10192259131388,-6.761146398364294,0.64220827549965,1,0,none
2025-01-01 00:17:57.000000000,0.0,0.0,0.0,0.0690168527794398,0.0,25.671239377520063,-6.984842554696511,0.7725812685918152,1,0,none
2025-01-01 00:17:57.099999905,0.0,0.0,0.0,0.0602232373264816,0.0,25.773502803249187,-6.763146001057521,0.5701521962150414,1,0,none
2025-01-01 00:17:57.200000048,0.0,0.0,0.0,0.0067050845304828,0.0,24.763596455054117,-6.326707065223041,0.6406987168396893,1,0,none
2025-01-01 00:17:57.299999952,0.0,0.0,0.0,0.006917923957439,0.0,24.004607959593656,-6.018954809500861,0.7155963287665625,1,0,none
2025-01-01 00:17:57.400000095,0.0,0.0,0.0,0.0986313051097249,0.0,24.098237122220333,-6.054139486694568,0.0374543929150047,1,0,none
2025-01-01 00:17:57.500000000,0.0,0.0,0.0,0.0894076862371977,0.0,25.06496642151346,-11.909811488836274,0.6175629642600431,1,0,none
2025-01-01 00:17:57.599999905,0.0,0.0,0.0,0.0016078158605368,0.0,22.92833083677656,-4.241771764276937,0.6176825664915901,1,0,none
2025-01-01 00:17:57.700000048,0.0,0.0,0.0,0.0099222705636128,0.0,18.407761729995457,-3.878557576129742,0.567204510878771,1,0,none
2025-01-01 00:17:57.799999952,0.0,0.0,0.0,0.0977610181845947,0.0,18.51698367981503,-3.856043474397607,0.6116172114997224,1,0,none
2025-01-01 00:17:57.900000095,0.0,0.0,0.0,0.0380257822157833,0.0,18.222466275311465,-3.929658318690208,0.6371720357120065,1,0,none
2025-01-01 00:17:58.000000000,0.0,0.0,0.0,0.1016532348386734,0.0,13.626031410152171,-2.097025393460635,0.0552556771637045,1,0,none
2025-01-01 00:17:58.099999905,0.0,0.0,0.0,0.0483825916455659,0.0,24.510679712441508,-12.158419550694708,0.5939912188242622,1,0,none
2025-01-01 00:17:58.200000048,0.0,0.0,0.0,0.0421534641133732,0.0,13.77765119940955,-2.000427184477652,0.6155082435968269,1,0,none
2025-01-01 00:17:58.299999952,0.0,0.0,0.0,0.0680380504595963,0.0,14.242321866795246,-2.2030526206022336,0.5775393259621658,1,0,none
2025-01-01 00:17:58.400000095,0.0,0.0,0.0,0.0517887006071127,0.0,18.67410193124689,-3.002484045831042,0.6362662589770253,1,0,none
2025-01-01 00:17:58.500000000,0.0,0.0,0.0,0.0021930155252901,0.0,18.57497028413331,-3.8145679225684335,0.6641889725154482,1,0,none
2025-01-01 00:17:58.599999905,0.0,0.0,0.0,0.0362754429518524,0.0,18.61722818613424,-3.731216156955503,0.6564824006714948,1,0,none
2025-01-01 00:17:58.700000048,0.0,0.0,0.0,0.0354451876986597,0.0,18.37575532805093,-2.9976677379375563,0.5664906462278823,1,0,none
2025-01-01 00:17:58.799999952,0.0,0.0,0.0,0.1044264959165038,0.0,15.17737526268821,-2.769771484633102,0.6323431604728207,1,0,none
2025-01-01 00:17:58.900000095,0.0,0.0,0.0,0.0736006036774136,0.0,15.563433825735189,-2.681568764098301,0.5911343735874905,1,0,none
2025-01-01 00:17:59.000000000,0.0,0.0,0.0,0.0026775279591688,0.0,15.522370676438284,-2.7471806092577924,0.0505525007826416,1,0,none
2025-01-01 00:17:59.099999905,0.0,0.0,0.0,0.0036802660923336,0.0,24.850884253949296,-12.0038827683805,0.616934363861323,1,0,none
2025-01-01 00:17:59.200000048,0.0,0.0,0.0,0.0350753591752519,0.0,18.21640845961239,-3.9058330965125374,0.5490243330879457,1,0,none
2025-01-01 00:17:59.299999952,0.0,0.0,0.0,0.0408051563588701,0.0,18.53242592796788,-3.644035189304127,0.6390098647196134,1,0,none
2025-01-01 00:17:59.400000095,0.0,0.0,0.0,0.091069018203443,0.0,18.455904556473048,-3.915594590914462,0.6729236284599441,1,0,none
2025-01-01 00:17:59.500000000,0.0,0.0,0.0,0.0766631706200948,0.0,24.716564040690105,-6.445996165477184,0.66220030315714,1,0,none
2025-01-01 00:17:59.599999905,0.0,0.0,0.0,0.0584319383347865,0.0,24.128872178306622,-6.699350145900115,-0.025589800682599,1,0,none
2025-01-01 00:17:59.700000048,0.0,0.0,0.0,0.0413680637974962,0.0,24.85513668421266,-11.947887085245092,0.6207363305064427,1,0,none
2025-01-01 00:17:59.799999952,0.0,0.0,0.0,0.0209802789740525,0.0,24.913113119097595,-5.901506650059451,0.5756247800891842,1,0,none
2025-01-01 00:17:59.900000095,0.0,0.0,0.0,0.0004908571187117,0.0,21.366842376640022,-5.164832429094185,0.6052625189832347,1,0,none
2025-01-01 00:18:00.000000000,0.0,0.0,0.0,0.1732654988334747,0.0,20.829657647344767,-4.975201006984102,0.5822160516737098,1,0,none
2025-01-01 00:18:00.099999905,0.0,0.0,0.0,0.0558159367122219,0.0,20.95376308851982,-4.970555629911315,0.6735042993088658,1,0,none
2025-01-01 00:18:00.200000048,0.0,0.0,0.0,0.0888013446302612,0.0,17.18702636989063,-2.0482011918125966,0.5799431304634192,1,0,none
2025-01-01 00:18:00.299999952,0.0,0.0,0.0,0.0258634800644927,0.0,13.013170159937015,-1.8567962771442492,0.63111422311811,1,0,none
2025-01-01 00:18:00.400000095,0.0,0.0,0.0,0.0978813889716629,0.0,13.279159995797375,-2.0369019782339404,0.6277151951663167,1,0,none
2025-01-01 00:18:00.500000000,0.0,0.0,0.0,0.0413860524306709,0.0,12.701747640974226,-2.026998101390414,0.6722833723942456,1,0,none
2025-01-01 00:18:00.599999905,0.0,0.0,0.0,0.1538537484919039,0.0,12.827444065106944,-2.003603877499436,0.7544684144479185,1,0,none
2025-01-01 00:18:00.700000048,0.0,0.0,0.0,0.1542015055380716,0.0,24.99642975307173,-12.024294273322283,0.5847984971640665,1,0,none
2025-01-01 00:18:00.799999952,0.0,0.0,0.0,0.0229903189450011,0.0,12.80795604847189,-1.8722737872649384,0.6676464171645066,1,0,none
2025-01-01 00:18:00.900000095,0.0,0.0,0.0,0.080080242330159,0.0,13.15240368731638,-2.327699793566652,0.5975676926952971,1,0,none
2025-01-01 00:18:01.000000000,0.0,0.0,0.0,0.0392555029380801,0.0,25.68604230869016,-6.95816302342055,0.5965564956130871,1,0,none
2025-01-01 00:18:01.099999905,0.0,0.0,0.0,0.0151072987991998,0.0,25.667891262323543,-7.001869459031916,0.6077154590117526,1,0,none
2025-01-01 00:18:01.200000048,0.0,0.0,0.0,0.0229189647436157,0.0,25.76994816936397,-6.691074361494586,0.7875960499813958,1,0,none
2025-01-01 00:18:01.299999952,0.0,0.0,0.0,0.0605623736066991,0.0,25.064477789433013,-12.032451927690994,0.5536664964125318,1,0,none
2025-01-01 00:18:01.400000095,0.0,0.0,0.0,0.0647838434803096,0.0,25.762077581481087,-7.084298138865797,0.6934328620367781,1,0,none
2025-01-01 00:18:01.500000000,0.0,0.0,0.0,0.1019949774998434,0.0,25.598273511641956,-6.904879127819514,0.6751401367160041,1,0,none
2025-01-01 00:18:01.599999905,0.0,0.0,0.0,0.0669134712792349,0.0,26.028802780399115,-5.601227169506603,0.5887024049850376,1,0,none
2025-01-01 00:18:01.700000048,0.0,0.0,0.0,0.0860327183191664,0.0,19.360622351848395,-4.195636126468277,0.6266037163778594,1,0,none
2025-01-01 00:18:01.799999952,0.0,0.0,0.0,0.0159258233244447,0.0,19.19873942538265,-4.316366296647979,-0.0006496839341795,1,0,none
2025-01-01 00:18:01.900000095,0.0,0.0,0.0,0.0191706065072229,0.0,25.511608706953925,-12.039958612996156,0.6086106155187893,1,0,none
2025-01-01 00:18:02.000000000,0.0,0.0,0.0,0.0133796981392509,0.0,18.802778924377616,-4.400472253527161,0.5982578572737645,1,0,none
2025-01-01 00:18:02.099999905,0.0,0.0,0.0,0.0837349830056143,0.0,17.480738861514187,-3.445400376372646,0.6842377751705528,1,0,none
2025-01-01 00:18:02.200000048,0.0,0.0,0.0,0.0362273025251605,0.0,17.027911293364905,-3.3299020735599267,0.627598586335775,1,0,none
2025-01-01 00:18:02.299999952,0.0,0.0,0.0,0.0090308544545174,0.0,17.611624443600217,-3.5180397737126547,0.6256572394279883,1,0,none
2025-01-01 00:18:02.400000095,0.0,0.0,0.0,0.0389400548493613,0.0,38.26542603908696,-7.558020796011031,-0.0401388837434297,1,0,none
2025-01-01 00:18:02.500000000,0.0,0.0,0.0,0.0428930470096894,0.0,16.616506923237026,-3.2513939234215714,0.6587606215206753,1,0,none
2025-01-01 00:18:02.599999905,0.0,0.0,0.0,0.0934266372643896,0.0,16.388380702400603,-3.175231112767745,0.5747446249580992,1,0,none
2025-01-01 00:18:02.700000048,0.0,0.0,0.0,0.0438963054444909,0.0,16.68426733798035,-2.997938916789776,0.6477452764422341,1,0,none
2025-01-01 00:18:02.799999952,0.0,0.0,0.0,0.0449063785174706,0.0,14.434162724736446,-1.8777697343054056,0.6491114680027581,1,0,none
2025-01-01 00:18:02.900000095,0.0,0.0,0.0,0.0754479600939808,0.0,12.821408290691805,-1.9456576390712377,0.6793742475338215,1,0,none
2025-01-01 00:18:03.000000000,0.0,0.0,0.0,0.1616871479030273,0.0,25.43075693922577,-12.04138561434305,0.565882604059159,1,0,none
2025-01-01 00:18:03.099999905,0.0,0.0,0.0,0.0365049025794843,0.0,12.985370037142358,-2.034936595988312,0.6592834779522244,1,0,none
2025-01-01 00:18:03.200000048,0.0,0.0,0.0,0.038431438864571,0.0,12.93168474439332,-1.8566232192465515,0.6480319687594925,1,0,none
2025-01-01 00:18:03.299999952,0.0,0.0,0.0,0.032081195782026,0.0,24.024749898456637,-6.334824727855644,0.6506471990072616,1,0,none
2025-01-01 00:18:03.400000095,0.0,0.0,0.0,0.0593564207592788,0.0,24.693606485681222,-6.4431231464824,0.628089091159676,1,0,none
2025-01-01 00:18:03.500000000,0.0,0.0,0.0,0.057191607688528,0.0,24.12945053652467,-6.372754050757711,0.0064955836336024,1,0,none
2025-01-01 00:18:03.599999905,0.0,0.0,0.0,0.0316964554701229,0.0,24.793217013054285,-11.9784859493709,0.6280121015671853,1,0,none
2025-01-01 00:18:03.700000048,0.0,0.0,0.0,0.0233544296348224,0.0,17.09450115496208,-3.3808891964359336,0.5698067904893929,1,0,none
2025-01-01 00:18:03.799999952,0.0,0.0,0.0,0.0812335232359348,0.0,17.135262055703127,-3.2749594583861112,0.6173894524497198,1,0,none
2025-01-01 00:18:03.900000095,0.0,0.0,0.0,0.0298150549096455,0.0,17.22165068327198,-3.2977932698465846,0.6382474300598436,1,0,none
2025-01-01 00:18:04.000000000,0.0,0.0,0.0,0.020645433488148,0.0,15.316105645495226,-2.729795891527361,0.6298644364269645,1,0,none
2025-01-01 00:18:04.099999905,0.0,0.0,0.0,0.029164023180485,0.0,15.262739970915906,-2.712901028780634,0.0476875129697569,1,0,none
2025-01-01 00:18:04.200000048,0.0,0.0,0.0,0.012796794388916,0.0,24.751203887691588,-11.960401421380178,0.6560043294749727,1,0,none
2025-01-01 00:18:04.299999952,0.0,0.0,0.0,0.0336307850902088,0.0,15.67747130553593,-2.770240314233602,0.5814795232473432,1,0,none
2025-01-01 00:18:04.400000095,0.0,0.0,0.0,0.0465595837249899,0.0,20.785628813818136,-3.3132378626544403,0.6166686445972802,1,0,none
2025-01-01 00:18:04.500000000,0.0,0.0,0.0,0.0410108114763245,0.0,20.837851493271785,-5.059400984125897,0.6094331673276406,1,0,none
2025-01-01 00:18:04.599999905,0.0,0.0,0.0,0.1029412185718576,0.0,21.28102640757647,-4.986650238891444,0.6497825756686408,1,0,none
2025-01-01 00:18:04.700000048,0.0,0.0,0.0,0.0318991936415551,0.0,21.288502144981525,-5.060777026946308,0.649850930008065,1,0,none
2025-01-01 00:18:04.799999952,0.0,0.0,0.0,0.101058143904134,0.0,24.01536251705868,-6.319406901985627,0.6805760834619925,1,0,none
2025-01-01 00:18:04.900000095,0.0,0.0,0.0,0.0860049086846706,0.0,24.01074094679497,-6.352647587561753,0.6338664181570572,1,0,none
2025-01-01 00:18:05.000000000,0.0,0.0,0.0,0.0587789600931953,0.0,23.84067090589794,-4.911859659314248,0.6865272502604275,1,0,none
2025-01-01 00:18:05.099999905,0.0,0.0,0.0,0.0467256107424738,0.0,19.60783273091247,-4.273808119213162,0.712050156883118,1,0,none
2025-01-01 00:18:05.200000048,0.0,0.0,0.0,0.0624280736367467,0.0,24.938587829943312,-12.113605055447024,0.5084704739831362,1,0,none
2025-01-01 00:18:05.299999952,0.0,0.0,0.0,0.0460672199301581,0.0,18.98405153290317,-4.339224962109676,0.601635968991589,1,0,none
2025-01-01 00:18:05.400000095,0.0,0.0,0.0,0.0634681284219507,0.0,18.85590062745873,-4.5367425332233005,0.655189453536588,1,0,none
2025-01-01 00:18:05.500000000,0.0,0.0,0.0,0.0133875267636719,0.0,19.969100077296584,-4.585096008485169,0.5442915867747158,1,0,none
2025-01-01 00:18:05.599999905,0.0,0.0,0.0,0.0108562720001977,0.0,20.296017457447974,-4.610861298611455,0.5577059792619977,1,0,none
2025-01-01 00:18:05.700000048,0.0,0.0,0.0,0.0654247943518154,0.0,19.705368520233822,-4.672118472485918,0.0005348603562615,1,0,none
2025-01-01 00:18:05.799999952,0.0,0.0,0.0,0.0205189560102077,0.0,38.89846060813638,-7.685945768395177,0.6725461059260582,1,0,none
2025-01-01 00:18:05.900000095,0.0,0.0,0.0,0.0191217643817112,0.0,19.939846606855525,-4.681479706123973,0.6903517715977439,1,0,none
2025-01-01 00:18:06.000000000,0.0,0.0,0.0,0.0398312831354356,0.0,20.155109216724465,-4.8572567165629845,0.6391447126489115,1,0,none
2025-01-01 00:18:06.099999905,0.0,0.0,0.0,0.046008187682774,0.0,19.598906612557837,-4.597473653562501,0.7030414343492942,1,0,none
2025-01-01 00:18:06.200000048,0.0,0.0,0.0,0.0463025783412167,0.0,20.39629021852729,-5.198156560312087,0.7536133954884449,1,0,none
2025-01-01 00:18:06.299999952,0.0,0.0,0.0,0.0182608433545703,0.0,24.90150371719283,-11.848476878160552,0.4734292508878385,1,0,none
2025-01-01 00:18:06.400000095,0.0,0.0,0.0,0.0165882626262771,0.0,25.58497582034306,-6.840227040281663,0.6495961731760815,1,0,none
2025-01-01 00:18:06.500000000,0.0,0.0,0.0,0.1201275109945111,0.0,25.941512669508565,-6.733818574280724,0.5940545937689224,1,0,none
2025-01-01 00:18:06.599999905,0.0,0.0,0.0,0.0225254752081337,0.0,25.45330941373707,-3.655093795437257,0.6709115440238871,1,0,none
2025-01-01 00:18:06.700000048,0.0,0.0,0.0,0.0763640843966329,0.0,17.06160224475626,-3.522919142891992,0.6487162369822757,1,0,none
2025-01-01 00:18:06.799999952,0.0,0.0,0.0,0.001139148126699,0.0,17.28660402683603,-3.505576671289281,-0.0638956553278235,1,0,none
2025-01-01 00:18:06.900000095,0.0,0.0,0.0,0.0366858245109593,0.0,25.17853935577413,-11.986705102295987,0.5750142594545721,1,0,none
2025-01-01 00:18:07.000000000,0.0,0.0,0.0,0.0274221213251142,0.0,25.68960798729803,-6.784743758857816,0.6489510021292775,1,0,none
2025-01-01 00:18:07.099999905,0.0,0.0,0.0,0.0140195581292402,0.0,25.284575406225315,-6.817101998913015,0.5289891264270148,1,0,none
2025-01-01 00:18:07.200000048,0.0,0.0,0.0,0.031919465025084,0.0,25.706613823366432,-6.785201583343473,0.624091735508605,1,0,none
2025-01-01 00:18:07.299999952,0.0,0.0,0.0,0.0046405328407991,0.0,25.08292131700101,-6.590753291840758,0.6615515162871421,1,0,none
2025-01-01 00:18:07.400000095,0.0,0.0,0.0,0.1430662028757325,0.0,25.425719324007257,-6.354826009211541,0.5971491747972322,1,0,none
2025-01-01 00:18:07.500000000,0.0,0.0,0.0,0.0761909914597084,0.0,24.31512294818219,-6.619239371419718,0.6746993578452665,1,0,none
2025-01-01 00:18:07.599999905,0.0,0.0,0.0,0.0455843070222597,0.0,21.00016568179136,-5.175648345184857,0.6845503274875346,1,0,none
2025-01-01 00:18:07.700000048,0.0,0.0,0.0,0.0039039783848636,0.0,21.19512081317107,-5.04725718519872,0.5741649523624024,1,0,none
2025-01-01 00:18:07.799999952,0.0,0.0,0.0,0.1589968651616508,0.0,20.59838288815933,-4.882760776005592,0.6850977912901757,1,0,none
2025-01-01 00:18:07.900000095,0.0,0.0,0.0,0.1251697829811408,0.0,24.73429954479808,-11.842690823643036,0.5997346575660736,1,0,none
2025-01-01 00:18:08.000000000,0.0,0.0,0.0,0.1287986648829606,0.0,20.744765175411555,-2.251624798738407,0.6249346232872456,1,0,none
2025-01-01 00:18:08.099999905,0.0,0.0,0.0,0.0041323387623029,0.0,13.681362941086784,-2.1010924074965542,0.5552760710950491,1,0,none
2025-01-01 00:18:08.200000048,0.0,0.0,0.0,0.019267285335457,0.0,13.755484884719342,-2.0427954942484714,0.6178339465717824,1,0,none
2025-01-01 00:18:08.299999952,0.0,0.0,0.0,0.0342576821349836,0.0,13.972780843916484,-2.3043447451498595,0.5823535838852081,1,0,none
2025-01-01 00:18:08.400000095,0.0,0.0,0.0,0.0530062324503121,0.0,15.15970239535021,-2.443748063186172,0.0554098948212942,1,0,none
2025-01-01 00:18:08.500000000,0.0,0.0,0.0,0.0508351475633292,0.0,25.32439508733056,-12.111508473390096,0.6552966047162294,1,0,none
2025-01-01 00:18:08.599999905,0.0,0.0,0.0,2.1900278396208077,0.0,3.6407633561193324,-2.3601514424321772,-13.879215422863062,1,1,cable_cut
2025-01-01 00:18:08.700000048,0.0,0.0,0.0,1.942888594389736,0.0,4.759144103172091,-1.0308693803766729,-13.08542863013474,1,1,cable_cut
2025-01-01 00:18:08.799999952,0.0,0.0,0.0,2.048470135183388,0.0,2.7411299888940412,-2.8988269100945363,-11.07937357203236,1,1,overheating
2025-01-01 00:18:08.900000095,0.0,0.0,0.0,1.3527293024397933,0.0,2.1004705335125884,-2.331152576819318,-12.265725506736098,1,1,cable_cut
2025-01-01 00:18:09.000000000,0.0,0.0,0.0,0.0163273576436816,0.0,38.6248594525607,-7.5475753465048285,0.0776639593846246,1,0,none
2025-01-01 00:18:09.099999905,0.0,0.0,0.0,0.0758806634425277,0.0,0.1420010026664901,-15.2407028595782,0.6276757326289834,1,0,none
2025-01-01 00:18:09.200000048,0.0,0.0,0.0,0.1118160697023298,0.0,-0.0089411345554321,-4.291203531678391,0.6715042902395683,1,0,none
2025-01-01 00:18:09.299999952,0.0,0.0,0.0,0.0741806880338796,0.0,19.457375404914284,-4.275065559223015,0.6366006544204014,1,0,none
2025-01-01 00:18:09.400000095,0.0,0.0,0.0,0.0086615907191682,0.0,19.19917999104828,-4.466561350647647,0.6907140921514763,1,0,none
2025-01-01 00:18:09.500000000,0.0,0.0,0.0,0.0023745490994513,0.0,18.68064148033177,-3.513395807594397,0.525058123370039,1,0,none
2025-01-01 00:18:09.599999905,0.0,0.0,0.0,0.0546378763450829,0.0,16.94683618488915,-3.476876803601994,0.6155891207990497,1,0,none
2025-01-01 00:18:09.700000048,0.0,0.0,0.0,0.0642208516732976,0.0,17.29366471155237,-3.8823302864711455,0.7072390823108194,1,0,none
2025-01-01 00:18:09.799999952,0.0,0.0,0.0,0.0859621574918841,0.0,16.596896646962897,-14.800017140446538,0.6728086717780322,1,0,none
2025-01-01 00:18:09.900000095,0.0,0.0,0.0,0.0395711268762061,0.0,11.987682990037923,-14.967537612574972,0.6912686129395096,1,0,none
2025-01-01 00:18:10.000000000,0.0,0.0,0.0,0.0421115794890757,0.0,11.822046023566076,-1.9645212611125789,0.6996617703171755,1,0,none
2025-01-01 00:18:10.099999905,0.0,0.0,0.0,0.1042738043994226,0.0,24.83993691225308,-11.861904686665252,0.5231446792293308,1,0,none
2025-01-01 00:18:10.200000048,0.0,0.0,0.0,0.0764334908689871,0.0,11.645675781280564,-1.9507972903721813,0.5736417770156036,1,0,none
2025-01-01 00:18:10.299999952,0.0,0.0,0.0,0.0213761037018103,0.0,15.96461014291847,-2.826539078691033,0.5701535954169245,1,0,none
2025-01-01 00:18:10.400000095,0.0,0.0,0.0,1.9979798205870112,0.0,4.4046390848426515,-2.2846496070015188,-13.4722961619862,1,1,cable_cut
2025-01-01 00:18:10.500000000,0.0,0.0,0.0,2.194611590818429,0.0,3.8906106387892274,-1.6599438884515711,-11.237914141824373,1,1,cable_cut
2025-01-01 00:18:10.599999905,0.0,0.0,0.0,2.1745997387654183,0.0,3.2630722039634414,-1.057916751002195,-10.814830985602851,1,1,anchor_drag
2025-01-01 00:18:10.700000048,0.0,0.0,0.0,1.1086977294782512,0.0,4.918923709833983,-2.0357567378746255,-13.950878191129206,1,1,anchor_drag
2025-01-01 00:18:10.799999952,0.0,0.0,0.0,0.0177705478602103,0.0,-0.1629065839157369,-15.047512316097878,0.657122587952603,1,0,none
2025-01-01 00:18:10.900000095,0.0,0.0,0.0,0.0578414352444409,0.0,-0.2090824380414289,-15.001430706110128,0.6981108850699742,1,0,none
2025-01-01 00:18:11.000000000,0.0,0.0,0.0,0.0833787894007557,0.0,21.877622196897576,-5.522615002647192,0.6976343377454085,1,0,none
2025-01-01 00:18:11.099999905,0.0,0.0,0.0,0.0377346039237125,0.0,21.903079260553465,-5.437786171537722,0.5967062949757579,1,0,none
2025-01-01 00:18:11.200000048,0.0,0.0,0.0,0.0479977047867698,0.0,21.46909426288825,-5.497686404383634,0.0136822993734895,1,0,none
2025-01-01 00:18:11.299999952,0.0,0.0,0.0,0.0907680554827186,0.0,25.165038544365363,-12.08515270029963,0.5665566624902959,1,0,none
2025-01-01 00:18:11.400000095,0.0,0.0,0.0,0.0228104305812426,0.0,24.459912015517787,-6.536934094369525,0.6566510369045299,1,0,none
2025-01-01 00:18:11.500000000,0.0,0.0,0.0,0.0227853550978858,0.0,24.994621609525066,-6.608905361225694,0.6802152139850793,1,0,none
2025-01-01 00:18:11.599999905,0.0,0.0,0.0,0.0733746806827809,0.0,24.889373957792547,-6.2837578397401055,0.559314032760342,1,0,none
2025-01-01 00:18:11.700000048,0.0,0.0,0.0,0.0891117696828866,0.0,18.741880164528062,-3.602526499039172,0.6041768632269584,1,0,none
2025-01-01 00:18:11.799999952,0.0,0.0,0.0,0.009695283895483,0.0,17.092902076160783,-3.315969476309469,0.0004763188609901,1,0,none
2025-01-01 00:18:11.900000095,0.0,0.0,0.0,0.0626293077197343,0.0,24.91429403557232,-12.011089295380948,0.6366957458186695,1,0,none
2025-01-01 00:18:12.000000000,0.0,0.0,0.0,0.0669948470839119,0.0,17.987599092722558,-3.4128749745324884,0.6360698148387582,1,0,none
2025-01-01 00:18:12.099999905,0.0,0.0,0.0,0.0129721437625769,0.0,18.991497490860908,-3.762982250909658,0.5913855923797664,1,0,none
2025-01-01 00:18:12.200000048,0.0,0.0,0.0,0.0601533706199446,0.0,24.20769390573146,-5.810705201003768,0.6472996399040372,1,0,none
2025-01-01 00:18:12.299999952,0.0,0.0,0.0,1.562772341033438,0.0,2.4671763695026114,-2.0154759538010714,-13.45507318309367,1,1,cable_cut
2025-01-01 00:18:12.400000095,0.0,0.0,0.0,1.5321171250030303,0.0,4.628637193737163,-1.3472051178231848,-14.280130709650663,1,1,cable_cut
2025-01-01 00:18:12.500000000,0.0,0.0,0.0,1.8905629095220522,0.0,3.6923208559606073,-1.158260208736676,-12.73377526627058,1,1,overheating
2025-01-01 00:18:12.599999905,0.0,0.0,0.0,1.89530364598879,0.0,4.129814829362295,-2.485746227714678,-11.517078530629234,1,1,overheating
2025-01-01 00:18:12.700000048,0.0,0.0,0.0,0.0678678074681459,0.0,-0.1508728950114057,-14.85789779572588,0.6220339011262159,1,0,none
2025-01-01 00:18:12.799999952,0.0,0.0,0.0,0.0062099054320407,0.0,-0.3137084912633736,-14.891304049476783,0.57461595809219,1,0,none
2025-01-01 00:18:12.900000095,0.0,0.0,0.0,0.0114645473440946,0.0,22.73732461278874,-6.003750531450475,-0.0183171660294756,1,0,none
2025-01-01 00:18:13.000000000,0.0,0.0,0.0,0.0141139526853622,0.0,24.87789523245797,-12.07809433045177,0.696541006251866,1,0,none
2025-01-01 00:18:13.099999905,0.0,0.0,0.0,0.0469152832559919,0.0,23.35523434273072,-5.624953146796283,0.7130730401994403,1,0,none
2025-01-01 00:18:13.200000048,0.0,0.0,0.0,0.046279452011073,0.0,22.250207744295864,-5.539441860330999,0.7719667139359634,1,0,none
2025-01-01 00:18:13.299999952,0.0,0.0,0.0,0.0371746808489191,0.0,21.73080715502457,-5.441628648565294,0.7345825204198833,1,0,none
2025-01-01 00:18:13.400000095,0.0,0.0,0.0,0.0802672286742959,0.0,21.974353884570547,-5.274032613022394,0.5901531036665948,1,0,none
2025-01-01 00:18:13.500000000,0.0,0.0,0.0,0.1418100350390577,0.0,21.378903835404447,-5.542382757478464,0.604578119936367,1,0,none
2025-01-01 00:18:13.599999905,0.0,0.0,0.0,0.0709828353608914,0.0,22.10604824863585,-2.084352450097281,0.6238607182581112,1,0,none
2025-01-01 00:18:13.700000048,0.0,0.0,0.0,0.0515904793847221,0.0,12.780501896135512,-2.100959824259158,0.620722008288315,1,0,none
2025-01-01 00:18:13.799999952,0.0,0.0,0.0,0.0695754287591123,0.0,12.25228310452508,-1.958778620485213,0.6534766664948113,1,0,none
2025-01-01 00:18:13.900000095,0.0,0.0,0.0,0.0354240521722968,0.0,13.09795488363137,-2.0262007052481263,0.8537129044107113,1,0,none
2025-01-01 00:18:14.000000000,0.0,0.0,0.0,0.1035182102005118,0.0,24.66491773476929,-11.976190731189254,0.3458974227103801,1,0,none
2025-01-01 00:18:14.099999905,0.0,0.0,0.0,0.067302101573281,0.0,24.68566751615827,-6.409741070702799,0.6143234431892851,1,0,none
2025-01-01 00:18:14.200000048,0.0,0.0,0.0,1.6232082163828538,0.0,4.009452547430856,-2.796784919486377,-10.214590917161411,1,1,cable_cut
2025-01-01 00:18:14.299999952,0.0,0.0,0.0,1.9119054516341492,0.0,4.445095597910592,-1.734831961526421,-13.850236802124815,1,1,cable_cut
2025-01-01 00:18:14.400000095,0.0,0.0,0.0,1.6782892731355437,0.0,4.301331175049396,-1.906521142888477,-12.328952381906,1,1,cable_cut
2025-01-01 00:18:14.500000000,0.0,0.0,0.0,0.0204223165357926,0.0,0.3630498286095956,-14.883621428425814,0.7517328684934104,1,0,none
2025-01-01 00:18:14.599999905,0.0,0.0,0.0,0.166791532338439,0.0,24.806521461903312,-11.890358624290734,0.5743249508366015,1,0,none
2025-01-01 00:18:14.700000048,0.0,0.0,0.0,0.0715843421881725,0.0,0.2379787487865091,-14.96381118525672,0.6345882816551246,1,0,none
2025-01-01 00:18:14.799999952,0.0,0.0,0.0,0.0801944885164535,0.0,-0.2266382404178645,-2.688941237404644,0.6719305384846992,1,0,none
2025-01-01 00:18:14.900000095,0.0,0.0,0.0,0.0961614103602204,0.0,16.36993477513965,-2.75173230197589,0.5803465721747515,1,0,none
2025-01-01 00:18:15.000000000,0.0,0.0,0.0,0.0218317848688628,0.0,15.392112898640637,-2.839869842661793,0.6001818435252,1,0,none
2025-01-01 00:18:15.099999905,0.0,0.0,0.0,0.1186918651426302,0.0,14.807826232288,-1.9694458058738824,0.7267818794232581,1,0,none
2025-01-01 00:18:15.200000048,0.0,0.0,0.0,0.1325954033571096,0.0,25.253137007764472,-11.924379914590943,0.4465280370392875,1,0,none
2025-01-01 00:18:15.299999952,0.0,0.0,0.0,0.1234510555920365,0.0,13.09482634663268,-1.7980628388946756,0.6958291911672346,1,0,none
2025-01-01 00:18:15.400000095,0.0,0.0,0.0,0.0497796981032257,0.0,12.698837051574996,-2.039354951574738,0.6651696187598891,1,0,none
2025-01-01 00:18:15.500000000,0.0,0.0,0.0,0.0774883726514352,0.0,13.354580752417576,-2.2905548779063927,0.6576515876390575,1,0,none
2025-01-01 00:18:15.599999905,0.0,0.0,0.0,0.0723297388669928,0.0,21.253923566116637,-5.269466247733128,0.5684743561179472,1,0,none
2025-01-01 00:18:15.700000048,0.0,0.0,0.0,0.0474998939050272,0.0,21.86732601151468,-5.266453381487174,-0.0643304562699869,1,0,none
2025-01-01 00:18:15.799999952,0.0,0.0,0.0,0.026764318489097,0.0,25.10488459930852,-12.062247091334942,0.6300708167849569,1,0,none
2025-01-01 00:18:15.900000095,0.0,0.0,0.0,0.0365678311934133,0.0,21.74004982571841,-5.777495937016975,0.6903714925147799,1,0,none
2025-01-01 00:18:16.000000000,0.0,0.0,0.0,0.0076873290022982,0.0,24.30800814861223,-6.722101291926752,0.5461691993900708,1,0,none
2025-01-01 00:18:16.099999905,0.0,0.0,0.0,1.6826229591342565,0.0,4.569865207314411,-2.8190839529461416,-11.96905924179555,1,1,cable_cut
2025-01-01 00:18:16.200000048,0.0,0.0,0.0,1.7777221326382138,0.0,3.2252481559221606,-1.5375163978095976,-12.594303788845156,1,1,cable_cut
2025-01-01 00:18:16.299999952,0.0,0.0,0.0,1.2966392164669545,0.0,3.4949516599417834,-2.7150842808757805,-13.532084232035324,1,1,cable_cut
2025-01-01 00:18:16.400000095,0.0,0.0,0.0,1.8671323541163662,0.0,2.1596428177805125,-2.9352876138253263,-14.41143741616662,1,1,anchor_drag
2025-01-01 00:18:16.500000000,0.0,0.0,0.0,1.1130802738939314,0.0,4.797491829237295,-1.8893570261041694,-14.539778060641762,1,1,cable_cut
2025-01-01 00:18:16.599999905,0.0,0.0,0.0,0.1872689613987914,0.0,0.190573660981187,-14.994623803482453,0.6143785705031701,1,0,none
2025-01-01 00:18:16.700000048,0.0,0.0,0.0,0.0736411152854749,0.0,23.99212728740913,-6.365041884533854,0.6812455044234421,1,0,none
2025-01-01 00:18:16.799999952,0.0,0.0,0.0,0.1436475569217447,0.0,24.4830705017082,-6.417190890982237,0.5340300930051781,1,0,none
2025-01-01 00:18:16.900000095,0.0,0.0,0.0,0.0017902338749823,0.0,24.44242263145197,-6.184507111525862,0.6274790556716173,1,0,none
2025-01-01 00:18:17.000000000,0.0,0.0,0.0,0.031447947180252,0.0,24.41326641985137,-6.399015829632332,0.6576840881588453,1,0,none
2025-01-01 00:18:17.099999905,0.0,0.0,0.0,0.0493161344237617,0.0,24.245387870674303,-6.431238521113479,0.6327525342392762,1,0,none
2025-01-01 00:18:17.200000048,0.0,0.0,0.0,0.0589501630280434,0.0,24.949223147449377,-6.346242879554732,0.558654484801701,1,0,none
2025-01-01 00:18:17.299999952,0.0,0.0,0.0,0.0536076086221105,0.0,24.34795870654696,-6.123383000252491,0.7879013689380235,1,0,none
2025-01-01 00:18:17.400000095,0.0,0.0,0.0,0.0321457404846978,0.0,24.70949924102393,-12.08215732609156,0.4875806093936474,1,0,none
2025-01-01 00:18:17.500000000,0.0,0.0,0.0,0.0363710323033335,0.0,24.274491642720797,-6.393744358084355,0.6466242996235856,1,0,none
2025-01-01 00:18:17.599999905,0.0,0.0,0.0,0.0700772330722366,0.0,24.625745013122263,-6.366621763834567,0.6326517298533811,1,0,none
2025-01-01 00:18:17.700000048,0.0,0.0,0.0,0.0171739853365563,0.0,20.223567420322706,-3.756571727084397,0.6259913576882683,1,0,none
2025-01-01 00:18:17.799999952,0.0,0.0,0.0,0.0501623626662134,0.0,17.826781674079328,-3.331092804191366,0.6834505462931908,1,0,none
2025-01-01 00:18:17.900000095,0.0,0.0,0.0,2.0290474214899086,0.0,4.435213807295186,-1.156333370561189,-11.265126063071108,1,1,cable_cut
2025-01-01 00:18:18.000000000,0.0,0.0,0.0,1.1647961628907677,0.0,2.0597629358889837,-1.2207075057606132,-11.009025062568355,1,1,cable_cut
2025-01-01 00:18:18.099999905,0.0,0.0,0.0,2.281610673153594,0.0,2.040928163827576,-1.5711390815937998,-11.670610586899782,1,1,cable_cut
2025-01-01 00:18:18.200000048,0.0,0.0,0.0,1.4939402952277956,0.0,2.6057326674578984,-2.132509225296536,-14.377253585127118,1,1,cable_cut
2025-01-01 00:18:18.299999952,0.0,0.0,0.0,0.0562442553177742,0.0,0.1611539443625208,-14.978812535954557,0.6946747648523761,1,0,none
2025-01-01 00:18:18.400000095,0.0,0.0,0.0,0.0445817706122372,0.0,0.2832644520755443,-14.92886163829545,0.6318770914736097,1,0,none
2025-01-01 00:18:18.500000000,0.0,0.0,0.0,0.2086531568147515,0.0,16.458548614142543,-3.297943565235901,0.73909251787915,1,0,none
2025-01-01 00:18:18.599999905,0.0,0.0,0.0,0.1546389970608317,0.0,25.499575670183408,-11.894492741874322,0.6727664467441099,1,0,none
2025-01-01 00:18:18.700000048,0.0,0.0,0.0,0.1430888690817804,0.0,16.34638793463095,-3.0743634866065936,0.7178592123487136,1,0,none
2025-01-01 00:18:18.799999952,0.0,0.0,0.0,0.010092167501643,0.0,16.587445346916162,-3.0082194209223005,0.6307355298194395,1,0,none
2025-01-01 00:18:18.900000095,0.0,0.0,0.0,0.0850628721657257,0.0,26.1414827720912,-3.972274888936408,0.7018216177872584,1,0,none
2025-01-01 00:18:19.000000000,0.0,0.0,0.0,0.0353493945001202,0.0,25.67079620933218,-6.690378023879807,0.6624385580023596,1,0,none
2025-01-01 00:18:19.099999905,0.0,0.0,0.0,0.0191792277750806,0.0,26.23363229239333,-6.866259307518926,0.0558614998866956,1,0,none
2025-01-01 00:18:19.200000048,0.0,0.0,0.0,0.0963491717400176,0.0,38.42159810385135,-7.575929451153234,0.6534317291781475,1,0,none
2025-01-01 00:18:19.299999952,0.0,0.0,0.0,0.0580526264563304,0.0,25.673229474293635,-2.964299964819249,0.6387834038018094,1,0,none
2025-01-01 00:18:19.400000095,0.0,0.0,0.0,0.0542550391456828,0.0,16.006253392899104,-2.9642297664714183,0.6466986040173177,1,0,none
2025-01-01 00:18:19.500000000,0.0,0.0,0.0,0.0458857207240674,0.0,16.572422734911015,-3.050848419791207,0.6377618978019466,1,0,none
2025-01-01 00:18:19.599999905,0.0,0.0,0.0,0.09172059137338,0.0,16.597575502756303,-2.1984521424243924,0.7147166522568253,1,0,none
2025-01-01 00:18:19.700000048,0.0,0.0,0.0,0.1864733120801578,0.0,25.35377894757377,-11.976918545416003,0.3920583819709046,1,0,none
2025-01-01 00:18:19.799999952,0.0,0.0,0.0,2.1622185708082386,0.0,4.388259128571243,-1.1155079993011137,-14.079255498499608,1,1,anchor_drag
2025-01-01 00:18:19.900000095,0.0,0.0,0.0,1.9581991522996796,0.0,3.7632147430029477,-2.2794844942758106,-14.109569452922987,1,1,cable_cut
2025-01-01 00:18:20.000000000,0.0,0.0,0.0,2.1413413256597233,0.0,3.476351841955727,-1.6228098150200225,-14.120474086705485,1,1,cable_cut
2025-01-01 00:18:20.099999905,0.0,0.0,0.0,1.8555830431187612,0.0,4.427530825534602,-2.0262629650693267,-10.002249220206512,1,1,cable_cut
2025-01-01 00:18:20.200000048,0.0,0.0,0.0,0.2076227490162293,0.0,0.3332259517243925,-14.967661576174544,0.7361291284285179,1,0,none
2025-01-01 00:18:20.299999952,0.0,0.0,0.0,0.0619835217850709,0.0,25.226555492141184,-12.060674006567682,0.6028129226723976,1,0,none
2025-01-01 00:18:20.400000095,0.0,0.0,0.0,0.0863567794695875,0.0,0.3253432574571862,-14.809884402380296,0.613190664495569,1,0,none
2025-01-01 00:18:20.500000000,0.0,0.0,0.0,0.0465115298273585,0.0,25.53643314064053,-6.683656639614247,0.5758986159094495,1,0,none
2025-01-01 00:18:20.599999905,0.0,0.0,0.0,0.0466219404270883,0.0,25.360014309547307,-6.772336719090939,0.5795775429698978,1,0,none
2025-01-01 00:18:20.700000048,0.0,0.0,0.0,0.0649880852643409,0.0,24.77892959433046,-6.64806546698755,0.5635512199897607,1,0,none
2025-01-01 00:18:20.799999952,0.0,0.0,0.0,0.1217167492521985,0.0,24.18323106001592,-5.457739804305424,0.5850592570867771,1,0,none
2025-01-01 00:18:20.900000095,0.0,0.0,0.0,0.0118724319379138,0.0,21.776422761209357,-5.389876241017498,0.5659567030099595,1,0,none
2025-01-01 00:18:21.000000000,0.0,0.0,0.0,0.0939939353263543,0.0,21.96200328856173,-5.466434806819552,0.694261868980407,1,0,none
2025-01-01 00:18:21.099999905,0.0,0.0,0.0,0.0521293534217497,0.0,21.461210762889348,-3.887200043078784,0.6226910393670366,1,0,none
2025-01-01 00:18:21.200000048,0.0,0.0,0.0,0.1590411840637275,0.0,18.25991168108197,-3.7057289095291854,0.6818368230431641,1,0,none
2025-01-01 00:18:21.299999952,0.0,0.0,0.0,0.1015084694343282,0.0,24.76699178410836,-12.164795730541702,0.4778293468490713,1,0,none
2025-01-01 00:18:21.400000095,0.0,0.0,0.0,0.0039318044268828,0.0,18.582485704065448,-3.9201904150386895,0.642843680126433,1,0,none
2025-01-01 00:18:21.500000000,0.0,0.0,0.0,0.0031234368397954,0.0,18.322955418673114,-4.251766632272923,0.5631335968717904,1,0,none
2025-01-01 00:18:21.599999905,0.0,0.0,0.0,0.0012699782038178,0.0,23.34766681971441,-6.097404819402399,0.6315291414356817,1,0,none
2025-01-01 00:18:21.700000048,0.0,0.0,0.0,1.404691265734675,0.0,4.998140081488768,-1.785733218266496,-12.8493883931719,1,1,overheating
2025-01-01 00:18:21.799999952,0.0,0.0,0.0,2.161283728061341,0.0,4.299441662621436,-2.1642240087784743,-10.531325895103649,1,1,anchor_drag
2025-01-01 00:18:21.900000095,0.0,0.0,0.0,2.0435475437562864,0.0,2.2854469295711137,-1.3019540490295625,-11.931149530856608,1,1,overheating
2025-01-01 00:18:22.000000000,0.0,0.0,0.0,2.4098859439754587,0.0,4.735615004133285,-2.0630617164990905,-14.59871760488665,1,1,overheating
2025-01-01 00:18:22.099999905,0.0,0.0,0.0,0.1013462081889244,0.0,-0.4871753527709901,-15.14683328563073,0.5989228410936216,1,0,none
2025-01-01 00:18:22.200000048,0.0,0.0,0.0,0.0103705668195417,0.0,0.228942690212897,-14.954418518748176,0.5849661128560406,1,0,none
2025-01-01 00:18:22.299999952,0.0,0.0,0.0,0.0101490480420552,0.0,16.67674435106993,-3.0879791344819987,0.7102064814766421,1,0,none
2025-01-01 00:18:22.400000095,0.0,0.0,0.0,0.0108642677621009,0.0,16.53731283669028,-2.9826023862056683,0.5678862673039863,1,0,none
2025-01-01 00:18:22.500000000,0.0,0.0,0.0,0.1057385221656392,0.0,16.879433268725528,-3.206045184738504,0.6072939382161324,1,0,none
2025-01-01 00:18:22.599999905,0.0,0.0,0.0,0.0374179786278759,0.0,16.565015892636865,-3.1588161624877693,0.6403016641181755,1,0,none
2025-01-01 00:18:22.700000048,0.0,0.0,0.0,0.103531013562095,0.0,15.97495294161524,-2.9821581425374664,0.5781882897121275,1,0,none
2025-01-01 00:18:22.799999952,0.0,0.0,0.0,0.106525134386263,0.0,16.509550700314495,-3.092728083114268,0.7658635810149039,1,0,none
2025-01-01 00:18:22.900000095,0.0,0.0,0.0,0.1018282722559697,0.0,25.07346919051382,-12.032311756251673,0.3846702737678874,1,0,none
2025-01-01 00:18:23.000000000,0.0,0.0,0.0,0.082896209781587,0.0,21.019010945366556,-3.232045913062616,0.6831955163783429,1,0,none
2025-01-01 00:18:23.099999905,0.0,0.0,0.0,0.1026077708254863,0.0,24.372067651063222,-6.296046773054592,0.6792992089875259,1,0,none
2025-01-01 00:18:23.200000048,0.0,0.0,0.0,0.1204792990649165,0.0,23.49970042014274,-6.697660744167852,0.6128493934687085,1,0,none
2025-01-01 00:18:23.299999952,0.0,0.0,0.0,0.0385020470683053,0.0,15.897170048232836,-15.07592721496045,0.7105329336295493,1,0,none
2025-01-01 00:18:23.400000095,0.0,0.0,0.0,0.1006123204693134,0.0,11.636563488918364,-15.134120369290232,0.6667332098283278,1,0,none
2025-01-01 00:18:23.500000000,0.0,0.0,0.0,0.1379271988289697,0.0,24.70451616246489,-12.008073527761242,0.6174435235274369,1,0,none
2025-01-01 00:18:23.599999905,0.0,0.0,0.0,1.6764104542357414,0.0,4.395491696165058,-1.7966533737694543,-11.817572149688099,1,1,cable_cut
2025-01-01 00:18:23.700000048,0.0,0.0,0.0,1.3366307982667924,0.0,2.8870352724008383,-1.8099472105304824,-12.587009244672485,1,1,cable_cut
2025-01-01 00:18:23.799999952,0.0,0.0,0.0,2.027891936368937,0.0,4.195214726318193,-2.8883244317811343,-11.290639791148108,1,1,cable_cut
2025-01-01 00:18:23.900000095,0.0,0.0,0.0,0.1191839338315515,0.0,-0.2227977497317134,-15.011126089706176,0.5855707144036005,1,0,none
2025-01-01 00:18:24.000000000,0.0,0.0,0.0,0.0369507070477704,0.0,-0.1518267873575665,-14.966548061450489,0.1038398292664773,1,0,none
2025-01-01 00:18:24.099999905,0.0,0.0,0.0,0.06288849155101,0.0,38.26008729578676,-7.5858597212521985,0.6082649266011818,1,0,none
2025-01-01 00:18:24.200000048,0.0,0.0,0.0,0.0752927089036545,0.0,19.13259602951104,-4.3737172764068815,0.5843228713647233,1,0,none
2025-01-01 00:18:24.299999952,0.0,0.0,0.0,0.0783963679696336,0.0,19.622506364353278,-4.348338231969314,0.6405106627047594,1,0,none
2025-01-01 00:18:24.400000095,0.0,0.0,0.0,0.0122800769134591,0.0,19.198721118706835,-4.472003224362489,0.6009154641921461,1,0,none
2025-01-01 00:18:24.500000000,0.0,0.0,0.0,0.0327238327677787,0.0,23.05782427642784,-5.166063517003712,0.6763074412561673,1,0,none
2025-01-01 00:18:24.599999905,0.0,0.0,0.0,0.045409034917136,0.0,23.136620401317856,-5.688278301109479,0.6197165809120744,1,0,none
2025-01-01 00:18:24.700000048,0.0,0.0,0.0,0.1077347153950734,0.0,22.52359444428891,-14.850872313639352,0.6106257915047564,1,0,none
2025-01-01 00:18:24.799999952,0.0,0.0,0.0,0.0948619286015112,0.0,11.844028024083393,-14.980951813091682,0.6733889430832481,1,0,none
2025-01-01 00:18:24.900000095,0.0,0.0,0.0,0.0553899404460268,0.0,12.551357858318749,-14.86267711364573,0.6561846605088095,1,0,none
2025-01-01 00:18:25.000000000,0.0,0.0,0.0,0.0672093424224203,0.0,12.433303023593984,-2.015376876520885,0.7507792286284829,1,0,none
2025-01-01 00:18:25.099999905,0.0,0.0,0.0,0.0347809925220895,0.0,24.49827864225629,-11.989255053606952,0.5585436764373491,1,0,none
2025-01-01 00:18:25.200000048,0.0,0.0,0.0,0.1813368381991093,0.0,12.116144494818272,-2.061129087658518,0.6506127715315771,1,0,none
2025-01-01 00:18:25.299999952,0.0,0.0,0.0,0.0886669030201728,0.0,22.700167997701907,-6.002987557394035,0.6284422466791318,1,0,none
2025-01-01 00:18:25.400000095,0.0,0.0,0.0,1.7319699736823426,0.0,2.0209656156960003,-2.972172449468588,-13.657005581004025,1,1,cable_cut
2025-01-01 00:18:25.500000000,0.0,0.0,0.0,2.2237166584433137,0.0,2.219239436997694,-2.083511285308197,-12.526127320265932,1,1,cable_cut
2025-01-01 00:18:25.599999905,0.0,0.0,0.0,2.1602250995306678,0.0,3.717305008164179,-1.1680216837199606,-10.301775773517761,1,1,cable_cut
2025-01-01 00:18:25.700000048,0.0,0.0,0.0,1.905015071875656,0.0,4.618525118491611,-1.869997388019032,-13.238611532388594,1,1,cable_cut
2025-01-01 00:18:25.799999952,0.0,0.0,0.0,1.1663867642750865,0.0,4.481291151730829,-1.5090572279409171,-13.946373978640775,1,1,anchor_drag
2025-01-01 00:18:25.900000095,0.0,0.0,0.0,0.0256665425667469,0.0,0.2445972500427042,-15.024878725466628,0.6198053174427148,1,0,none
2025-01-01 00:18:26.000000000,0.0,0.0,0.0,0.0329504917354669,0.0,24.54563964805533,-6.592097644654607,0.6132839748363013,1,0,none
2025-01-01 00:18:26.099999905,0.0,0.0,0.0,0.111613755972412,0.0,24.713215830012203,-6.548695755320671,0.5967434314103797,1,0,none
2025-01-01 00:18:26.200000048,0.0,0.0,0.0,0.0682424591003332,0.0,24.363296282849568,-6.502947414794609,0.7643590523353045,1,0,none
2025-01-01 00:18:26.299999952,0.0,0.0,0.0,0.1162029813347692,0.0,25.30213534702371,-12.006990196264656,0.586301939655518,1,0,none
2025-01-01 00:18:26.400000095,0.0,0.0,0.0,0.0451954330670783,0.0,20.881309029829342,-2.892208326266529,0.5711538440657827,1,0,none
2025-01-01 00:18:26.500000000,0.0,0.0,0.0,0.080959608227735,0.0,15.601877970740864,-2.88400249386826,0.6468749148204227,1,0,none
2025-01-01 00:18:26.599999905,0.0,0.0,0.0,0.0654989625631255,0.0,15.610615190556032,-2.7858417726788973,0.6054708843675715,1,0,none
2025-01-01 00:18:26.700000048,0.0,0.0,0.0,0.051440420519378,0.0,15.63596657068487,-1.892556433052413,0.5908807707264218,1,0,none
2025-01-01 00:18:26.799999952,0.0,0.0,0.0,0.1565077746156305,0.0,13.342344602213476,-2.087972270047288,0.6257130267138746,1,0,none
2025-01-01 00:18:26.900000095,0.0,0.0,0.0,0.1667732189886247,0.0,25.12258322426917,-12.171694859366804,0.5985959346910122,1,0,none
2025-01-01 00:18:27.000000000,0.0,0.0,0.0,0.0783869763017288,0.0,12.790737417257466,-2.1055499747768303,0.556806842516643,1,0,none
2025-01-01 00:18:27.099999905,0.0,0.0,0.0,0.026916140426525,0.0,12.614353228404068,-2.213279267264227,0.6224018410995062,1,0,none
2025-01-01 00:18:27.200000048,0.0,0.0,0.0,1.42126079729499,0.0,4.77875801032066,-1.612838983954798,-13.146357587737215,1,1,cable_cut
2025-01-01 00:18:27.299999952,0.0,0.0,0.0,2.225945368787539,0.0,2.169315163505157,-1.7988900997263757,-13.156589125872472,1,1,overheating
2025-01-01 00:18:27.400000095,0.0,0.0,0.0,1.9971897522449802,0.0,3.2098034438057614,-2.912211424550004,-10.210271502665925,1,1,overheating
2025-01-01 00:18:27.500000000,0.0,0.0,0.0,2.467821661351144,0.0,4.2442153513858125,-1.6019475753927506,-14.760121014432606,1,1,anchor_drag
2025-01-01 00:18:27.599999905,0.0,0.0,0.0,1.350587116704613,0.0,4.4121821663130625,-2.5551909787757765,-12.363504470512037,1,1,overheating
2025-01-01 00:18:27.700000048,0.0,0.0,0.0,0.0755117787260724,0.0,-0.3174439293883234,-14.778204043347143,0.6401285167467892,1,0,none
2025-01-01 00:18:27.799999952,0.0,0.0,0.0,0.0675832451685557,0.0,-0.3531094894359213,-15.038172129660316,0.6256502381991654,1,0,none
2025-01-01 00:18:27.900000095,0.0,0.0,0.0,0.0092093400474866,0.0,0.4687063528119689,-15.028487917523927,0.6228363405519441,1,0,none
2025-01-01 00:18:28.000000000,0.0,0.0,0.0,0.0370872492816997,0.0,14.266696324755094,-2.163280576340077,0.5990799012372611,1,0,none
2025-01-01 00:18:28.099999905,0.0,0.0,0.0,0.0752031627051228,0.0,14.519155385548387,-2.0643592760546903,0.5462635313328954,1,0,none
2025-01-01 00:18:28.200000048,0.0,0.0,0.0,0.0874225911934968,0.0,13.16198527022653,-2.094150668020243,0.5690724520229072,1,0,none
2025-01-01 00:18:28.299999952,0.0,0.0,0.0,0.0559797668286122,0.0,12.871002577415547,-1.9443578681176377,0.6609239869340323,1,0,none
2025-01-01 00:18:28.400000095,0.0,0.0,0.0,0.1665019477604984,0.0,13.49700227674698,-1.960347110268698,0.6847090268336851,1,0,none
2025-01-01 00:18:28.500000000,0.0,0.0,0.0,0.1075805807512084,0.0,24.99007959959147,-12.179379584469627,0.516799511113876,1,0,none
2025-01-01 00:18:28.599999905,0.0,0.0,0.0,0.0700060601518081,0.0,16.266252531087105,-2.372342207345632,0.5547135927790977,1,0,none
2025-01-01 00:18:28.700000048,0.0,0.0,0.0,0.0110310726256928,0.0,17.387152686277343,-3.436206859638377,0.5390176429954824,1,0,none
2025-01-01 00:18:28.799999952,0.0,0.0,0.0,0.1511864525687656,0.0,16.515928734214793,-3.3103941610369323,0.5898396559935901,1,0,none
2025-01-01 00:18:28.900000095,0.0,0.0,0.0,0.0267293344024101,0.0,18.681420503688454,-3.6189211001337394,0.6694026427022629,1,0,none
2025-01-01 00:18:29.000000000,0.0,0.0,0.0,0.0430644341769977,0.0,19.347301183787327,-4.31289469668477,-0.0278535096811159,1,0,none
2025-01-01 00:18:29.099999905,0.0,0.0,0.0,0.0060407735358569,0.0,25.098946918260552,-12.070820186107964,0.6450242762620724,1,0,none
2025-01-01 00:18:29.200000048,0.0,0.0,0.0,1.3509977407605356,0.0,3.2048132621731695,-1.719449693672454,-11.857832374874851,1,1,cable_cut
2025-01-01 00:18:29.299999952,0.0,0.0,0.0,2.353181777912287,0.0,4.988660383847117,-1.6320633688492883,-10.503995801636066,1,1,cable_cut
2025-01-01 00:18:29.400000095,0.0,0.0,0.0,1.2215299026841124,0.0,4.43003671710168,-2.3955663843125237,-11.823886313203953,1,1,cable_cut
2025-01-01 00:18:29.500000000,0.0,0.0,0.0,1.515006355735529,0.0,4.681305471346834,-1.7119165490310417,-14.923202021796623,1,1,cable_cut
2025-01-01 00:18:29.599999905,0.0,0.0,0.0,0.0618094383442216,0.0,-0.3921295033197397,-14.970318252076696,0.6365523466050278,1,0,none
2025-01-01 00:18:29.700000048,0.0,0.0,0.0,0.0300603745527148,0.0,38.65582052974116,-7.690259841624302,0.6417000209140205,1,0,none
2025-01-01 00:18:29.799999952,0.0,0.0,0.0,0.0367166693314723,0.0,24.36847204117133,-6.424726666059827,0.8394942157775427,1,0,none
2025-01-01 00:18:29.900000095,0.0,0.0,0.0,0.0629040113475108,0.0,38.54039925985313,-7.54867061217488,0.5743266651389682,1,0,none
2025-01-01 00:18:30.000000000,0.0,0.0,0.0,0.0919844372458606,0.0,24.411260337741307,-6.295862476607359,0.7431470592293149,1,0,none
2025-01-01 00:18:30.099999905,0.0,0.0,0.0,0.0731034089752796,0.0,38.30259968232973,-7.675518071521684,0.7151950901047541,1,0,none
2025-01-01 00:18:30.200000048,0.0,0.0,0.0,0.1128646379803607,0.0,24.71025196873121,-11.962601939924836,0.4158426169366645,1,0,none
2025-01-01 00:18:30.299999952,0.0,0.0,0.0,0.1229623561543719,0.0,24.27101513630792,-6.393590593709591,-0.001994337618355,1,0,none
2025-01-01 00:18:30.400000095,0.0,0.0,0.0,0.1273483769410306,0.0,25.203564896386315,-11.991209414919176,0.7720472009961309,1,0,none
2025-01-01 00:18:30.500000000,0.0,0.0,0.0,0.0452876310804124,0.0,24.437540303349486,-6.652411758935124,0.6604113431076782,1,0,none
2025-01-01 00:18:30.599999905,0.0,0.0,0.0,0.1089498003326712,0.0,25.056606190533227,-6.62263557237556,0.6342013807317843,1,0,none
2025-01-01 00:18:30.700000048,0.0,0.0,0.0,0.0233964171069576,0.0,24.737039549887097,-6.176983929384351,0.5902371600308178,1,0,none
2025-01-01 00:18:30.799999952,0.0,0.0,0.0,0.0537313957499567,0.0,23.442158173807776,-6.000095981558399,0.6269970378889917,1,0,none
2025-01-01 00:18:30.900000095,0.0,0.0,0.0,0.01069624850245,0.0,22.99814462293049,-6.019779954399817,0.0399759424536798,1,0,none
2025-01-01 00:18:31.000000000,0.0,0.0,0.0,0.0270654015640177,0.0,24.744514827943988,-12.058651261941511,0.6484268887752318,1,0,none
2025-01-01 00:18:31.099999905,0.0,0.0,0.0,0.0708717349280401,0.0,23.78983759765909,-5.840695636807082,0.6650143445793752,1,0,none
2025-01-01 00:18:31.200000048,0.0,0.0,0.0,0.015944942336512,0.0,22.709859012194062,-5.784221450178822,0.6358492236147794,1,0,none
2025-01-01 00:18:31.299999952,0.0,0.0,0.0,2.3191831722557756,0.0,4.928393328543196,-1.8512664195247042,-10.228123789081163,1,1,anchor_drag
2025-01-01 00:18:31.400000095,0.0,0.0,0.0,1.0839550766870072,0.0,3.0724543266314077,-1.1990361189720906,-11.123953114514826,1,1,cable_cut
2025-01-01 00:18:31.500000000,0.0,0.0,0.0,2.0649451193442916,0.0,2.5030301348755986,-1.551784389691351,-11.971868624234034,1,1,anchor_drag
2025-01-01 00:18:31.599999905,0.0,0.0,0.0,1.2734871625373692,0.0,4.735883476369285,-1.762907557524993,-14.901412247855882,1,1,cable_cut
2025-01-01 00:18:31.700000048,0.0,0.0,0.0,0.022444933511385,0.0,-0.0225081001190402,-14.915269951942577,0.6852818304434705,1,0,none
2025-01-01 00:18:31.799999952,0.0,0.0,0.0,0.0072229446003447,0.0,0.3278877332690005,-2.884182291053748,0.6039956997532892,1,0,none
2025-01-01 00:18:31.900000095,0.0,0.0,0.0,0.1205286764101093,0.0,15.991138791071998,-2.7023770679457053,0.5629257637269983,1,0,none
2025-01-01 00:18:32.000000000,0.0,0.0,0.0,0.0679395657275023,0.0,25.12401160873912,-12.039159117361764,0.7808979842190452,1,0,none
2025-01-01 00:18:32.099999905,0.0,0.0,0.0,0.0548623198208284,0.0,15.71638353487302,-2.6791092173234867,0.6907492517702121,1,0,none
2025-01-01 00:18:32.200000048,0.0,0.0,0.0,0.0529194719790436,0.0,17.297196328535865,-3.379241395554099,0.6314245387249081,1,0,none
2025-01-01 00:18:32.299999952,0.0,0.0,0.0,0.0334555852296341,0.0,21.89428022654036,-5.487365631364972,0.6713818162776184,1,0,none
2025-01-01 00:18:32.400000095,0.0,0.0,0.0,0.035072224443809,0.0,22.318240021541783,-5.397321250419453,0.6132105840869648,1,0,none
2025-01-01 00:18:32.500000000,0.0,0.0,0.0,0.0180831165478195,0.0,22.06986841302149,-4.646462629532893,-0.0346339839639799,1,0,none
2025-01-01 00:18:32.599999905,0.0,0.0,0.0,0.012924181381552,0.0,24.69452382957468,-11.765019930777662,0.6487345612242502,1,0,none
2025-01-01 00:18:32.700000048,0.0,0.0,0.0,0.0237821078657404,0.0,18.87421104877749,-4.4399263261269954,0.6087849057339898,1,0,none
2025-01-01 00:18:32.799999952,0.0,0.0,0.0,0.0831750026473483,0.0,19.089625136678777,-4.514563664641841,0.6287749004499702,1,0,none
2025-01-01 00:18:32.900000095,0.0,0.0,0.0,0.020349431747875,0.0,19.59284160702008,-14.972096573940636,0.6760681617449835,1,0,none
2025-01-01 00:18:33.000000000,0.0,0.0,0.0,0.0302226959945409,0.0,11.627107300968628,-15.099283641717111,0.6705606551897688,1,0,none
2025-01-01 00:18:33.099999905,0.0,0.0,0.0,1.9228110894817223,0.0,3.1249674506205993,-1.3055362320401231,-12.687825810480108,1,1,cable_cut
2025-01-01 00:18:33.200000048,0.0,0.0,0.0,2.442154157762774,0.0,4.252140791477228,-1.6170490373904176,-13.37641766231042,1,1,anchor_drag
2025-01-01 00:18:33.299999952,0.0,0.0,0.0,1.6056350405029007,0.0,2.6158510250625855,-1.7698178062006718,-11.474456724223412,1,1,anchor_drag
2025-01-01 00:18:33.400000095,0.0,0.0,0.0,1.909863985251562,0.0,4.956546656698229,-1.418050689083189,-14.725472761761434,1,1,anchor_drag
2025-01-01 00:18:33.500000000,0.0,0.0,0.0,0.1127132255555936,0.0,-0.4029628171751702,-15.1283262173674,0.6324247652900553,1,0,none
2025-01-01 00:18:33.599999905,0.0,0.0,0.0,0.0360318485702783,0.0,-0.2878064881944368,-15.025028373634564,0.6439489681181716,1,0,none
2025-01-01 00:18:33.700000048,0.0,0.0,0.0,0.0261509514542724,0.0,20.54540134343065,-5.418372221159244,0.6101277622677884,1,0,none
2025-01-01 00:18:33.799999952,0.0,0.0,0.0,0.0963772132464979,0.0,20.73861681010005,-4.956506269199193,0.7292035636826245,1,0,none
2025-01-01 00:18:33.900000095,0.0,0.0,0.0,0.001913825463509,0.0,20.84512952977282,-5.059605743366462,0.5799350146189843,1,0,none
2025-01-01 00:18:34.000000000,0.0,0.0,0.0,0.0025854967011134,0.0,20.650367542133683,-5.046661215079587,0.6735775855484231,1,0,none
2025-01-01 00:18:34.099999905,0.0,0.0,0.0,0.0356072101256844,0.0,21.341198597195685,-4.946995346294332,0.6484150840115834,1,0,none
2025-01-01 00:18:34.200000048,0.0,0.0,0.0,0.0908479696095881,0.0,24.602415588414267,-11.962825604718654,0.5752172087314661,1,0,none
2025-01-01 00:18:34.299999952,0.0,0.0,0.0,0.0790988151681215,0.0,21.303831027158743,-5.067355409672828,0.6537894988625892,1,0,none
2025-01-01 00:18:34.400000095,0.0,0.0,0.0,0.0195506591346265,0.0,21.355548909431803,-4.006407958655583,0.6277487935781143,1,0,none
2025-01-01 00:18:34.500000000,0.0,0.0,0.0,0.0478144400195214,0.0,18.46949076490671,-3.679266985588227,0.6002337794728148,1,0,none
2025-01-01 00:18:34.599999905,0.0,0.0,0.0,0.0382265080116097,0.0,18.09187001775097,-3.934010349340302,0.6570567445372649,1,0,none
2025-01-01 00:18:34.700000048,0.0,0.0,0.0,0.0379231233375324,0.0,18.402735263753076,-3.8335890128098864,0.0133505166715087,1,0,none
2025-01-01 00:18:34.799999952,0.0,0.0,0.0,0.066572887630442,0.0,24.616788659934816,-12.111310569426498,0.7394968243153142,1,0,none
2025-01-01 00:18:34.900000095,0.0,0.0,0.0,0.0528652206295457,0.0,21.87327211051013,-5.395319018288132,0.6063829857349852,1,0,none
2025-01-01 00:18:35.000000000,0.0,0.0,0.0,1.931965726827207,0.0,3.351596534247047,-1.0449567927994086,-14.394956102252824,1,1,cable_cut
2025-01-01 00:18:35.099999905,0.0,0.0,0.0,1.6844870233436366,0.0,2.1917458600196076,-2.307715387818652,-14.733567513150042,1,1,cable_cut
2025-01-01 00:18:35.200000048,0.0,0.0,0.0,1.903896007156292,0.0,3.043218221338437,-2.5934679784922063,-10.905365612648726,1,1,cable_cut
2025-01-01 00:18:35.299999952,0.0,0.0,0.0,0.1541903026684408,0.0,-0.743251835588705,-14.927842505424424,0.64499794811347,1,0,none
2025-01-01 00:18:35.400000095,0.0,0.0,0.0,0.0561772909660624,0.0,-0.3115622571107267,-15.067909256741329,0.7035175917681881,1,0,none
2025-01-01 00:18:35.500000000,0.0,0.0,0.0,0.0835505416216147,0.0,26.133839458683877,-6.982941752339987,0.5089866748285383,1,0,none
2025-01-01 00:18:35.599999905,0.0,0.0,0.0,0.0663929246549933,0.0,25.37914997145756,-6.892018242755459,0.6201025327491094,1,0,none
2025-01-01 00:18:35.700000048,0.0,0.0,0.0,0.0866716411621205,0.0,25.849201342865484,-6.986087507435104,0.5378815386874375,1,0,none
2025-01-01 00:18:35.799999952,0.0,0.0,0.0,0.0672441243751368,0.0,25.896666307486534,-3.3146780107486333,0.5652091781547964,1,0,none
2025-01-01 00:18:35.900000095,0.0,0.0,0.0,0.089598092756907,0.0,17.141700663434882,-3.0653041753247705,0.7452312246036235,1,0,none
2025-01-01 00:18:36.000000000,0.0,0.0,0.0,0.0702578060133246,0.0,16.89750139648369,-3.123923193617886,0.6549084066976378,1,0,none
2025-01-01 00:18:36.099999905,0.0,0.0,0.0,0.0536676147688592,0.0,16.208299498855144,-2.900264982275837,0.6725782462529052,1,0,none
2025-01-01 00:18:36.200000048,0.0,0.0,0.0,0.0680996073806412,0.0,16.01722882856878,-3.123377547759946,0.6959735175106784,1,0,none
2025-01-01 00:18:36.299999952,0.0,0.0,0.0,0.1823557520469576,0.0,25.70788427773003,-11.985602133169,0.5879356912415955,1,0,none
2025-01-01 00:18:36.400000095,0.0,0.0,0.0,0.0632096155359057,0.0,17.28069748349784,-2.924745497748624,0.5366717746239875,1,0,none
2025-01-01 00:18:36.500000000,0.0,0.0,0.0,0.050375634647884,0.0,16.556536078928787,-2.9039948125847705,0.67691492058848,1,0,none
2025-01-01 00:18:36.599999905,0.0,0.0,0.0,0.0843499352815017,0.0,15.318853526325451,-2.779878877122001,0.584007794072005,1,0,none
2025-01-01 00:18:36.700000048,0.0,0.0,0.0,1.0593684155642213,0.0,3.0746595783080064,-1.0047230308583355,-11.261839888713935,1,1,overheating
2025-01-01 00:18:36.799999952,0.0,0.0,0.0,1.0299439821217453,0.0,4.232496172369606,-1.2936735836537185,-10.332042768536418,1,1,overheating
2025-01-01 00:18:36.900000095,0.0,0.0,0.0,1.5474161695806425,0.0,3.1985626998401866,-2.8841319947171495,-11.541955782206621,1,1,cable_cut
2025-01-01 00:18:37.000000000,0.0,0.0,0.0,2.389920135171069,0.0,4.710462733360359,-2.548862646098338,-14.389825135325939,1,1,anchor_drag
2025-01-01 00:18:37.099999905,0.0,0.0,0.0,1.2642592182528234,0.0,4.571915542068396,-1.161133864007427,-11.523749466127308,1,1,cable_cut
2025-01-01 00:18:37.200000048,0.0,0.0,0.0,0.0121095496863431,0.0,-0.3557444733044835,-14.980414599448215,0.6299906834410821,1,0,none
2025-01-01 00:18:37.299999952,0.0,0.0,0.0,0.074826287880743,0.0,-0.0974225805245921,-15.12692403163133,0.7480280676741614,1,0,none
2025-01-01 00:18:37.400000095,0.0,0.0,0.0,0.1341665548264966,0.0,25.198345878598403,-11.933362295702322,0.5233756451950103,1,0,none
2025-01-01 00:18:37.500000000,0.0,0.0,0.0,0.0835032570078817,0.0,0.1530756667215055,-14.981628335730424,0.6907468522670148,1,0,none
2025-01-01 00:18:37.599999905,0.0,0.0,0.0,0.0298859755002019,0.0,0.0786049723075427,-2.098853484609638,0.5813654032042995,1,0,none
2025-01-01 00:18:37.700000048,0.0,0.0,0.0,0.0098390624436391,0.0,14.08002688634276,-2.142716238322229,0.6253273945859187,1,0,none
2025-01-01 00:18:37.799999952,0.0,0.0,0.0,0.0246204435551641,0.0,13.79148490365482,-2.114896842407295,0.7017663866688306,1,0,none
2025-01-01 00:18:37.900000095,0.0,0.0,0.0,0.0717762785158241,0.0,13.953600932565722,-2.056852020097112,-0.0340699956349804,1,0,none
2025-01-01 00:18:38.000000000,0.0,0.0,0.0,0.1112457911345685,0.0,23.98732626994672,-12.09661703443602,0.7026992741688537,1,0,none
2025-01-01 00:18:38.099999905,0.0,0.0,0.0,0.0501722696287058,0.0,14.165104941847156,-2.754213389529991,0.7487326181110905,1,0,none
2025-01-01 00:18:38.200000048,0.0,0.0,0.0,0.0668812301889869,0.0,23.529170872572696,-6.079254103277394,0.6585522034462076,1,0,none
2025-01-01 00:18:38.299999952,0.0,0.0,0.0,0.0399008973116917,0.0,23.282881659864856,-6.233317011214441,0.6236491506308347,1,0,none
2025-01-01 00:18:38.400000095,0.0,0.0,0.0,0.0926434996026962,0.0,23.260131782484866,-6.182404276524061,0.6113630598524988,1,0,none
2025-01-01 00:18:38.500000000,0.0,0.0,0.0,0.0785475293868327,0.0,23.087564114467558,-6.143274995608676,0.0652301351673662,1,0,none
2025-01-01 00:18:38.599999905,0.0,0.0,0.0,0.1096386162155436,0.0,25.301009767818744,-11.843176822383324,0.7138347099669825,1,0,none
2025-01-01 00:18:38.700000048,0.0,0.0,0.0,1.0574576197159569,0.0,2.109936734210339,-1.129803799404487,-12.815653160386486,1,1,anchor_drag
2025-01-01 00:18:38.799999952,0.0,0.0,0.0,1.5975134856552664,0.0,2.6115751562227674,-1.4333717359191132,-12.126502830739724,1,1,anchor_drag
2025-01-01 00:18:38.900000095,0.0,0.0,0.0,1.8914848467920498,0.0,2.2329514696762462,-2.150904987010894,-12.26605180333144,1,1,cable_cut
2025-01-01 00:18:39.000000000,0.0,0.0,0.0,2.3842109612066555,0.0,2.8641505031951997,-1.5820010877747108,-14.818827249837566,1,1,cable_cut
2025-01-01 00:18:39.099999905,0.0,0.0,0.0,0.0798675427652335,0.0,24.915966697675,-12.144100832811825,0.655847243919582,1,0,none
2025-01-01 00:18:39.200000048,0.0,0.0,0.0,0.1423566551455105,0.0,-0.0841715119795657,-14.932969764532633,0.6812088392556177,1,0,none
2025-01-01 00:18:39.299999952,0.0,0.0,0.0,0.0199832170285946,0.0,15.415191736884612,-2.8352323495560543,0.7066935139139102,1,0,none
2025-01-01 00:18:39.400000095,0.0,0.0,0.0,0.0020463956838159,0.0,15.596168718465997,-2.6124850209206976,0.5739699013609341,1,0,none
2025-01-01 00:18:39.500000000,0.0,0.0,0.0,0.0465263267905328,0.0,15.854893434811997,-2.65590443019544,0.5730284518549665,1,0,none
2025-01-01 00:18:39.599999905,0.0,0.0,0.0,0.0479862204962417,0.0,18.526144593995653,-3.1731468239981897,0.7019990967115062,1,0,none
2025-01-01 00:18:39.700000048,0.0,0.0,0.0,0.0632913675630952,0.0,25.533188430409137,-11.905997406117738,0.59780643028705,1,0,none
2025-01-01 00:18:39.799999952,0.0,0.0,0.0,0.0865985434357287,0.0,19.345152337507937,-4.058236103375418,0.5683090403123023,1,0,none
2025-01-01 00:18:39.900000095,0.0,0.0,0.0,0.0623811090989896,0.0,19.18730043130193,-4.194092813919971,0.6613507868477954,1,0,none
2025-01-01 00:18:40.000000000,0.0,0.0,0.0,0.0336012252303177,0.0,21.77205024391188,-4.717554381373529,0.6204786522970125,1,0,none
2025-01-01 00:18:40.099999905,0.0,0.0,0.0,0.1054587283840265,0.0,22.36444957644947,-5.586280411019203,0.6850414549912501,1,0,none
2025-01-01 00:18:40.200000048,0.0,0.0,0.0,0.1591884659001684,0.0,22.400589728454698,-5.721317466362359,-0.0398943410747945,1,0,none
2025-01-01 00:18:40.299999952,0.0,0.0,0.0,0.0559515910975554,0.0,24.963677370282834,-11.788887655542982,0.688590150013709,1,0,none
2025-01-01 00:18:40.400000095,0.0,0.0,0.0,0.0281704921921375,0.0,23.10966811112965,-5.7929264473251525,0.6420892594591147,1,0,none
2025-01-01 00:18:40.500000000,0.0,0.0,0.0,6.917721136538448e-05,0.0,22.586051025662037,-5.614127022861757,0.6031429738159478,1,0,none
2025-01-01 00:18:40.599999905,0.0,0.0,0.0,1.9706744937082616,0.0,2.443209856060446,-1.250735096873336,-11.502660099986135,1,1,anchor_drag
2025-01-01 00:18:40.700000048,0.0,0.0,0.0,1.9163948959732895,0.0,3.0067753375571926,-2.372499644105985,-12.490603108711156,1,1,overheating
2025-01-01 00:18:40.799999952,0.0,0.0,0.0,1.7779533623418144,0.0,4.651788574455221,-2.200799800929503,-11.575568226617138,1,1,cable_cut
2025-01-01 00:18:40.900000095,0.0,0.0,0.0,2.3935208642741497,0.0,3.7700354811196544,-1.6240711623179993,-12.539009286502058,1,1,overheating
2025-01-01 00:18:41.000000000,0.0,0.0,0.0,0.0240340948424719,0.0,0.2986580075022342,-14.956017394715124,0.5364122610484052,1,0,none
2025-01-01 00:18:41.099999905,0.0,0.0,0.0,0.106062853179555,0.0,15.575563203666636,-2.7936012363905727,0.4964431573447294,1,0,none
2025-01-01 00:18:41.200000048,0.0,0.0,0.0,0.0004320353189929,0.0,15.80264725417964,-2.5325715555324915,0.5080316340093416,1,0,none
2025-01-01 00:18:41.299999952,0.0,0.0,0.0,0.0827685058168209,0.0,15.873255086382162,-2.781170941890297,0.7163564277750185,1,0,none
2025-01-01 00:18:41.400000095,0.0,0.0,0.0,0.0582866139166143,0.0,15.851976301509184,-3.606172956614924,0.6461620493618635,1,0,none
2025-01-01 00:18:41.500000000,0.0,0.0,0.0,0.0038984847413979,0.0,25.433586008258125,-6.547832705584761,0.6233767302996407,1,0,none
2025-01-01 00:18:41.599999905,0.0,0.0,0.0,0.0553356503666386,0.0,25.33134331115124,-6.512131662750679,0.6972577367833415,1,0,none
2025-01-01 00:18:41.700000048,0.0,0.0,0.0,0.0250395240448799,0.0,24.961852420937536,-5.715232070085695,0.7297775158765445,1,0,none
2025-01-01 00:18:41.799999952,0.0,0.0,0.0,0.0316149824331524,0.0,25.19256371844333,-11.942758922013873,0.5634230949933366,1,0,none
2025-01-01 00:18:41.900000095,0.0,0.0,0.0,0.0530933513614827,0.0,21.685071523652063,-5.34275551419033,0.6512877675461631,1,0,none
2025-01-01 00:18:42.000000000,0.0,0.0,0.0,0.0223583532437575,0.0,21.523078281105327,-5.452214445860436,0.6014500289623511,1,0,none
2025-01-01 00:18:42.099999905,0.0,0.0,0.0,0.0444727701150701,0.0,21.719151873288805,-4.236235478917168,0.6397072941944553,1,0,none
2025-01-01 00:18:42.200000048,0.0,0.0,0.0,1.2841283703819946,0.0,4.113914295085276,-2.08593651801454,-14.86302067164027,1,1,anchor_drag
2025-01-01 00:18:42.299999952,0.0,0.0,0.0,2.488083712915797,0.0,2.489904562790869,-2.9526414216901777,-13.444889779157707,1,1,cable_cut
2025-01-01 00:18:42.400000095,0.0,0.0,0.0,2.35079112296149,0.0,4.914659110465466,-1.6180569914391632,-10.698156157444284,1,1,cable_cut
2025-01-01 00:18:42.500000000,0.0,0.0,0.0,1.1238504838465067,0.0,2.1445267079956354,-2.2123985523326484,-13.861309463887322,1,1,anchor_drag
2025-01-01 00:18:42.599999905,0.0,0.0,0.0,1.99043187976494,0.0,4.345505470023362,-2.91401951044705,-14.388396369072876,1,1,anchor_drag
2025-01-01 00:18:42.700000048,0.0,0.0,0.0,2.333804975599193,0.0,4.651282730794169,-1.1699445506000012,-10.06426725152577,1,1,anchor_drag
2025-01-01 00:18:42.799999952,0.0,0.0,0.0,0.0635362368801685,0.0,-0.078302617251694,-15.076376951660022,0.5645444355505724,1,0,none
2025-01-01 00:18:42.900000095,0.0,0.0,0.0,0.0064772194989719,0.0,0.0028279081691319,-2.5627702759013262,0.0314859362059462,1,0,none
2025-01-01 00:18:43.000000000,0.0,0.0,0.0,0.0534603147068581,0.0,25.090891562076184,-11.931449082917416,0.6204787949662353,1,0,none
2025-01-01 00:18:43.099999905,0.0,0.0,0.0,0.0258442558144463,0.0,14.723251883603318,-2.351705657712757,0.630256054826522,1,0,none
2025-01-01 00:18:43.200000048,0.0,0.0,0.0,0.057540592217786,0.0,14.957785744276082,-2.299100627509547,0.6600164585303101,1,0,none
2025-01-01 00:18:43.299999952,0.0,0.0,0.0,0.0155620258618139,0.0,14.856800006689502,-2.393089444466604,0.5786738116829533,1,0,none
2025-01-01 00:18:43.400000095,0.0,0.0,0.0,0.067100235546797,0.0,14.87171818483071,-2.39024234622095,0.6434624221675479,1,0,none
2025-01-01 00:18:43.500000000,0.0,0.0,0.0,0.045934227499311,0.0,14.75443831904419,-2.3332796983210446,0.6633810526281333,1,0,none
2025-01-01 00:18:43.599999905,0.0,0.0,0.0,0.0689923859177515,0.0,14.905941660493802,-2.939166511621689,0.6407609583678604,1,0,none
2025-01-01 00:18:43.700000048,0.0,0.0,0.0,0.0036700066236877,0.0,21.811870917240096,-5.4912984420572535,0.6035906899618231,1,0,none
2025-01-01 00:18:43.799999952,0.0,0.0,0.0,0.0565955898869757,0.0,21.94903432398524,-5.376158947549637,0.6797619182027582,1,0,none
2025-01-01 00:18:43.900000095,0.0,0.0,0.0,0.0675851852786102,0.0,21.838654886406776,-5.534247087803115,0.8351727272209658,1,0,none
2025-01-01 00:18:44.000000000,0.0,0.0,0.0,0.0871043167098977,0.0,24.935250773369155,-12.008089010375874,0.6056801012988942,1,0,none
2025-01-01 00:18:44.099999905,0.0,0.0,0.0,0.0739505080408201,0.0,22.24135733279081,-5.559138469271659,0.5964848792142677,1,0,none
2025-01-01 00:18:44.200000048,0.0,0.0,0.0,1.549363998093139,0.0,4.593103363268363,-1.1580385735067968,-12.759327600302743,1,1,cable_cut
2025-01-01 00:18:44.299999952,0.0,0.0,0.0,1.052791608889267,0.0,3.2502372253811815,-1.6922247230850134,-11.149334770616909,1,1,cable_cut
2025-01-01 00:18:44.400000095,0.0,0.0,0.0,1.2182569390781741,0.0,2.081172512766889,-1.7492293106562227,-11.854020484862275,1,1,anchor_drag
2025-01-01 00:18:44.500000000,0.0,0.0,0.0,1.3297651437613989,0.0,4.6104420147007925,-2.336246440742219,-10.02140043583268,1,1,overheating
2025-01-01 00:18:44.599999905,0.0,0.0,0.0,2.1418311833462838,0.0,4.536850478170118,-2.5846694423132437,-10.061672254368688,1,1,overheating
2025-01-01 00:18:44.700000048,0.0,0.0,0.0,0.0253655893064621,0.0,-0.0289153908944691,-14.868598725722071,0.6048663720028898,1,0,none
2025-01-01 00:18:44.799999952,0.0,0.0,0.0,0.0674015535703991,0.0,18.67121093806908,-3.85833990258124,0.6208389210298485,1,0,none
2025-01-01 00:18:44.900000095,0.0,0.0,0.0,0.030927354635782,0.0,18.222682631524112,-3.8834478716271454,0.5599337357987577,1,0,none
2025-01-01 00:18:45.000000000,0.0,0.0,0.0,0.108508905177617,0.0,18.68500637318646,-3.759491247407809,0.6891233610813333,1,0,none
2025-01-01 00:18:45.099999905,0.0,0.0,0.0,0.1098403782141717,0.0,24.96892363160588,-11.987158706146063,0.5344758217843706,1,0,none
2025-01-01 00:18:45.200000048,0.0,0.0,0.0,0.0623584168123128,0.0,13.742162082965596,-2.266529186808229,0.5731204064255172,1,0,none
2025-01-01 00:18:45.299999952,0.0,0.0,0.0,0.0426618553893694,0.0,14.103811951172236,-2.359219510516616,0.6191016207915658,1,0,none
2025-01-01 00:18:45.400000095,0.0,0.0,0.0,0.0302409174084469,0.0,13.808599649873305,-2.0293267128985746,0.597941545160725,1,0,none
2025-01-01 00:18:45.500000000,0.0,0.0,0.0,0.0311017366650365,0.0,15.48615026972975,-2.30190266677666,0.6497793071254854,1,0,none
2025-01-01 00:18:45.599999905,0.0,0.0,0.0,0.0015280301390971,0.0,14.88117868452288,-2.7347284438298933,-0.0442663780502169,1,0,none
2025-01-01 00:18:45.700000048,0.0,0.0,0.0,0.0454045513427801,0.0,25.001561578568484,-11.918415218210647,0.6294917061064228,1,0,none
2025-01-01 00:18:45.799999952,0.0,0.0,0.0,0.0732406177908333,0.0,15.462118410372756,-2.673622572347051,0.5845805581385366,1,0,none
2025-01-01 00:18:45.900000095,0.0,0.0,0.0,0.070046251349163,0.0,15.481022394040618,-3.1012289915505176,0.5950122880920594,1,0,none
2025-01-01 00:18:46.000000000,0.0,0.0,0.0,0.0579260973725591,0.0,20.73402769944806,-5.051631748863692,0.6398645813852702,1,0,none
2025-01-01 00:18:46.099999905,0.0,0.0,0.0,1.3995077151856963,0.0,2.6349223888527806,-1.671179955923422,-10.89604207084112,1,1,anchor_drag
2025-01-01 00:18:46.200000048,0.0,0.0,0.0,2.4455465473817783,0.0,3.8232596177810603,-1.7829766462425012,-13.518587001658869,1,1,cable_cut
2025-01-01 00:18:46.299999952,0.0,0.0,0.0,1.5645345900307808,0.0,2.1123029701312253,-2.4231661434683414,-10.630980068802362,1,1,anchor_drag
2025-01-01 00:18:46.400000095,0.0,0.0,0.0,0.0506731426057582,0.0,0.0948821340779141,-15.081391733884873,0.5523196777445238,1,0,none
2025-01-01 00:18:46.500000000,0.0,0.0,0.0,0.0331310971194596,0.0,0.4098644355617364,-14.93811244835051,0.695138215529035,1,0,none
2025-01-01 00:18:46.599999905,0.0,0.0,0.0,0.103294734512538,0.0,19.38427854908435,-4.398109498788579,0.6593728198939014,1,0,none
2025-01-01 00:18:46.700000048,0.0,0.0,0.0,0.087742886228856,0.0,19.4426965827687,-4.3180868976985805,0.6575724025435553,1,0,none
2025-01-01 00:18:46.799999952,0.0,0.0,0.0,0.0007288760970399,0.0,19.62836873638414,-4.2362881951538105,0.5452483891521892,1,0,none
2025-01-01 00:18:46.900000095,0.0,0.0,0.0,0.063819649779736,0.0,21.17094685365525,-4.752793528021573,0.5952255003755357,1,0,none
2025-01-01 00:18:47.000000000,0.0,0.0,0.0,0.0207046244606198,0.0,21.56104160784639,-4.921480733909852,0.6082726985538188,1,0,none
2025-01-01 00:18:47.099999905,0.0,0.0,0.0,0.0971908554443479,0.0,20.85023940051722,-4.78227431704929,0.6534469253982994,1,0,none
2025-01-01 00:18:47.200000048,0.0,0.0,0.0,0.1898367380083653,0.0,24.784454804451663,-11.990571080339878,0.5944975048038044,1,0,none
2025-01-01 00:18:47.299999952,0.0,0.0,0.0,0.062910481728455,0.0,21.23503969449742,-5.228594303728706,0.7226942244274068,1,0,none
2025-01-01 00:18:47.400000095,0.0,0.0,0.0,0.1092939304427871,0.0,21.912479865897215,-5.347188877985755,0.7530967478001808,1,0,none
2025-01-01 00:18:47.500000000,0.0,0.0,0.0,0.061354104694265,0.0,22.032702589884707,-5.420601067981255,0.5727058086241131,1,0,none
2025-01-01 00:18:47.599999905,0.0,0.0,0.0,0.0060297135975608,0.0,22.466784736275077,-4.308754128459227,0.6308661748417137,1,0,none
2025-01-01 00:18:47.700000048,0.0,0.0,0.0,0.0265944847276527,0.0,18.30341097263955,-3.92998703584373,0.066140913457521,1,0,none
2025-01-01 00:18:47.799999952,0.0,0.0,0.0,0.0297371477056698,0.0,25.127846967893856,-12.342765548487554,0.6123190760526523,1,0,none
2025-01-01 00:18:47.900000095,0.0,0.0,0.0,1.5048481076554003,0.0,4.977853252395594,-2.1155952873752883,-13.246359868493421,1,1,cable_cut
2025-01-01 00:18:48.000000000,0.0,0.0,0.0,1.8219108318527142,0.0,4.512378269747015,-2.434432660983405,-14.00213633350791,1,1,cable_cut
2025-01-01 00:18:48.099999905,0.0,0.0,0.0,1.9269753553115727,0.0,3.325669042946862,-2.2315015109498244,-13.218970349966835,1,1,overheating
2025-01-01 00:18:48.200000048,0.0,0.0,0.0,1.846481707883581,0.0,4.248842178713499,-1.9929931811280603,-11.842516072961825,1,1,overheating
2025-01-01 00:18:48.299999952,0.0,0.0,0.0,0.163871415949189,0.0,24.895975032697528,-12.03215067511479,0.513532907051847,1,0,none
2025-01-01 00:18:48.400000095,0.0,0.0,0.0,0.1096820265584739,0.0,-0.1934687575933013,-14.785070275082171,0.639192864491443,1,0,none
2025-01-01 00:18:48.500000000,0.0,0.0,0.0,0.0160599724817163,0.0,-0.2188311146542947,-15.150923997308054,0.6326502686589333,1,0,none
2025-01-01 00:18:48.599999905,0.0,0.0,0.0,0.0669144014265593,0.0,-0.1571112848668575,-14.776127890409995,0.6584129551177296,1,0,none
2025-01-01 00:18:48.700000048,0.0,0.0,0.0,0.0267802982280027,0.0,-0.4097387784152834,-14.861941539094945,0.6391450968836663,1,0,none
2025-01-01 00:18:48.799999952,0.0,0.0,0.0,0.0178550399387801,0.0,-0.2355953760789715,-5.47133979866978,0.0811179079381682,1,0,none
2025-01-01 00:18:48.900000095,0.0,0.0,0.0,0.0324232228587564,0.0,25.58468893343429,-11.8560687780093,0.643317013336879,1,0,none
2025-01-01 00:18:49.000000000,0.0,0.0,0.0,0.0129779692052057,0.0,22.020696543092413,-5.469580320703559,0.7309661038161652,1,0,none
2025-01-01 00:18:49.099999905,0.0,0.0,0.0,0.0272650356810942,0.0,22.177771253018317,-5.555428083688351,0.6782058463200099,1,0,none
2025-01-01 00:18:49.200000048,0.0,0.0,0.0,0.0781955330174038,0.0,22.45316263622508,-5.811794264731997,0.6675585071380866,1,0,none
2025-01-01 00:18:49.299999952,0.0,0.0,0.0,0.0018018911042866,0.0,26.15024036930872,-6.949410452231251,0.6443362623360922,1,0,none
2025-01-01 00:18:49.400000095,0.0,0.0,0.0,0.0206754025107017,0.0,25.168573234566846,-6.851439103581101,0.048697834677296,1,0,none
2025-01-01 00:18:49.500000000,0.0,0.0,0.0,0.0600780266851967,0.0,38.23103506541404,-7.634896206801284,0.6306495883788997,1,0,none
2025-01-01 00:18:49.599999905,0.0,0.0,0.0,0.0187377573879163,0.0,25.5588829017316,-3.774699732914221,0.5783934392443234,1,0,none
2025-01-01 00:18:49.700000048,0.0,0.0,0.0,0.0968820309786512,0.0,17.25908106105312,-3.319214604941488,0.5767253904500982,1,0,none
2025-01-01 00:18:49.799999952,0.0,0.0,0.0,1.754036954614345,0.0,4.258861968233526,-2.2506144547237685,-10.393311333335811,1,1,cable_cut
2025-01-01 00:18:49.900000095,0.0,0.0,0.0,1.4160897362277396,0.0,3.69493916165749,-1.6651609582539377,-13.490903804089251,1,1,overheating
2025-01-01 00:18:50.000000000,0.0,0.0,0.0,2.2012428610199732,0.0,2.017745281036321,-2.4639526194978956,-10.125822021729743,1,1,cable_cut
2025-01-01 00:18:50.099999905,0.0,0.0,0.0,1.44441123592359,0.0,3.410854842031897,-2.0432229521087315,-13.492512534116798,1,1,cable_cut
2025-01-01 00:18:50.200000048,0.0,0.0,0.0,1.1534850149140121,0.0,4.393104836049341,-2.1133048458140213,-11.12453173383468,1,1,cable_cut
2025-01-01 00:18:50.299999952,0.0,0.0,0.0,0.0234406485229671,0.0,-0.652664633096271,-15.117404144520174,0.6138932564835626,1,0,none
2025-01-01 00:18:50.400000095,0.0,0.0,0.0,0.0917505824060174,0.0,23.202139388386392,-6.053481393368033,0.720499375580807,1,0,none
2025-01-01 00:18:50.500000000,0.0,0.0,0.0,0.0788139429299669,0.0,23.235228404006225,-6.137093050721818,0.027393761849735,1,0,none
2025-01-01 00:18:50.599999905,0.0,0.0,0.0,0.0753188320703091,0.0,24.92587616895769,-11.860644425161295,0.7008896493602045,1,0,none
2025-01-01 00:18:50.700000048,0.0,0.0,0.0,0.024337919857803,0.0,23.16109976220684,-6.171971537159077,0.5366220828395349,1,0,none
2025-01-01 00:18:50.799999952,0.0,0.0,0.0,0.0465889308742793,0.0,21.75275806005107,-5.154576460888255,0.6665426439131373,1,0,none
2025-01-01 00:18:50.900000095,0.0,0.0,0.0,0.1086948639814104,0.0,21.56070378345432,-5.348621205472235,0.6921078918189947,1,0,none
2025-01-01 00:18:51.000000000,0.0,0.0,0.0,0.0369379620645683,0.0,21.9622541945355,-5.371891027734909,0.7100144321148996,1,0,none
2025-01-01 00:18:51.099999905,0.0,0.0,0.0,0.0427741790300536,0.0,20.278072601491218,-4.886709290173816,0.5518090707924479,1,0,none
2025-01-01 00:18:51.200000048,0.0,0.0,0.0,0.0213637684720408,0.0,19.94532860308886,-4.580199457617334,0.6853057294597267,1,0,none
2025-01-01 00:18:51.299999952,0.0,0.0,0.0,0.033881339249213,0.0,19.807394760703257,-4.66440164387898,0.7072190142850623,1,0,none
2025-01-01 00:18:51.400000095,0.0,0.0,0.0,0.0941809019266916,0.0,20.453949791329062,-4.752468636339298,0.524135551136051,1,0,none
2025-01-01 00:18:51.500000000,0.0,0.0,0.0,0.1442725867203476,0.0,20.74006566901428,-4.911496309513378,0.7239295554934871,1,0,none
2025-01-01 00:18:51.599999905,0.0,0.0,0.0,0.1042358482952843,0.0,25.27203528000263,-11.93306904873769,0.6308810407170351,1,0,none
2025-01-01 00:18:51.700000048,0.0,0.0,0.0,2.198742903063427,0.0,2.1783781528692128,-2.955464758183406,-11.953148600559475,1,1,cable_cut
2025-01-01 00:18:51.799999952,0.0,0.0,0.0,1.7681284245014335,0.0,3.9414219905331462,-1.0741828919551095,-13.30351541919925,1,1,anchor_drag
2025-01-01 00:18:51.900000095,0.0,0.0,0.0,1.0016092225355449,0.0,2.1147026094805472,-1.7354919452170643,-14.916357841615891,1,1,cable_cut
2025-01-01 00:18:52.000000000,0.0,0.0,0.0,1.8621331568832757,0.0,3.5065358097050883,-1.6620471851401522,-11.482530605104865,1,1,cable_cut
2025-01-01 00:18:52.099999905,0.0,0.0,0.0,0.0178809568849491,0.0,0.2072102668045911,-14.978896627070904,-0.0108624664209048,1,0,none
2025-01-01 00:18:52.200000048,0.0,0.0,0.0,0.060789224931037,0.0,25.042806523660488,-11.977453680211484,0.6656217450411961,1,0,none
2025-01-01 00:18:52.299999952,0.0,0.0,0.0,0.0171288458485866,0.0,18.78111055664008,-3.640609966889568,0.7127021525163433,1,0,none
2025-01-01 00:18:52.400000095,0.0,0.0,0.0,0.0449678491651968,0.0,18.537891195422443,-3.844970440218306,0.6518992136271009,1,0,none
2025-01-01 00:18:52.500000000,0.0,0.0,0.0,0.0240970300259721,0.0,18.57408216527041,-14.962550769688576,0.6316742247707255,1,0,none
2025-01-01 00:18:52.599999905,0.0,0.0,0.0,0.0732799190539492,0.0,12.140069624660793,-14.922282359423432,0.6741801257669614,1,0,none
2025-01-01 00:18:52.700000048,0.0,0.0,0.0,0.1366965107353468,0.0,25.20269933597709,-11.948659183558304,0.4994699979674472,1,0,none
2025-01-01 00:18:52.799999952,0.0,0.0,0.0,0.0661375143718921,0.0,11.860965630199248,-14.91560562081827,0.6804789120750475,1,0,none
2025-01-01 00:18:52.900000095,0.0,0.0,0.0,0.0102299526571569,0.0,11.762480491036165,-15.081820930812588,0.6173275074436557,1,0,none
2025-01-01 00:18:53.000000000,0.0,0.0,0.0,0.0682186520842856,0.0,12.204809066044714,-15.097636633376744,0.6825351637333364,1,0,none
2025-01-01 00:18:53.099999905,0.0,0.0,0.0,0.0549821864693166,0.0,12.202629844467214,-15.028056083055668,0.6085224061002269,1,0,none
2025-01-01 00:18:53.200000048,0.0,0.0,0.0,0.1387469614911357,0.0,12.252283546882976,-2.2774669233318456,0.6675355669319494,1,0,none
2025-01-01 00:18:53.299999952,0.0,0.0,0.0,0.1468624694021613,0.0,25.33011786768362,-12.003957954683852,0.6210399444413758,1,0,none
2025-01-01 00:18:53.400000095,0.0,0.0,0.0,0.0532179779824482,0.0,11.572508648455376,-2.065958309240821,0.62117320303658,1,0,none
2025-01-01 00:18:53.500000000,0.0,0.0,0.0,0.0038078355258251,0.0,18.90766423571691,-4.216499562653884,0.5647235697694631,1,0,none
2025-01-01 00:18:53.599999905,0.0,0.0,0.0,1.5515154558543967,0.0,2.756394614784503,-1.9127931629749186,-10.378139321061276,1,1,cable_cut
2025-01-01 00:18:53.700000048,0.0,0.0,0.0,2.332670144442649,0.0,3.858749855352051,-1.7537560950333815,-10.384990764442305,1,1,overheating
2025-01-01 00:18:53.799999952,0.0,0.0,0.0,1.2732345418719304,0.0,4.314102720302171,-1.7950918198791184,-12.501055958317673,1,1,cable_cut
2025-01-01 00:18:53.900000095,0.0,0.0,0.0,1.4610794269143952,0.0,2.6669046915591545,-2.163434650364536,-14.974610724029537,1,1,cable_cut
2025-01-01 00:18:54.000000000,0.0,0.0,0.0,0.0268203160115224,0.0,-0.0234992546790471,-14.913714115857472,0.5870268617542822,1,0,none
2025-01-01 00:18:54.099999905,0.0,0.0,0.0,0.0458443935077937,0.0,25.845359218074844,-6.844927986768152,0.5998806177691758,1,0,none
2025-01-01 00:18:54.200000048,0.0,0.0,0.0,0.1188943652047676,0.0,25.45595131504209,-6.820061578509045,0.6099245330149936,1,0,none
2025-01-01 00:18:54.299999952,0.0,0.0,0.0,0.018660546722694,0.0,25.809042198394557,-7.477134729800614,0.5817176727710842,1,0,none
2025-01-01 00:18:54.400000095,0.0,0.0,0.0,0.035306627464466,0.0,17.433594579786376,-14.87218964960437,0.7113228185939344,1,0,none
2025-01-01 00:18:54.500000000,0.0,0.0,0.0,0.0880999069697602,0.0,11.762990256591946,-14.91213183496237,0.6149912181600744,1,0,none
2025-01-01 00:18:54.599999905,0.0,0.0,0.0,0.0689779111853504,0.0,12.018054326044028,-2.001884030067248,0.6694874521407034,1,0,none
2025-01-01 00:18:54.700000048,0.0,0.0,0.0,0.0499159132968064,0.0,12.80328537257038,-2.070788906942818,0.0256818694500102,1,0,none
2025-01-01 00:18:54.799999952,0.0,0.0,0.0,0.0905803152467532,0.0,25.41535148879531,-11.89973940963443,0.6382011224498176,1,0,none
2025-01-01 00:18:54.900000095,0.0,0.0,0.0,0.0082683823861272,0.0,20.275610193980462,-4.827685005868415,0.6270160605369794,1,0,none
2025-01-01 00:18:55.000000000,0.0,0.0,0.0,0.1112470029341161,0.0,19.697622081828985,-4.825869581550846,0.7118565353894348,1,0,none
2025-01-01 00:18:55.099999905,0.0,0.0,0.0,0.0333466659742746,0.0,20.361550946991716,-5.10846968848864,0.6087453513332491,1,0,none
2025-01-01 00:18:55.200000048,0.0,0.0,0.0,0.0016638881662382,0.0,26.366284732483308,-6.857656252419686,0.7363167655228293,1,0,none
2025-01-01 00:18:55.299999952,0.0,0.0,0.0,1.100348097002912,0.0,2.8614912261766836,-2.028345771719057,-14.712628196309549,1,1,overheating
2025-01-01 00:18:55.400000095,0.0,0.0,0.0,1.1873228298789842,0.0,2.1592650600055645,-2.8867086367603183,-12.975652332921939,1,1,cable_cut
2025-01-01 00:18:55.500000000,0.0,0.0,0.0,1.1863290622666527,0.0,2.8722591685579086,-2.249261671780569,-12.099758312986648,1,1,cable_cut
2025-01-01 00:18:55.599999905,0.0,0.0,0.0,0.1601171040269915,0.0,0.0160152817437065,-15.083329063046678,0.6342147223886521,1,0,none
2025-01-01 00:18:55.700000048,0.0,0.0,0.0,0.0743679128368513,0.0,0.1884308909501114,-15.10580465016776,0.7546654969030483,1,0,none
2025-01-01 00:18:55.799999952,0.0,0.0,0.0,0.0889407060469964,0.0,24.795767330102446,-11.957125886151308,0.5256652325585244,1,0,none
2025-01-01 00:18:55.900000095,0.0,0.0,0.0,0.0281379084503184,0.0,25.78767963684671,-6.965082654470892,0.6409165215191555,1,0,none
2025-01-01 00:18:56.000000000,0.0,0.0,0.0,0.0534732234137898,0.0,26.09886027319116,-6.738103639360178,0.5556514776034603,1,0,none
2025-01-01 00:18:56.099999905,0.0,0.0,0.0,0.0773540147511197,0.0,25.62317297655393,-6.889168469474995,0.5756274765638224,1,0,none
2025-01-01 00:18:56.200000048,0.0,0.0,0.0,0.0451338938574962,0.0,17.441566971160714,-3.5197549154633623,0.6499132353597942,1,0,none
2025-01-01 00:18:56.299999952,0.0,0.0,0.0,0.0070822372753845,0.0,17.429246681707106,-3.238116145914649,0.0014835912488722,1,0,none
2025-01-01 00:18:56.400000095,0.0,0.0,0.0,0.1534987056716483,0.0,24.9320013388828,-11.876742022787486,0.6154735987089247,1,0,none
2025-01-01 00:18:56.500000000,0.0,0.0,0.0,0.0211477964884374,0.0,17.594744316321126,-3.5281888362536358,0.7162138881564836,1,0,none
2025-01-01 00:18:56.599999905,0.0,0.0,0.0,0.1116485689599216,0.0,21.26402214221589,-4.652537319460426,0.5890034550004892,1,0,none
2025-01-01 00:18:56.700000048,0.0,0.0,0.0,0.0372992567656197,0.0,23.915531884680814,-5.848680050298035,0.6319204767067969,1,0,none
2025-01-01 00:18:56.799999952,0.0,0.0,0.0,0.1484135854330062,0.0,23.313097170611684,-6.071219189464981,0.5997171860910764,1,0,none
2025-01-01 00:18:56.900000095,0.0,0.0,0.0,0.0595335527676564,0.0,17.27612043586592,-2.374810634108804,0.0307518813880522,1,0,none
2025-01-01 00:18:57.000000000,0.0,0.0,0.0,0.0158975380597887,0.0,24.77054523150757,-11.908806618745908,0.6274081845568598,1,0,none
2025-01-01 00:18:57.099999905,0.0,0.0,0.0,0.0873795625085735,0.0,13.361205179624791,-2.2754120540565497,0.6195917376732701,1,0,none
2025-01-01 00:18:57.200000048,0.0,0.0,0.0,2.2768234429278973,0.0,3.948816375728263,-2.6011016862718335,-10.964129359170833,1,1,cable_cut
2025-01-01 00:18:57.299999952,0.0,0.0,0.0,1.506327487359397,0.0,3.036811227103836,-1.544680984291304,-11.656069180890391,1,1,anchor_drag
2025-01-01 00:18:57.400000095,0.0,0.0,0.0,1.0062424416695988,0.0,3.725621106202612,-1.6341770008410788,-14.39159008923105,1,1,anchor_drag
2025-01-01 00:18:57.500000000,0.0,0.0,0.0,2.0047009222877685,0.0,4.156616526958247,-1.3755926947682833,-12.034246321229688,1,1,anchor_drag
2025-01-01 00:18:57.599999905,0.0,0.0,0.0,1.2890339315666195,0.0,4.0130799786521605,-1.498988986611337,-14.39997579829591,1,1,cable_cut
2025-01-01 00:18:57.700000048,0.0,0.0,0.0,0.0756201147472777,0.0,0.2927510674871453,-14.996625959606146,0.6047085618591463,1,0,none
2025-01-01 00:18:57.799999952,0.0,0.0,0.0,0.0628954085155587,0.0,22.175486047925933,-5.244436509503198,0.7249643879237844,1,0,none
2025-01-01 00:18:57.900000095,0.0,0.0,0.0,0.0927491357388159,0.0,21.917011994651777,-5.311139195505221,0.5613380710868794,1,0,none
2025-01-01 00:18:58.000000000,0.0,0.0,0.0,0.0400201203258218,0.0,22.04365427196532,-5.435860971701033,0.6472900486108614,1,0,none
2025-01-01 00:18:58.099999905,0.0,0.0,0.0,0.0315157232321964,0.0,24.991835760286644,-12.019606944352187,0.7073579409667874,1,0,none
2025-01-01 00:18:58.200000048,0.0,0.0,0.0,0.0588474700344918,0.0,25.471082727090888,-6.267106553954529,0.6820373190499327,1,0,none
2025-01-01 00:18:58.299999952,0.0,0.0,0.0,0.0239892887178149,0.0,25.373731804432968,-6.82862277088083,0.633726873412879,1,0,none
2025-01-01 00:18:58.400000095,0.0,0.0,0.0,0.0446457347315469,0.0,25.6390494413046,-6.981777303603531,0.7123298157144327,1,0,none
2025-01-01 00:18:58.500000000,0.0,0.0,0.0,0.0537064739737646,0.0,22.651804014090175,-5.666769275503883,0.6723430058198004,1,0,none
2025-01-01 00:18:58.599999905,0.0,0.0,0.0,0.0565798683727818,0.0,23.05529480355203,-5.865990758899374,0.0116330045987209,1,0,none
2025-01-01 00:18:58.700000048,0.0,0.0,0.0,0.0335805608257478,0.0,25.227191267132422,-11.752103041317111,0.661278100855121,1,0,none
2025-01-01 00:18:58.799999952,0.0,0.0,0.0,0.0624242650657772,0.0,23.18153990472769,-5.7216760608844845,0.6732619108607247,1,0,none
2025-01-01 00:18:58.900000095,0.0,0.0,0.0,0.0472726844852551,0.0,25.51591518607685,-6.272555653878437,0.6752846250648726,1,0,none
2025-01-01 00:18:59.000000000,0.0,0.0,0.0,0.0154409024074708,0.0,24.88580434896696,-6.955669901164128,0.7597986526447978,1,0,none
2025-01-01 00:18:59.099999905,0.0,0.0,0.0,2.481873205041742,0.0,2.076688501426246,-2.9081887263443864,-10.944775838744285,1,1,cable_cut
2025-01-01 00:18:59.200000048,0.0,0.0,0.0,2.3826380822364555,0.0,3.8414708807630733,-2.4041091609575376,-11.282034029735547,1,1,cable_cut
2025-01-01 00:18:59.299999952,0.0,0.0,0.0,1.1585833758264168,0.0,3.826162853748689,-2.6310153524610658,-13.434302791917254,1,1,anchor_drag
2025-01-01 00:18:59.400000095,0.0,0.0,0.0,1.121035365687994,0.0,4.839050262946701,-2.1305276487189397,-10.497740368729595,1,1,cable_cut
2025-01-01 00:18:59.500000000,0.0,0.0,0.0,0.101509516122606,0.0,-0.2073163132181688,-15.11376788652301,0.743144344977241,1,0,none
2025-01-01 00:18:59.599999905,0.0,0.0,0.0,0.0325936139006694,0.0,0.0355050603370308,-14.9261944587927,0.6992242501217328,1,0,none
2025-01-01 00:18:59.700000048,0.0,0.0,0.0,0.053792611444786,0.0,24.15899187017029,-6.3918511023621605,-0.0271833871937663,1,0,none
2025-01-01 00:18:59.799999952,0.0,0.0,0.0,0.0278551787138133,0.0,24.988559629352608,-11.886685041980163,0.6515020682260643,1,0,none
2025-01-01 00:18:59.900000095,0.0,0.0,0.0,0.0867124893320372,0.0,24.136839517894103,-6.306781462742217,0.5851780812207503,1,0,none
2025-01-01 00:19:00.000000000,0.0,0.0,0.0,0.058096829403794,0.0,24.15225515853868,-6.346767904973964,0.6015440327850847,1,0,none
2025-01-01 00:19:00.099999905,0.0,0.0,0.0,0.0179166528086441,0.0,25.785081711889777,-6.706084900440175,0.657472057630686,1,0,none
2025-01-01 00:19:00.200000048,0.0,0.0,0.0,0.1087182994987435,0.0,25.60830448378,-6.758493808591779,0.6002772698589773,1,0,none
2025-01-01 00:19:00.299999952,0.0,0.0,0.0,0.0834351260656102,0.0,25.475919882065792,-6.901491956559251,0.5727700105310791,1,0,none
2025-01-01 00:19:00.400000095,0.0,0.0,0.0,0.0533321369519568,0.0,25.41402023217215,-4.084892155547927,0.6494920382368946,1,0,none
2025-01-01 00:19:00.500000000,0.0,0.0,0.0,0.0572212555646693,0.0,19.37133078857741,-4.3992343126909335,0.6208874956673338,1,0,none
2025-01-01 00:19:00.599999905,0.0,0.0,0.0,0.0715131241383453,0.0,18.9688146149624,-4.217318024040167,0.546622481415448,1,0,none
2025-01-01 00:19:00.700000048,0.0,0.0,0.0,0.2604276076712888,0.0,19.556192028805118,-3.340842548942645,0.5962426516916105,1,0,none
2025-01-01 00:19:00.799999952,0.0,0.0,0.0,0.2503808433684852,0.0,24.905619565767385,-12.14872246641284,0.5714994250712873,1,0,none
2025-01-01 00:19:00.900000095,0.0,0.0,0.0,0.0807417387091146,0.0,16.959055687138967,-3.17279554560176,0.5455867428279236,1,0,none
2025-01-01 00:19:01.000000000,0.0,0.0,0.0,2.2743381486552967,0.0,2.4498233598152543,-1.6861393789360424,-11.390600954521233,1,1,cable_cut
2025-01-01 00:19:01.099999905,0.0,0.0,0.0,1.539770582222814,0.0,3.4185814974932605,-1.6831196476406445,-11.115977201149652,1,1,cable_cut
2025-01-01 00:19:01.200000048,0.0,0.0,0.0,2.1134095292278596,0.0,4.967046271694467,-2.846582194803588,-10.033039807741355,1,1,overheating
2025-01-01 00:19:01.299999952,0.0,0.0,0.0,0.0118797996373017,0.0,0.0745635315356961,-14.852396349060632,-0.0132723189112751,1,0,none
2025-01-01 00:19:01.400000095,0.0,0.0,0.0,0.1015868629712422,0.0,25.010318138592275,-11.972231280946652,0.6155797091924625,1,0,none
2025-01-01 00:19:01.500000000,0.0,0.0,0.0,0.0699851702863302,0.0,-0.1926697435331968,-3.5787743899134528,0.5681083924603515,1,0,none
2025-01-01 00:19:01.599999905,0.0,0.0,0.0,0.0682817448276697,0.0,16.589628332354255,-2.954989018522724,0.6455488082507084,1,0,none
2025-01-01 00:19:01.700000048,0.0,0.0,0.0,0.1043051604057017,0.0,16.546622162639142,-3.1198965692174627,0.643464983663373,1,0,none
2025-01-01 00:19:01.799999952,0.0,0.0,0.0,0.0562074945571758,0.0,16.409295130100475,-3.2244367563569853,0.5954629005343628,1,0,none
2025-01-01 00:19:01.900000095,0.0,0.0,0.0,0.116491699432092,0.0,25.25248967672952,-11.906098844412789,0.66961856577375,1,0,none
2025-01-01 00:19:02.000000000,0.0,0.0,0.0,0.0684029887443238,0.0,23.655265168859028,-5.922632906406598,0.5886270643393853,1,0,none
2025-01-01 00:19:02.099999905,0.0,0.0,0.0,0.0815780895879277,0.0,23.782985416199597,-6.143661439630876,0.6046878563549083,1,0,none
2025-01-01 00:19:02.200000048,0.0,0.0,0.0,0.0695363053048133,0.0,23.63043944801226,-5.866901576185281,0.6130186059608743,1,0,none
2025-01-01 00:19:02.299999952,0.0,0.0,0.0,0.0347419808723132,0.0,15.297394796258567,-2.0701918857172146,0.6033858335435018,1,0,none
2025-01-01 00:19:02.400000095,0.0,0.0,0.0,0.1116128587107856,0.0,13.453955240733409,-2.035469778059134,0.7027577278670792,1,0,none
2025-01-01 00:19:02.500000000,0.0,0.0,0.0,0.1237780039820456,0.0,24.88898901622954,-12.051668605537149,0.5460744147619122,1,0,none
2025-01-01 00:19:02.599999905,0.0,0.0,0.0,0.0256636040018946,0.0,12.90366563332326,-1.9777896516519529,0.6615384269332304,1,0,none
2025-01-01 00:19:02.700000048,0.0,0.0,0.0,0.0359225399388149,0.0,16.62293341010831,-3.01786103206576,0.6971548518460797,1,0,none
2025-01-01 00:19:02.799999952,0.0,0.0,0.0,1.4653375931319825,0.0,4.984351896535854,-2.382572280344184,-13.48100952007252,1,1,cable_cut
2025-01-01 00:19:02.900000095,0.0,0.0,0.0,0.139135889437684,0.0,25.169102096281048,-12.073316319253276,0.7477294920255168,1,0,none
2025-01-01 00:19:03.000000000,0.0,0.0,0.0,2.499855118630063,0.0,3.6162416133573587,-2.5301218586546383,-11.79959731324364,1,1,overheating
2025-01-01 00:19:03.099999905,0.0,0.0,0.0,2.2226731385287115,0.0,4.382234044942677,-1.3940377662014565,-13.874607616430762,1,1,cable_cut
2025-01-01 00:19:03.200000048,0.0,0.0,0.0,2.0258045025026052,0.0,4.499557330164559,-2.997137485670507,-11.768313846333365,1,1,cable_cut
2025-01-01 00:19:03.299999952,0.0,0.0,0.0,1.4526886508728472,0.0,3.609402336080855,-2.201287492366329,-13.455544095951398,1,1,cable_cut
2025-01-01 00:19:03.400000095,0.0,0.0,0.0,0.0653821467080028,0.0,-0.503850837874021,-15.027830000892353,-0.033931030876844,1,0,none
2025-01-01 00:19:03.500000000,0.0,0.0,0.0,0.0901912610090543,0.0,24.6375089453022,-11.901492040459749,0.6555791962890871,1,0,none
2025-01-01 00:19:03.599999905,0.0,0.0,0.0,0.0413233931709855,0.0,13.743850335640843,-2.1916690851990626,0.5778233941677029,1,0,none
2025-01-01 00:19:03.700000048,0.0,0.0,0.0,0.071590732906416,0.0,14.282879196362067,-2.122524151441578,0.6740527862070897,1,0,none
2025-01-01 00:19:03.799999952,0.0,0.0,0.0,0.006406428500681,0.0,14.01136202904102,-2.2551845201734624,0.648685189956718,1,0,none
2025-01-01 00:19:03.900000095,0.0,0.0,0.0,0.0141322832299837,0.0,24.105469299141134,-6.46750810099609,0.5807782198046831,1,0,none
2025-01-01 00:19:04.000000000,0.0,0.0,0.0,0.0949079384484999,0.0,23.99414088315987,-6.156021612629743,0.6032963089120297,1,0,none
2025-01-01 00:19:04.099999905,0.0,0.0,0.0,0.0277635988658164,0.0,24.08591133203866,-3.524253934237695,0.7341133904847746,1,0,none
2025-01-01 00:19:04.200000048,0.0,0.0,0.0,0.0197791966094957,0.0,15.336804975988194,-2.400908004305835,0.6351390181402498,1,0,none
2025-01-01 00:19:04.299999952,0.0,0.0,0.0,0.0801255646113994,0.0,15.82821281364124,-2.728280912245484,0.765022498835913,1,0,none
2025-01-01 00:19:04.400000095,0.0,0.0,0.0,0.0519739542520276,0.0,15.28439184446665,-2.761709348325124,-0.0721963264937518,1,0,none
2025-01-01 00:19:04.500000000,0.0,0.0,0.0,0.0293114505461146,0.0,25.177916215084903,-12.170143517916143,0.6875370896331922,1,0,none
2025-01-01 00:19:04.599999905,0.0,0.0,0.0,0.0483873202339242,0.0,24.883447879864345,-6.393458355413467,0.5232831904096442,1,0,none
2025-01-01 00:19:04.700000048,0.0,0.0,0.0,0.0196327391211109,0.0,25.247667122460868,-6.416472346338809,0.6499882257542609,1,0,none
2025-01-01 00:19:04.799999952,0.0,0.0,0.0,1.3680189742843574,0.0,2.638942081839075,-2.0750151846722513,-11.247287487812425,1,1,cable_cut
2025-01-01 00:19:04.900000095,0.0,0.0,0.0,2.4661393076407956,0.0,4.330921147423658,-1.2653519219665665,-12.944942904998516,1,1,cable_cut
2025-01-01 00:19:05.000000000,0.0,0.0,0.0,1.6368600435660108,0.0,3.7275904267480153,-2.2420834569227805,-13.952324383606864,1,1,cable_cut
2025-01-01 00:19:05.099999905,0.0,0.0,0.0,0.0846567751587375,0.0,-0.2566583063821871,-15.052204057634532,0.6769545210988368,1,0,none
2025-01-01 00:19:05.200000048,0.0,0.0,0.0,0.0185716945359339,0.0,-0.5438183895219428,-2.137214937926186,0.5983142619977653,1,0,none
2025-01-01 00:19:05.299999952,0.0,0.0,0.0,0.0048080368152528,0.0,12.590240017137177,-1.946378487850772,0.6167951374443802,1,0,none
2025-01-01 00:19:05.400000095,0.0,0.0,0.0,0.0494271307202166,0.0,13.732376753579604,-2.1555694031007477,0.7283338890321683,1,0,none
2025-01-01 00:19:05.500000000,0.0,0.0,0.0,0.1115564371039078,0.0,25.18285296886373,-12.013119699624848,0.4931805324633834,1,0,none
2025-01-01 00:19:05.599999905,0.0,0.0,0.0,0.067721225619159,0.0,13.575186390581726,-2.194811420237641,0.728485979371043,1,0,none
2025-01-01 00:19:05.700000048,0.0,0.0,0.0,0.0284438917804561,0.0,22.1487295320055,-5.505668008136945,0.6524008908579039,1,0,none
2025-01-01 00:19:05.799999952,0.0,0.0,0.0,0.0338246729815519,0.0,21.677447051697456,-5.501753714972171,0.6793659189329314,1,0,none
2025-01-01 00:19:05.900000095,0.0,0.0,0.0,0.0615882937000393,0.0,21.785468640997784,-5.419655555458587,0.67723556208823,1,0,none
2025-01-01 00:19:06.000000000,0.0,0.0,0.0,0.0567705786076428,0.0,20.27653085407209,-4.6799156039498255,-0.0483970107136491,1,0,none
2025-01-01 00:19:06.099999905,0.0,0.0,0.0,0.0687682674479169,0.0,25.13125186104191,-11.983541686149447,0.6858063623835801,1,0,none
2025-01-01 00:19:06.200000048,0.0,0.0,0.0,0.0709969320744736,0.0,20.0267973952875,-4.7658289587729845,0.6501707121774661,1,0,none
2025-01-01 00:19:06.299999952,0.0,0.0,0.0,0.0035170709783862,0.0,19.54700204882624,-4.654081119891857,0.5979549067763555,1,0,none
2025-01-01 00:19:06.400000095,0.0,0.0,0.0,0.0107425254037026,0.0,22.68632835621662,-5.2566440920833735,0.6724425415670753,1,0,none
2025-01-01 00:19:06.500000000,0.0,0.0,0.0,0.0733550855312576,0.0,21.85765509829716,-5.522919472806125,0.5988516057565967,1,0,none
2025-01-01 00:19:06.599999905,0.0,0.0,0.0,1.0813063881554712,0.0,2.91462773898092,-1.9045516686674542,-10.030082152560329,1,1,cable_cut
2025-01-01 00:19:06.700000048,0.0,0.0,0.0,1.0979100306250402,0.0,2.1456672475099254,-2.829833730397046,-13.181673115471753,1,1,cable_cut
2025-01-01 00:19:06.799999952,0.0,0.0,0.0,1.8168721855397942,0.0,2.80445309190807,-1.2409435492095664,-12.1254432738995,1,1,cable_cut
2025-01-01 00:19:06.900000095,0.0,0.0,0.0,2.3119903801479493,0.0,3.0252487619789585,-2.743464525588078,-14.508254545306764,1,1,cable_cut
2025-01-01 00:19:07.000000000,0.0,0.0,0.0,2.060889280079963,0.0,3.758468197056694,-2.4031434213229113,-12.976136213993952,1,1,anchor_drag
2025-01-01 00:19:07.099999905,0.0,0.0,0.0,0.0396851277387992,0.0,-0.0373645439059271,-5.042200221393863,0.6625329349939979,1,0,none
2025-01-01 00:19:07.200000048,0.0,0.0,0.0,0.0957766393355252,0.0,24.651186868201677,-11.971286105683316,0.5373790139129815,1,0,none
2025-01-01 00:19:07.299999952,0.0,0.0,0.0,0.0808781480429989,0.0,20.15150686165641,-4.569110502679428,0.7367842340712759,1,0,none
2025-01-01 00:19:07.400000095,0.0,0.0,0.0,0.0746567224108277,0.0,19.960679465577027,-4.5990228437480924,0.5714758549563297,1,0,none
2025-01-01 00:19:07.500000000,0.0,0.0,0.0,0.0141684304484743,0.0,20.52716968117406,-4.585966636082431,0.5396347029129663,1,0,none
2025-01-01 00:19:07.599999905,0.0,0.0,0.0,0.0372899125329985,0.0,20.55133571942127,-4.607482372724002,0.5527807242750865,1,0,none
2025-01-01 00:19:07.700000048,0.0,0.0,0.0,0.0941887140943951,0.0,20.13225750012924,-4.752374071734775,0.7953107934602801,1,0,none
2025-01-01 00:19:07.799999952,0.0,0.0,0.0,0.0730176251989982,0.0,24.616379243554224,-12.117076430326314,0.5202903864730573,1,0,none
2025-01-01 00:19:07.900000095,0.0,0.0,0.0,0.0368074474428816,0.0,19.732232320968016,-4.685074727516263,0.6420456667815694,1,0,none
2025-01-01 00:19:08.000000000,0.0,0.0,0.0,0.0044843196146295,0.0,22.904536978475363,-6.160888816430844,0.6881416320837243,1,0,none
2025-01-01 00:19:08.099999905,0.0,0.0,0.0,0.0312902113288482,0.0,24.400896890796385,-6.33321817364121,0.6170957686021045,1,0,none
2025-01-01 00:19:08.200000048,0.0,0.0,0.0,0.0249059880428144,0.0,24.187613154202182,-6.285096920772612,0.6352073302254028,1,0,none
2025-01-01 00:19:08.299999952,0.0,0.0,0.0,0.0717009660032178,0.0,21.85594912473783,-4.95121796443811,0.6517607573804848,1,0,none
2025-01-01 00:19:08.400000095,0.0,0.0,0.0,1.9276560924957977,0.0,4.0551605009466964,-1.544908767598662,-14.359855710755191,1,1,overheating
2025-01-01 00:19:08.500000000,0.0,0.0,0.0,1.5668212825031573,0.0,4.375801900411816,-1.0877507044629915,-14.135957576474787,1,1,anchor_drag
2025-01-01 00:19:08.599999905,0.0,0.0,0.0,1.690730903558763,0.0,2.5085274821109778,-2.036157438169964,-11.960084269670842,1,1,cable_cut
2025-01-01 00:19:08.700000048,0.0,0.0,0.0,2.352228062095641,0.0,3.3066051667964067,-1.7205723711189995,-12.151805797154276,1,1,overheating
2025-01-01 00:19:08.799999952,0.0,0.0,0.0,2.087203357824233,0.0,3.5899609661699627,-2.5397644892146385,-12.561625980132783,1,1,overheating
2025-01-01 00:19:08.900000095,0.0,0.0,0.0,1.1963040865352648,0.0,3.173928893264664,-1.8080403370157407,-13.144595732341593,1,1,cable_cut
2025-01-01 00:19:09.000000000,0.0,0.0,0.0,0.0856721822948152,0.0,-0.2441440925786788,-3.4373991870624305,0.6589791574692824,1,0,none
2025-01-01 00:19:09.099999905,0.0,0.0,0.0,0.0065082946129773,0.0,16.654140442549362,-3.042856226640753,0.6713857959375042,1,0,none
2025-01-01 00:19:09.200000048,0.0,0.0,0.0,0.0971941568312369,0.0,16.6679628252793,-3.1044759702537434,0.6600017081065086,1,0,none
2025-01-01 00:19:09.299999952,0.0,0.0,0.0,0.0465987499322029,0.0,16.88937495169823,-3.2299626359775733,0.7634146609478267,1,0,none
2025-01-01 00:19:09.400000095,0.0,0.0,0.0,0.0894081989632731,0.0,25.378773222089244,-12.04179921902037,0.5217845052929915,1,0,none
2025-01-01 00:19:09.500000000,0.0,0.0,0.0,0.0824672189143343,0.0,24.182749109361524,-6.330698590775566,0.6750091710767462,1,0,none
2025-01-01 00:19:09.599999905,0.0,0.0,0.0,0.0217505221723521,0.0,24.057354577643167,-6.465887743861615,0.6926583409842094,1,0,none
2025-01-01 00:19:09.700000048,0.0,0.0,0.0,0.0399365676040742,0.0,24.10085006915229,-6.2571303781603,0.6528248170709242,1,0,none
2025-01-01 00:19:09.799999952,0.0,0.0,0.0,0.0270578560208179,0.0,24.727681033260268,-6.688245106523163,0.7745624165003633,1,0,none
2025-01-01 00:19:09.900000095,0.0,0.0,0.0,0.2392205217820242,0.0,24.96978999370292,-6.741341989124958,0.621812945616431,1,0,none
2025-01-01 00:19:10.000000000,0.0,0.0,0.0,0.2810923565408806,0.0,25.16608822280747,-11.900884682462348,0.6081480835428174,1,0,none
2025-01-01 00:19:10.099999905,0.0,0.0,0.0,0.0853672061799286,0.0,25.12609294524556,-5.418379681444272,0.5662823518841342,1,0,none
2025-01-01 00:19:10.200000048,0.0,0.0,0.0,0.004842562546669,0.0,17.677540357343506,-3.4214513441594248,0.6689922961978445,1,0,none
2025-01-01 00:19:10.299999952,0.0,0.0,0.0,0.0605904030292953,0.0,17.77778511343085,-3.357201380677081,0.545926228597891,1,0,none
2025-01-01 00:19:10.400000095,0.0,0.0,0.0,1.0245933374045362,0.0,3.1512759823723475,-1.099077462712056,-12.286311739370037,1,1,cable_cut
2025-01-01 00:19:10.500000000,0.0,0.0,0.0,1.4838872688719897,0.0,3.628079992012084,-1.4854352263690218,-11.273726052912918,1,1,cable_cut
2025-01-01 00:19:10.599999905,0.0,0.0,0.0,1.9701561287780582,0.0,4.31454918597261,-2.196840813982554,-14.572857227082116,1,1,anchor_drag
2025-01-01 00:19:10.700000048,0.0,0.0,0.0,1.949604049894988,0.0,3.95499802802847,-2.785185597230303,-13.512141724149158,1,1,cable_cut
2025-01-01 00:19:10.799999952,0.0,0.0,0.0,2.2568969727484203,0.0,3.572668195858844,-1.564212365964621,-11.261800541852324,1,1,cable_cut
2025-01-01 00:19:10.900000095,0.0,0.0,0.0,0.0213069693642652,0.0,0.3184527471527532,-6.60538563797065,0.6409554772536957,1,0,none
2025-01-01 00:19:11.000000000,0.0,0.0,0.0,0.0130530484370236,0.0,23.9025247909829,-6.025112807517188,0.7378879920469247,1,0,none
2025-01-01 00:19:11.099999905,0.0,0.0,0.0,0.0636568459620457,0.0,25.028220952357454,-11.97914069925117,0.6243724694159263,1,0,none
2025-01-01 00:19:11.200000048,0.0,0.0,0.0,0.0578297132527543,0.0,23.19949255080273,-6.094102552165367,0.6842955559834484,1,0,none
2025-01-01 00:19:11.299999952,0.0,0.0,0.0,0.0980458606213958,0.0,23.18164146864036,-5.512351398310401,0.6337711630107679,1,0,none
2025-01-01 00:19:11.400000095,0.0,0.0,0.0,0.109677454978851,0.0,21.787988837743672,-5.577179119904657,0.7548505955606808,1,0,none
2025-01-01 00:19:11.500000000,0.0,0.0,0.0,0.0751501012608914,0.0,22.359903762674755,-5.548888478025328,0.6495830587428004,1,0,none
2025-01-01 00:19:11.599999905,0.0,0.0,0.0,0.0454070850771744,0.0,21.70704652959078,-4.55008785285464,-0.0484481027656774,1,0,none
2025-01-01 00:19:11.700000048,0.0,0.0,0.0,0.0215697693850575,0.0,25.235537975638017,-11.879831999557055,0.6378256869995922,1,0,none
2025-01-01 00:19:11.799999952,0.0,0.0,0.0,0.0049733139184136,0.0,15.95318542015568,-2.65246849977435,0.6517756272432658,1,0,none
2025-01-01 00:19:11.900000095,0.0,0.0,0.0,0.0431859992502177,0.0,15.514894133721848,-2.8409797589375647,0.5906187640469326,1,0,none
2025-01-01 00:19:12.000000000,0.0,0.0,0.0,0.0113225735589861,0.0,15.994903451255857,-2.716525410147731,0.5723745544596981,1,0,none
2025-01-01 00:19:12.099999905,0.0,0.0,0.0,0.0084443420354677,0.0,17.527401776655847,-3.61498455413946,0.6293229545021221,1,0,none
2025-01-01 00:19:12.200000048,0.0,0.0,0.0,0.0930460112901709,0.0,17.933174916378547,-4.059045085092071,0.6069889114346982,1,0,none
2025-01-01 00:19:12.299999952,0.0,0.0,0.0,1.3840496677289336,0.0,3.710968312192626,-1.6127660762916207,-10.015625629225013,1,1,cable_cut
2025-01-01 00:19:12.400000095,0.0,0.0,0.0,1.1751226504449788,0.0,3.0312828890957144,-2.1525093154262374,-10.353538151534707,1,1,cable_cut
2025-01-01 00:19:12.500000000,0.0,0.0,0.0,1.802422075323097,0.0,4.339726050066178,-1.1712275475895382,-13.0740587273533,1,1,anchor_drag
2025-01-01 00:19:12.599999905,0.0,0.0,0.0,0.0886613914053603,0.0,0.0870113409161705,-15.11469412457798,0.7712969055474295,1,0,none
2025-01-01 00:19:12.700000048,0.0,0.0,0.0,0.101366692832129,0.0,25.118197171652504,-11.978084013604953,0.6133564071362371,1,0,none
2025-01-01 00:19:12.799999952,0.0,0.0,0.0,0.0017893849921525,0.0,0.1788244482397461,-6.484936703122685,0.5803097777050176,1,0,none
2025-01-01 00:19:12.900000095,0.0,0.0,0.0,0.054565555989849,0.0,24.014968629256305,-6.2114624997757,0.5988610879506124,1,0,none
2025-01-01 00:19:13.000000000,0.0,0.0,0.0,0.1663971382768992,0.0,23.8345471799578,-6.257318408860916,0.6244415691360234,1,0,none
2025-01-01 00:19:13.099999905,0.0,0.0,0.0,0.0469137863188073,0.0,24.21889590460236,-3.531803439034015,0.6267800983952517,1,0,none
2025-01-01 00:19:13.200000048,0.0,0.0,0.0,0.0188675680614486,0.0,16.310930377906068,-3.176530195346327,-0.002609875273143,1,0,none
2025-01-01 00:19:13.299999952,0.0,0.0,0.0,0.0316435390633182,0.0,24.528857486389608,-12.043909579687002,0.6094611410606161,1,0,none
2025-01-01 00:19:13.400000095,0.0,0.0,0.0,0.0860637143144297,0.0,16.791403285362446,-3.049417786974057,0.633696983877399,1,0,none
2025-01-01 00:19:13.500000000,0.0,0.0,0.0,0.0215064751719897,0.0,16.81853057195069,-3.1850417037603798,0.6692129068410815,1,0,none
2025-01-01 00:19:13.599999905,0.0,0.0,0.0,0.003496816463799,0.0,25.9671482669096,-6.977260965176254,0.7066971276819587,1,0,none
2025-01-01 00:19:13.700000048,0.0,0.0,0.0,0.078824089010753,0.0,25.556102316442416,-6.774712937572812,0.6009523635155787,1,0,none
2025-01-01 00:19:13.799999952,0.0,0.0,0.0,0.0510040844425258,0.0,26.087779628791868,-6.936247979287727,0.7469199672585327,1,0,none
2025-01-01 00:19:13.900000095,0.0,0.0,0.0,0.0293788585537327,0.0,19.31096046700857,-2.544926669265759,0.7230345717870158,1,0,none
2025-01-01 00:19:14.000000000,0.0,0.0,0.0,2.2767874587571026,0.0,3.5099180125074403,-2.7610571942403355,-12.206804668753836,1,1,cable_cut
2025-01-01 00:19:14.099999905,0.0,0.0,0.0,1.3862007195878654,0.0,3.7937946546970824,-2.4886409195458503,-14.0266197573022,1,1,cable_cut
2025-01-01 00:19:14.200000048,0.0,0.0,0.0,1.5885334773185105,0.0,3.592624411166348,-1.618100971554522,-14.316797983636024,1,1,overheating
2025-01-01 00:19:14.299999952,0.0,0.0,0.0,2.282723497785259,0.0,2.7994015907636918,-2.9740286705863417,-12.327181917877642,1,1,cable_cut
2025-01-01 00:19:14.400000095,0.0,0.0,0.0,1.096265071870427,0.0,2.018834889971065,-1.3578602079158273,-11.114129827125838,1,1,cable_cut
2025-01-01 00:19:14.500000000,0.0,0.0,0.0,1.7899088564317807,0.0,2.5945199195496333,-2.734298921985734,-12.800698573561087,1,1,cable_cut
2025-01-01 00:19:14.599999905,0.0,0.0,0.0,0.0658479169394949,0.0,0.067057128762461,-3.927179515705782,0.574852859845496,1,0,none
2025-01-01 00:19:14.700000048,0.0,0.0,0.0,0.0385919136020625,0.0,16.854806282159775,-3.266204431812429,0.6310900661156685,1,0,none
2025-01-01 00:19:14.799999952,0.0,0.0,0.0,0.0052406252575263,0.0,17.735577989694416,-3.5483918229411557,0.0149915232063871,1,0,none
2025-01-01 00:19:14.900000095,0.0,0.0,0.0,0.1045548756222188,0.0,24.71574077770837,-12.087812453476372,0.6350419919340553,1,0,none
2025-01-01 00:19:15.000000000,0.0,0.0,0.0,0.0486937716875409,0.0,17.675917463073176,-2.418314117744673,0.6243784323909101,1,0,none
2025-01-01 00:19:15.099999905,0.0,0.0,0.0,0.0012114933406863,0.0,13.772927135567905,-2.093563208418903,0.6316577264085808,1,0,none
2025-01-01 00:19:15.200000048,0.0,0.0,0.0,0.0431306474899684,0.0,14.152803295559313,-1.981732977674978,0.7118161904424944,1,0,none
2025-01-01 00:19:15.299999952,0.0,0.0,0.0,0.0346495390821984,0.0,14.14043058446003,-2.27859082298487,0.6560025933819542,1,0,none
2025-01-01 00:19:15.400000095,0.0,0.0,0.0,0.1607979418790042,0.0,20.22904289229461,-4.658389737715159,0.746125439830241,1,0,none
2025-01-01 00:19:15.500000000,0.0,0.0,0.0,0.0561067142740247,0.0,25.15256059528814,-12.01870116990892,0.5595394968343395,1,0,none
2025-01-01 00:19:15.599999905,0.0,0.0,0.0,0.0551585813090772,0.0,20.22678858515777,-4.760871422615943,0.5442205650765961,1,0,none
2025-01-01 00:19:15.700000048,0.0,0.0,0.0,0.0383061559440925,0.0,19.49585257311568,-4.577680236785778,0.5343058764765245,1,0,none
2025-01-01 00:19:15.799999952,0.0,0.0,0.0,0.0102925916975066,0.0,20.935499065669458,-5.015742198465197,0.7291404995104258,1,0,none
2025-01-01 00:19:15.900000095,0.0,0.0,0.0,0.0357759349404089,0.0,20.465180747178437,-5.019971230587116,0.5984088862384389,1,0,none
2025-01-01 00:19:16.000000000,0.0,0.0,0.0,1.4971805423514752,0.0,3.985593930000691,-1.6880424980268542,-14.633472880826236,1,1,cable_cut
2025-01-01 00:19:16.099999905,0.0,0.0,0.0,2.154622725529749,0.0,4.136281562515837,-2.9275814847730555,-11.25092289591694,1,1,cable_cut
2025-01-01 00:19:16.200000048,0.0,0.0,0.0,1.5057621683371503,0.0,2.654605643608061,-2.1262461273694777,-14.902825980492825,1,1,cable_cut
2025-01-01 00:19:16.299999952,0.0,0.0,0.0,0.1893633956328616,0.0,0.4814803505261705,-14.913623361463555,0.6838431068667207,1,0,none
2025-01-01 00:19:16.400000095,0.0,0.0,0.0,0.0698523786226608,0.0,0.3208342164372569,-6.714874812379668,0.7387209266440002,1,0,none
2025-01-01 00:19:16.500000000,0.0,0.0,0.0,0.0232169009000783,0.0,24.198757224516758,-6.172077647449916,0.7250368191328971,1,0,none
2025-01-01 00:19:16.599999905,0.0,0.0,0.0,0.0835164070775426,0.0,24.355430595074708,-6.293836830626272,0.5844533387680589,1,0,none
2025-01-01 00:19:16.700000048,0.0,0.0,0.0,0.0196292253379834,0.0,22.425625192277096,-5.048046502022918,0.6734367286710895,1,0,none
2025-01-01 00:19:16.799999952,0.0,0.0,0.0,0.0055843104077612,0.0,20.370962912793857,-4.712442571158638,0.6057954540894601,1,0,none
2025-01-01 00:19:16.900000095,0.0,0.0,0.0,0.0402755148493027,0.0,19.99718369003536,-4.6164814444750375,0.6931245627784611,1,0,none
2025-01-01 00:19:17.000000000,0.0,0.0,0.0,0.0758114694072138,0.0,25.298122078860388,-11.979913640200962,0.5786338730357653,1,0,none
2025-01-01 00:19:17.099999905,0.0,0.0,0.0,0.0279877262688492,0.0,20.02407394769577,-4.821521162224954,0.5653463573084295,1,0,none
2025-01-01 00:19:17.200000048,0.0,0.0,0.0,0.0180905934211343,0.0,24.77404590125063,-6.59323856681316,0.6484219143683856,1,0,none
2025-01-01 00:19:17.299999952,0.0,0.0,0.0,0.053342300232318,0.0,24.60651390554545,-6.44991166704833,0.6022009041944377,1,0,none
2025-01-01 00:19:17.400000095,0.0,0.0,0.0,0.0168721245404941,0.0,24.722655951022315,-6.603852040551425,0.6963906839286018,1,0,none
2025-01-01 00:19:17.500000000,0.0,0.0,0.0,0.0690139579769015,0.0,22.898604704848943,-5.675000709146102,-0.014053912176006,1,0,none
2025-01-01 00:19:17.599999905,0.0,0.0,0.0,0.1002942725799457,0.0,24.83879122320598,-11.981786376257034,0.6654295109474937,1,0,none
2025-01-01 00:19:17.700000048,0.0,0.0,0.0,1.421746899459921,0.0,3.2902009313981093,-1.8500405774794308,-11.834545103108145,1,1,anchor_drag
2025-01-01 00:19:17.799999952,0.0,0.0,0.0,1.7612121307374238,0.0,4.142666126694072,-2.342615175282103,-12.234112276874992,1,1,cable_cut
2025-01-01 00:19:17.900000095,0.0,0.0,0.0,1.7940064686660402,0.0,3.323968527128306,-2.322673769629078,-10.38410200700909,1,1,cable_cut
2025-01-01 00:19:18.000000000,0.0,0.0,0.0,2.424464203871933,0.0,2.114389566827643,-2.9379902405022342,-14.224516861314992,1,1,overheating
2025-01-01 00:19:18.099999905,0.0,0.0,0.0,2.0982402988010738,0.0,3.673855326883126,-1.5746487850959798,-14.112463150544164,1,1,cable_cut
2025-01-01 00:19:18.200000048,0.0,0.0,0.0,2.133807389676825,0.0,4.878240952729479,-1.3989896187704771,-14.806480139571306,1,1,cable_cut
2025-01-01 00:19:18.299999952,0.0,0.0,0.0,0.0133163651702015,0.0,20.239296168248,-4.688587444495435,0.6683576564520299,1,0,none
2025-01-01 00:19:18.400000095,0.0,0.0,0.0,0.0647570731089589,0.0,20.266619658195523,-4.658370019091712,0.629846681286537,1,0,none
2025-01-01 00:19:18.500000000,0.0,0.0,0.0,0.0414230115499571,0.0,20.52497853288829,-3.635012063859943,0.7151702335298628,1,0,none
2025-01-01 00:19:18.599999905,0.0,0.0,0.0,0.0872120356319268,0.0,24.818202986174526,-11.944052311976618,0.5665537945495246,1,0,none
2025-01-01 00:19:18.700000048,0.0,0.0,0.0,0.0736184160297402,0.0,16.217167427930857,-3.080740143550499,0.5515143817663122,1,0,none
2025-01-01 00:19:18.799999952,0.0,0.0,0.0,0.0362773256875035,0.0,16.407726783130876,-2.8973027057571925,0.6171812261322519,1,0,none
2025-01-01 00:19:18.900000095,0.0,0.0,0.0,0.0418279261163067,0.0,16.20967429813587,-2.713836765335412,0.6374236608998546,1,0,none
2025-01-01 00:19:19.000000000,0.0,0.0,0.0,0.0207179464220924,0.0,15.06934946121425,-2.3945196183890607,0.6479275429392554,1,0,none
2025-01-01 00:19:19.099999905,0.0,0.0,0.0,0.0790004135376649,0.0,14.451474609947075,-2.280955894604554,0.603781827996792,1,0,none
2025-01-01 00:19:19.200000048,0.0,0.0,0.0,0.0671991655430586,0.0,15.599904925475808,-2.4421518633998165,0.5865601043735554,1,0,none
2025-01-01 00:19:19.299999952,0.0,0.0,0.0,0.029175143069555,0.0,26.188778358472128,-6.6977768635940444,0.638273370374096,1,0,none
2025-01-01 00:19:19.400000095,0.0,0.0,0.0,0.1481079810862153,0.0,25.60377273088009,-6.890337497556466,0.7233683055545748,1,0,none
2025-01-01 00:19:19.500000000,0.0,0.0,0.0,1.1779956451762608,0.0,3.3675600866346436,-2.3073859970142276,-11.079103941247077,1,1,cable_cut
2025-01-01 00:19:19.599999905,0.0,0.0,0.0,2.184417491567285,0.0,4.660591612530766,-1.7071300371309077,-14.1247959042694,1,1,cable_cut
2025-01-01 00:19:19.700000048,0.0,0.0,0.0,1.304321473425335,0.0,4.7999467507732465,-2.0295248987019496,-13.723501542607686,1,1,overheating
2025-01-01 00:19:19.799999952,0.0,0.0,0.0,1.6963732024597464,0.0,4.788844311368265,-2.411687628097779,-13.200230092567619,1,1,anchor_drag
2025-01-01 00:19:19.900000095,0.0,0.0,0.0,1.0555161045989412,0.0,2.559070382660557,-2.7181112642412257,-14.940618325406854,1,1,overheating
2025-01-01 00:19:20.000000000,0.0,0.0,0.0,0.1203298091402055,0.0,14.143220013843468,-2.5049339350343147,0.7256409781829112,1,0,none
2025-01-01 00:19:20.099999905,0.0,0.0,0.0,0.1481410292815706,0.0,25.145886191422267,-12.28486854873843,0.5597495146049748,1,0,none
2025-01-01 00:19:20.200000048,0.0,0.0,0.0,0.026252012603597,0.0,14.368096752876866,-2.3281531619784337,0.5820448009904846,1,0,none
2025-01-01 00:19:20.299999952,0.0,0.0,0.0,0.0174599530335641,0.0,14.630496728469808,-2.908408139668905,0.5920598586814112,1,0,none
2025-01-01 00:19:20.400000095,0.0,0.0,0.0,0.0037505292149453,0.0,20.73671767012264,-5.054305564238384,0.6476789926072666,1,0,none
2025-01-01 00:19:20.500000000,0.0,0.0,0.0,0.0315898469375125,0.0,20.57667681952089,-4.918826776855365,0.6716720204084274,1,0,none
2025-01-01 00:19:20.599999905,0.0,0.0,0.0,0.0563171720080122,0.0,20.65869154947121,-3.886295629913969,-0.0161395100657693,1,0,none
2025-01-01 00:19:20.700000048,0.0,0.0,0.0,0.0116316206764177,0.0,25.067736410225656,-12.06236972171828,0.6215433217555973,1,0,none
2025-01-01 00:19:20.799999952,0.0,0.0,0.0,0.0300169638635961,0.0,16.115552708139354,-3.2137416921099504,0.658431928525554,1,0,none
2025-01-01 00:19:20.900000095,0.0,0.0,0.0,0.0600804537448496,0.0,16.275356498692926,-3.065501037459239,0.6163756557913033,1,0,none
2025-01-01 00:19:21.000000000,0.0,0.0,0.0,0.0266268730096784,0.0,16.698982014379343,-2.7213929774336982,0.6100336513352058,1,0,none
2025-01-01 00:19:21.099999905,0.0,0.0,0.0,1.0431960878454436,0.0,2.7002237156105786,-2.6103455003767007,-13.527555520220215,1,1,cable_cut
2025-01-01 00:19:21.200000048,0.0,0.0,0.0,1.8857297585196187,0.0,2.0555396273845874,-1.5881236361409972,-13.56372237558324,1,1,overheating
2025-01-01 00:19:21.299999952,0.0,0.0,0.0,1.9296948968066812,0.0,3.7580237391246154,-1.4459490509686104,-10.669528462621221,1,1,cable_cut
2025-01-01 00:19:21.400000095,0.0,0.0,0.0,1.2607419697722537,0.0,2.917739547194049,-1.632216489308215,-12.946678321782622,1,1,cable_cut
2025-01-01 00:19:21.500000000,0.0,0.0,0.0,1.4230200527600663,0.0,2.133106589396391,-2.8979874802176204,-14.429770617858715,1,1,cable_cut
2025-01-01 00:19:21.599999905,0.0,0.0,0.0,1.6014530238542442,0.0,2.360703053157061,-2.261402557146471,-13.783237317811222,1,1,cable_cut
2025-01-01 00:19:21.700000048,0.0,0.0,0.0,0.1290189490795441,0.0,25.27091745002108,-12.000485956935446,0.5408208855253421,1,0,none
2025-01-01 00:19:21.799999952,0.0,0.0,0.0,0.0826973339983902,0.0,0.0652420449042673,-2.367878506048252,0.6434214904217385,1,0,none
2025-01-01 00:19:21.900000095,0.0,0.0,0.0,0.022522466093106,0.0,13.172355715472962,-2.265337910018245,0.6301239241016516,1,0,none
2025-01-01 00:19:22.000000000,0.0,0.0,0.0,0.0848009821545393,0.0,12.805666862910712,-2.100661326215168,0.5693908824670662,1,0,none
2025-01-01 00:19:22.099999905,0.0,0.0,0.0,0.0237004616692286,0.0,15.597650065916376,-2.0274782324348597,0.5724013493875919,1,0,none
2025-01-01 00:19:22.200000048,0.0,0.0,0.0,0.0418191779619142,0.0,25.25005432471554,-6.655633294702936,0.7024424233452136,1,0,none
2025-01-01 00:19:22.299999952,0.0,0.0,0.0,0.0537546021559651,0.0,24.708643039258604,-11.903473595598449,0.6120876564029036,1,0,none
2025-01-01 00:19:22.400000095,0.0,0.0,0.0,0.1041704069600085,0.0,25.75319611431267,-6.653727948040978,0.7195790169196795,1,0,none
2025-01-01 00:19:22.500000000,0.0,0.0,0.0,0.0038025820464999,0.0,24.952506675911664,-3.099315395393856,0.613171353065269,1,0,none
2025-01-01 00:19:22.599999905,0.0,0.0,0.0,0.0326579501039933,0.0,15.37837838240852,-2.6243634972630363,0.7225464498534062,1,0,none
2025-01-01 00:19:22.700000048,0.0,0.0,0.0,0.0565771289249608,0.0,15.41189164445088,-2.699919884656473,0.6261804301932228,1,0,none
2025-01-01 00:19:22.799999952,0.0,0.0,0.0,0.0395202575975247,0.0,16.45249188191697,-2.700219228183537,0.0956100210304466,1,0,none
2025-01-01 00:19:22.900000095,0.0,0.0,0.0,0.0061245934054415,0.0,25.542057665243952,-12.290886238884235,0.6753212248473673,1,0,none
2025-01-01 00:19:23.000000000,0.0,0.0,0.0,0.0472875851507086,0.0,23.948178443092655,-6.248093038776426,0.6781645947885598,1,0,none
2025-01-01 00:19:23.099999905,0.0,0.0,0.0,2.344515102498109,0.0,2.7379586971141396,-1.0316292799443565,-14.707106987498648,1,1,cable_cut
2025-01-01 00:19:23.200000048,0.0,0.0,0.0,2.428075485970086,0.0,4.7202931106092585,-1.739593345189372,-14.616560902429653,1,1,cable_cut
2025-01-01 00:19:23.299999952,0.0,0.0,0.0,2.110168458051155,0.0,4.8292696430018545,-1.513343612809245,-14.661199771637074,1,1,anchor_drag
2025-01-01 00:19:23.400000095,0.0,0.0,0.0,2.168268020721153,0.0,3.9100257758440082,-2.515082640646474,-11.680690585122818,1,1,cable_cut
2025-01-01 00:19:23.500000000,0.0,0.0,0.0,1.3762171676670614,0.0,4.405920314694446,-1.4628970394864964,-10.138905574108279,1,1,overheating
2025-01-01 00:19:23.599999905,0.0,0.0,0.0,0.0045012095907802,0.0,-0.0148399713969754,-14.889756735838278,0.6126618730569956,1,0,none
2025-01-01 00:19:23.700000048,0.0,0.0,0.0,0.0749909676954908,0.0,-0.0755336021779137,-15.096115503526262,0.7060055802503219,1,0,none
2025-01-01 00:19:23.799999952,0.0,0.0,0.0,0.1207039023719151,0.0,-0.0628919980257486,-15.060377979597314,0.7927675603500544,1,0,none
2025-01-01 00:19:23.900000095,0.0,0.0,0.0,0.0732228489516484,0.0,25.182547494603423,-12.067981230964708,0.6223839995235559,1,0,none
2025-01-01 00:19:24.000000000,0.0,0.0,0.0,0.0275005525333103,0.0,0.1101599396326164,-7.028434101863602,0.6656811355242135,1,0,none
2025-01-01 00:19:24.099999905,0.0,0.0,0.0,0.0596259800277803,0.0,24.69055858893889,-6.3893758163689895,0.6519659678388916,1,0,none
2025-01-01 00:19:24.200000048,0.0,0.0,0.0,0.067207571676444,0.0,25.35285719780965,-6.542749983367852,0.6461972019535316,1,0,none
2025-01-01 00:19:24.299999952,0.0,0.0,0.0,0.0286135124815548,0.0,23.80997407937778,-3.372099780189344,0.678507926720627,1,0,none
2025-01-01 00:19:24.400000095,0.0,0.0,0.0,0.0140650780781094,0.0,15.752966174376358,-2.7707680241384454,-0.0123559121293932,1,0,none
2025-01-01 00:19:24.500000000,0.0,0.0,0.0,0.0004842976377222,0.0,25.21532161199769,-12.025979343065249,0.6934338496678393,1,0,none
2025-01-01 00:19:24.599999905,0.0,0.0,0.0,0.0766334166820124,0.0,16.04408886047655,-2.676959631296126,0.6682915278532938,1,0,none
2025-01-01 00:19:24.700000048,0.0,0.0,0.0,0.043879849597863,0.0,15.580538567683991,-2.8015401390868897,0.5296860930984911,1,0,none
2025-01-01 00:19:24.799999952,0.0,0.0,0.0,0.0613987817627909,0.0,23.462376020215185,-6.05790097017525,0.6941746713552598,1,0,none
2025-01-01 00:19:24.900000095,0.0,0.0,0.0,1.3811751702565962,0.0,2.1363485513177944,-2.3043690911624584,-11.820201253903441,1,1,anchor_drag
2025-01-01 00:19:25.000000000,0.0,0.0,0.0,1.639361193276046,0.0,4.101686174290371,-2.4503111149392094,-11.199446438050032,1,1,anchor_drag
2025-01-01 00:19:25.099999905,0.0,0.0,0.0,1.4236166214432906,0.0,2.930562244907204,-2.9311627758120053,-12.044052238877004,1,1,cable_cut
2025-01-01 00:19:25.200000048,0.0,0.0,0.0,2.3567132180087897,0.0,2.5682071881618693,-2.1692072778899134,-13.52237876073518,1,1,cable_cut
2025-01-01 00:19:25.299999952,0.0,0.0,0.0,0.2028978779450583,0.0,0.5035721893046272,-15.053835018145003,0.6771840449438347,1,0,none
2025-01-01 00:19:25.400000095,0.0,0.0,0.0,0.0516557400774188,0.0,-0.6372081227636553,-7.218732614553014,0.0549435393921993,1,0,none
2025-01-01 00:19:25.500000000,0.0,0.0,0.0,0.0097284494752976,0.0,24.792996220055624,-11.989706014918662,0.6252186163094636,1,0,none
2025-01-01 00:19:25.599999905,0.0,0.0,0.0,0.0209457873929598,0.0,26.339750793580887,-6.685571794645822,0.6896714829851239,1,0,none
2025-01-01 00:19:25.700000048,0.0,0.0,0.0,0.1435400799305433,0.0,26.12776135008249,-6.869884145616545,0.6831511651478518,1,0,none
2025-01-01 00:19:25.799999952,0.0,0.0,0.0,0.0591550663463078,0.0,25.65673356327801,-4.155919156107525,0.713004129876924,1,0,none
2025-01-01 00:19:25.900000095,0.0,0.0,0.0,0.0882748933436918,0.0,18.165420938067264,-3.936161437866728,0.5697109856970148,1,0,none
2025-01-01 00:19:26.000000000,0.0,0.0,0.0,0.0979881206912658,0.0,17.935454450304373,-3.835833100516067,0.6454258032493884,1,0,none
2025-01-01 00:19:26.099999905,0.0,0.0,0.0,0.032231281658162,0.0,18.12263531422729,-2.2981539678829206,0.5769255400469268,1,0,none
2025-01-01 00:19:26.200000048,0.0,0.0,0.0,0.0652971482097793,0.0,13.464402466245607,-1.967851543414994,0.5748038991149251,1,0,none
2025-01-01 00:19:26.299999952,0.0,0.0,0.0,0.0982713362828621,0.0,12.711467193253396,-2.005545958533085,0.642951388620299,1,0,none
2025-01-01 00:19:26.400000095,0.0,0.0,0.0,0.0361071294484028,0.0,12.930426889271898,-1.984481526195207,0.0038727907398069,1,0,none
2025-01-01 00:19:26.500000000,0.0,0.0,0.0,0.0174639879739724,0.0,24.77388770654148,-11.921186531287638,0.6822500739260993,1,0,none
2025-01-01 00:19:26.599999905,0.0,0.0,0.0,1.0080410460262066,0.0,2.7450221358642715,-1.3028453053824647,-11.857670887280321,1,1,overheating
2025-01-01 00:19:26.700000048,0.0,0.0,0.0,1.0317273611827056,0.0,2.816733062281636,-1.0934343436643792,-12.665114341975585,1,1,anchor_drag
2025-01-01 00:19:26.799999952,0.0,0.0,0.0,1.6108581078143147,0.0,4.269553595192922,-1.7604858433217037,-12.974121386551356,1,1,cable_cut
2025-01-01 00:19:26.900000095,0.0,0.0,0.0,1.325101293804279,0.0,4.557739432321223,-2.58680461825377,-14.713599967750174,1,1,cable_cut
2025-01-01 00:19:27.000000000,0.0,0.0,0.0,1.5293453564989092,0.0,4.19394208165556,-1.87986978282807,-11.225858440300513,1,1,cable_cut
2025-01-01 00:19:27.099999905,0.0,0.0,0.0,0.0142406885446624,0.0,0.0023019579964518,-15.020595803935487,0.6808049332886277,1,0,none
2025-01-01 00:19:27.200000048,0.0,0.0,0.0,0.0148857155452683,0.0,-0.3975471465593285,-2.1172446753164347,0.5975522479359445,1,0,none
2025-01-01 00:19:27.299999952,0.0,0.0,0.0,0.0266576923843094,0.0,14.63152599180035,-2.093764411899026,0.6841238283224843,1,0,none
2025-01-01 00:19:27.400000095,0.0,0.0,0.0,0.0550622590024654,0.0,13.281543066366323,-2.0660117593991627,0.0303656290334147,1,0,none
2025-01-01 00:19:27.500000000,0.0,0.0,0.0,0.0507804133092454,0.0,24.75994741040077,-12.200880145214123,0.5476234487255532,1,0,none
2025-01-01 00:19:27.599999905,0.0,0.0,0.0,0.0199564850724795,0.0,14.605010260180263,-2.290580304206598,0.6515189345918894,1,0,none
2025-01-01 00:19:27.700000048,0.0,0.0,0.0,0.0169688870331743,0.0,15.590460118661264,-2.4465331841537026,0.6511239911547063,1,0,none
2025-01-01 00:19:27.799999952,0.0,0.0,0.0,0.051931799381549,0.0,15.368756363000823,-2.59930453495376,0.6461464304255643,1,0,none
2025-01-01 00:19:27.900000095,0.0,0.0,0.0,0.0138709102582491,0.0,15.61262164815142,-2.93040853000083,0.6179061636808495,1,0,none
2025-01-01 00:19:28.000000000,0.0,0.0,0.0,0.0330414045172573,0.0,17.10280377675023,-3.224614413063096,0.5779966272304073,1,0,none
2025-01-01 00:19:28.099999905,0.0,0.0,0.0,0.0333829751975748,0.0,17.41398349155398,-3.448980131474976,0.692310638305631,1,0,none
2025-01-01 00:19:28.200000048,0.0,0.0,0.0,0.005174033295117,0.0,17.985578726855227,-3.4203421103220726,0.6199210205638582,1,0,none
2025-01-01 00:19:28.299999952,0.0,0.0,0.0,0.0684609453382738,0.0,17.42338118896746,-3.4775293976613737,0.5808296919832316,1,0,none
2025-01-01 00:19:28.400000095,0.0,0.0,0.0,2.384805973275203,0.0,4.195305874153371,-2.353829922845011,-11.746173347629238,1,1,cable_cut
2025-01-01 00:19:28.500000000,0.0,0.0,0.0,1.6938165830238459,0.0,3.9118861092296124,-1.6092083593368054,-14.5807578351091,1,1,cable_cut
2025-01-01 00:19:28.599999905,0.0,0.0,0.0,1.6998694598771704,0.0,3.75150475997515,-2.3450612940621065,-13.887917529770304,1,1,cable_cut
2025-01-01 00:19:28.700000048,0.0,0.0,0.0,1.1073205311534298,0.0,2.499973998543748,-1.2119402513348108,-13.060417689033711,1,1,cable_cut
2025-01-01 00:19:28.799999952,0.0,0.0,0.0,0.0329219297364899,0.0,-0.0913374063444688,-15.018806068787372,0.6167301117840963,1,0,none
2025-01-01 00:19:28.900000095,0.0,0.0,0.0,0.0489061691370825,0.0,24.69214062694521,-6.470239115601707,0.7043878874007713,1,0,none
2025-01-01 00:19:29.000000000,0.0,0.0,0.0,0.0547174408817002,0.0,24.8284792531752,-12.041457819087146,0.590320588113088,1,0,none
2025-01-01 00:19:29.099999905,0.0,0.0,0.0,0.1030773754960651,0.0,24.728741949460883,-6.296923712654824,0.64430860927688,1,0,none
2025-01-01 00:19:29.200000048,0.0,0.0,0.0,0.0412904508365954,0.0,24.54516704613033,-6.206673041926536,0.6876139972757946,1,0,none
2025-01-01 00:19:29.299999952,0.0,0.0,0.0,0.0507452890881437,0.0,20.159260785161763,-4.81339062895226,0.5822745261135032,1,0,none
2025-01-01 00:19:29.400000095,0.0,0.0,0.0,0.059520986017989,0.0,19.949050944286096,-4.676893220079871,0.5386219481181832,1,0,none
2025-01-01 00:19:29.500000000,0.0,0.0,0.0,0.0073616574111458,0.0,19.69591824729366,-4.673893016783662,0.0074385174624708,1,0,none
2025-01-01 00:19:29.599999905,0.0,0.0,0.0,0.1152069528469053,0.0,24.81112173044086,-11.979940637749278,0.7427989460903208,1,0,none
2025-01-01 00:19:29.700000048,0.0,0.0,0.0,0.1041448569068369,0.0,19.630223280749327,-5.083215029766023,0.6765493414681001,1,0,none
2025-01-01 00:19:29.799999952,0.0,0.0,0.0,0.0292203245161013,0.0,22.928643354129903,-5.736175981186111,0.8107687098106416,1,0,none
2025-01-01 00:19:29.900000095,0.0,0.0,0.0,0.1215657749557839,0.0,21.963186051996068,-5.688504862066309,0.6416029560474544,1,0,none
2025-01-01 00:19:30.000000000,0.0,0.0,0.0,0.0702360238344263,0.0,22.881119904857066,-2.911290090885752,0.6367776105644045,1,0,none
2025-01-01 00:19:30.099999905,0.0,0.0,0.0,0.0523916580083125,0.0,14.088423609070077,-2.121567975202665,0.5172318664471041,1,0,none
2025-01-01 00:19:30.200000048,0.0,0.0,0.0,2.1779503210210045,0.0,2.3052532777578594,-1.0409464488913036,-13.455114731108917,1,1,cable_cut
2025-01-01 00:19:30.299999952,0.0,0.0,0.0,1.27100011955948,0.0,3.8955387528222607,-2.195913388126495,-12.395891579267827,1,1,cable_cut
2025-01-01 00:19:30.400000095,0.0,0.0,0.0,1.2754306291446427,0.0,4.121755538779121,-1.981905840265728,-11.39549634041519,1,1,anchor_drag
2025-01-01 00:19:30.500000000,0.0,0.0,0.0,2.0841550790354813,0.0,3.4894069996120884,-2.378197519473795,-14.200217890175143,1,1,cable_cut
2025-01-01 00:19:30.599999905,0.0,0.0,0.0,0.0479327948212058,0.0,24.77240043953717,-12.16069009703513,0.5465949712828911,1,0,none
2025-01-01 00:19:30.700000048,0.0,0.0,0.0,0.0955488090274965,0.0,0.1867137355419356,-14.99660013006602,0.6410035423533968,1,0,none
2025-01-01 00:19:30.799999952,0.0,0.0,0.0,0.1143502424679987,0.0,0.3379180349166196,-5.827451401751126,0.7544857481562981,1,0,none
2025-01-01 00:19:30.900000095,0.0,0.0,0.0,0.0457028376751008,0.0,22.6704174802986,-5.604400727623816,0.6314568986097496,1,0,none
2025-01-01 00:19:31.000000000,0.0,0.0,0.0,0.0726728992322239,0.0,23.200576737774508,-5.582682325950096,0.6584656861926929,1,0,none
2025-01-01 00:19:31.099999905,0.0,0.0,0.0,0.0753220647345839,0.0,22.91321939047388,-5.581909038741934,-0.0201950541693103,1,0,none
2025-01-01 00:19:31.200000048,0.0,0.0,0.0,0.0038448712240933,0.0,25.34223574013574,-11.97499689910589,0.6891715593321941,1,0,none
2025-01-01 00:19:31.299999952,0.0,0.0,0.0,0.0283038890405643,0.0,21.8879026421776,-5.426389412242333,0.6588381849986104,1,0,none
2025-01-01 00:19:31.400000095,0.0,0.0,0.0,0.0688914314832897,0.0,22.17565645985706,-5.219285553121085,0.611004471341476,1,0,none
2025-01-01 00:19:31.500000000,0.0,0.0,0.0,0.001257391828833,0.0,21.498600319709567,-2.906443837084383,0.5287016027046408,1,0,none
2025-01-01 00:19:31.599999905,0.0,0.0,0.0,0.0082107913138504,0.0,15.811316121464609,-2.684826287318881,0.6371654112644375,1,0,none
2025-01-01 00:19:31.700000048,0.0,0.0,0.0,0.0200145099865726,0.0,15.47950746962282,-2.7644827886594605,0.6095211863210125,1,0,none
2025-01-01 00:19:31.799999952,0.0,0.0,0.0,0.0567328304562503,0.0,15.446080508266691,-3.2113362810277617,0.6219629671556449,1,0,none
2025-01-01 00:19:31.900000095,0.0,0.0,0.0,0.0107474717749243,0.0,18.023230955339795,-3.5629345609489143,0.5658771026377334,1,0,none
2025-01-01 00:19:32.000000000,0.0,0.0,0.0,1.7511905836825854,0.0,2.677856605363269,-2.5803788687104614,-10.878139632864633,1,1,cable_cut
2025-01-01 00:19:32.099999905,0.0,0.0,0.0,1.4597089812116197,0.0,4.459788770420307,-1.883614326749132,-14.070502661248822,1,1,cable_cut
2025-01-01 00:19:32.200000048,0.0,0.0,0.0,2.1960091353546303,0.0,4.3008688258832795,-1.4233329691239958,-13.868859889459175,1,1,anchor_drag
2025-01-01 00:19:32.299999952,0.0,0.0,0.0,1.7608520698276406,0.0,2.7844160864900633,-1.2716707938705845,-10.596925327869625,1,1,cable_cut
2025-01-01 00:19:32.400000095,0.0,0.0,0.0,0.0820186012255169,0.0,0.4301653404588809,-15.106094299483836,0.6796158651063731,1,0,none
2025-01-01 00:19:32.500000000,0.0,0.0,0.0,0.0087298658883721,0.0,-0.2087042232499545,-15.092052413231606,0.5928858745636779,1,0,none
2025-01-01 00:19:32.599999905,0.0,0.0,0.0,0.0424457597944934,0.0,0.1587899801831007,-6.441292450692638,0.742169358203593,1,0,none
2025-01-01 00:19:32.700000048,0.0,0.0,0.0,0.0080103388718211,0.0,25.2068320142631,-6.532028958702845,-0.0463817575443755,1,0,none
2025-01-01 00:19:32.799999952,0.0,0.0,0.0,0.0495723816843629,0.0,24.849954195635583,-11.900579569046627,0.6365796187962519,1,0,none
2025-01-01 00:19:32.900000095,0.0,0.0,0.0,0.0709827675593007,0.0,24.85960672968184,-6.636107484397089,0.685345114031346,1,0,none
2025-01-01 00:19:33.000000000,0.0,0.0,0.0,0.0171804100557526,0.0,24.39097418352867,-6.548133378628054,0.6878270393593703,1,0,none
2025-01-01 00:19:33.099999905,0.0,0.0,0.0,0.0177824106683813,0.0,24.833730870734108,-6.157427194111418,0.6786118363472279,1,0,none
2025-01-01 00:19:33.200000048,0.0,0.0,0.0,0.1180825664171141,0.0,24.380914040384987,-6.276843286627077,0.6299855759335455,1,0,none
2025-01-01 00:19:33.299999952,0.0,0.0,0.0,0.013356482538166,0.0,23.94221806837176,-6.218380913210698,0.6196534186322262,1,0,none
2025-01-01 00:19:33.400000095,0.0,0.0,0.0,0.0185830690552827,0.0,23.068149880733312,-5.883470768632935,0.7767266284303068,1,0,none
2025-01-01 00:19:33.500000000,0.0,0.0,0.0,0.1049747414686111,0.0,23.66580103414811,-6.26824204665857,0.6230343030750083,1,0,none
2025-01-01 00:19:33.599999905,0.0,0.0,0.0,0.0261244426636404,0.0,23.398004883294544,-15.014441516475678,0.6169114307680582,1,0,none
2025-01-01 00:19:33.700000048,0.0,0.0,0.0,1.4154980449462984,0.0,4.7421008924470165,-2.3531954472470966,-13.063898170770315,1,1,cable_cut
2025-01-01 00:19:33.799999952,0.0,0.0,0.0,0.1462395856296004,0.0,24.63233958333553,-11.892370867125754,0.5622335174535479,1,0,none
2025-01-01 00:19:33.900000095,0.0,0.0,0.0,1.625791375835821,0.0,3.968501128502031,-2.1475479524634977,-12.809638560470095,1,1,anchor_drag
2025-01-01 00:19:34.000000000,0.0,0.0,0.0,1.229752849874247,0.0,3.5499415478502123,-1.6595021712386877,-12.056618189134916,1,1,cable_cut
2025-01-01 00:19:34.099999905,0.0,0.0,0.0,1.6796387462042992,0.0,3.884065873812471,-1.5778205163229404,-10.916528161851533,1,1,cable_cut
2025-01-01 00:19:34.200000048,0.0,0.0,0.0,0.0598728017656671,0.0,-0.0325849964815027,-15.037023359447586,0.7131768751221177,1,0,none
2025-01-01 00:19:34.299999952,0.0,0.0,0.0,0.0019403217350048,0.0,-0.034821243036145,-15.105208426723474,-0.0297526353145449,1,0,none
2025-01-01 00:19:34.400000095,0.0,0.0,0.0,0.1632594339324892,0.0,25.26191981989963,-11.88396321348534,0.627154187110106,1,0,none
2025-01-01 00:19:34.500000000,0.0,0.0,0.0,0.0508268458199836,0.0,21.18269533394773,-5.29177667592119,0.5926075773724722,1,0,none
2025-01-01 00:19:34.599999905,0.0,0.0,0.0,0.1020867941590244,0.0,21.02567348341184,-4.850224026395953,0.6397349180412814,1,0,none
2025-01-01 00:19:34.700000048,0.0,0.0,0.0,0.0231024945047182,0.0,19.78980319135642,-4.881340148541307,0.621576524931279,1,0,none
2025-01-01 00:19:34.799999952,0.0,0.0,0.0,0.0052672771200076,0.0,22.68993846224895,-5.448400212577313,0.6237278504282906,1,0,none
2025-01-01 00:19:34.900000095,0.0,0.0,0.0,0.1089172657637694,0.0,22.20330819194897,-5.78879539538409,0.5770238312972187,1,0,none
2025-01-01 00:19:35.000000000,0.0,0.0,0.0,0.1044152804986992,0.0,22.693896048940747,-5.820823038134529,0.6298897391409838,1,0,none
2025-01-01 00:19:35.099999905,0.0,0.0,0.0,0.0242167198939643,0.0,17.142349210271153,-2.90204083707099,0.6464884810952488,1,0,none
2025-01-01 00:19:35.200000048,0.0,0.0,0.0,0.0236838503468378,0.0,15.222128266223434,-2.5609699438746247,0.7180238176596148,1,0,none
2025-01-01 00:19:35.299999952,0.0,0.0,0.0,0.0554448091822259,0.0,15.521465783297188,-2.5828786218893125,0.0234751240594922,1,0,none
2025-01-01 00:19:35.400000095,0.0,0.0,0.0,0.0648690975369101,0.0,24.820193288484106,-12.043293042998604,0.602515793835134,1,0,none
2025-01-01 00:19:35.500000000,0.0,0.0,0.0,0.0355035381822594,0.0,15.97062953272704,-2.575950456250769,0.5570160456156955,1,0,none
2025-01-01 00:19:35.599999905,0.0,0.0,0.0,0.0650467183667554,0.0,15.628508365581622,-2.584810781178122,0.563935649716726,1,0,none
2025-01-01 00:19:35.700000048,0.0,0.0,0.0,2.009988228901726,0.0,3.225839559898062,-1.377417763486973,-12.413096003530391,1,1,cable_cut
2025-01-01 00:19:35.799999952,0.0,0.0,0.0,2.4398896454520864,0.0,3.7068486884247345,-2.9616512029631004,-14.894963780716566,1,1,cable_cut
2025-01-01 00:19:35.900000095,0.0,0.0,0.0,2.0519107325564976,0.0,2.127777904707124,-1.449718162569682,-14.760229169028454,1,1,anchor_drag
2025-01-01 00:19:36.000000000,0.0,0.0,0.0,1.8279209712809343,0.0,4.078628436262697,-1.7465868290387212,-14.987628983484418,1,1,cable_cut
2025-01-01 00:19:36.099999905,0.0,0.0,0.0,0.0321783952471343,0.0,0.245397629777201,-14.877521601549075,0.5770070197423368,1,0,none
2025-01-01 00:19:36.200000048,0.0,0.0,0.0,0.0837924159204887,0.0,17.778694140526397,-3.755586231486596,0.5821946079803039,1,0,none
2025-01-01 00:19:36.299999952,0.0,0.0,0.0,0.0582854599767758,0.0,18.42560318665615,-3.782350612313336,0.719535030274681,1,0,none
2025-01-01 00:19:36.400000095,0.0,0.0,0.0,0.1066890011128526,0.0,24.97898606688161,-11.967433523565976,0.6158127608127577,1,0,none
2025-01-01 00:19:36.500000000,0.0,0.0,0.0,0.0223510979444731,0.0,18.51762564814733,-3.701182108990869,0.6485028276471125,1,0,none
2025-01-01 00:19:36.599999905,0.0,0.0,0.0,0.0310082374538826,0.0,18.343689518237788,-4.639849906618324,0.5776266791363026,1,0,none
2025-01-01 00:19:36.700000048,0.0,0.0,0.0,0.0188916840225704,0.0,24.9883796697512,-6.782385792098734,0.7655229637365186,1,0,none
2025-01-01 00:19:36.799999952,0.0,0.0,0.0,0.1325512930828503,0.0,25.40220520247591,-6.7414322511658105,0.5679919430317051,1,0,none
2025-01-01 00:19:36.900000095,0.0,0.0,0.0,0.0448211780572071,0.0,25.075147841339497,-4.730789199782972,-0.0295417654961933,1,0,none
2025-01-01 00:19:37.000000000,0.0,0.0,0.0,0.0054057260831195,0.0,24.422421336223756,-11.965724998215938,0.6905072193816941,1,0,none
2025-01-01 00:19:37.099999905,0.0,0.0,0.0,0.0079963037734296,0.0,19.51813674444565,-4.290938084643835,0.6457574816304533,1,0,none
2025-01-01 00:19:37.200000048,0.0,0.0,0.0,0.0276377844994439,0.0,19.2737184718084,-4.349812936881399,0.6015038500187895,1,0,none
2025-01-01 00:19:37.299999952,0.0,0.0,0.0,0.0090787810678345,0.0,19.440127283198077,-2.7008109429508664,0.5634316536953082,1,0,none
2025-01-01 00:19:37.400000095,0.0,0.0,0.0,0.0071024583055782,0.0,15.190878526583743,-2.450027424614749,0.5766654945537486,1,0,none
2025-01-01 00:19:37.500000000,0.0,0.0,0.0,1.744159011755895,0.0,3.926411881341937,-2.231088294937215,-13.858713355605747,1,1,cable_cut
2025-01-01 00:19:37.599999905,0.0,0.0,0.0,1.8809809407361966,0.0,2.8238947267903667,-2.7951779111961708,-11.882365924792591,1,1,cable_cut
2025-01-01 00:19:37.700000048,0.0,0.0,0.0,1.571871934130222,0.0,2.770110160704097,-2.0680504900393295,-12.480092163189566,1,1,overheating
2025-01-01 00:19:37.799999952,0.0,0.0,0.0,1.8010769420247343,0.0,4.9078054459210705,-2.505049480433918,-13.241943362315576,1,1,overheating
2025-01-01 00:19:37.900000095,0.0,0.0,0.0,0.0982687654060952,0.0,-0.2526887150310206,-14.925634289009096,0.6313726426371169,1,0,none
2025-01-01 00:19:38.000000000,0.0,0.0,0.0,0.1722358138094101,0.0,24.97604525395366,-12.01317022534637,0.6474638402402839,1,0,none
2025-01-01 00:19:38.099999905,0.0,0.0,0.0,0.1325837684129455,0.0,-0.1834815438613754,-6.61302238827926,0.6646568053111945,1,0,none
2025-01-01 00:19:38.200000048,0.0,0.0,0.0,0.0331013088014532,0.0,24.349198414992948,-6.475791850858419,0.7140259318418498,1,0,none
2025-01-01 00:19:38.299999952,0.0,0.0,0.0,0.0293311592882445,0.0,24.767646992761872,-6.726123516173068,0.6418604159125216,1,0,none
2025-01-01 00:19:38.400000095,0.0,0.0,0.0,0.0494783567394747,0.0,24.959087449988843,-6.542110696732336,0.6408856646785264,1,0,none
2025-01-01 00:19:38.500000000,0.0,0.0,0.0,0.0132399471173189,0.0,25.56949442148328,-6.533563200542037,0.6541500526026425,1,0,none
2025-01-01 00:19:38.599999905,0.0,0.0,0.0,0.0859328574457273,0.0,25.2031895725278,-6.615606281825826,0.6809102429879695,1,0,none
2025-01-01 00:19:38.700000048,0.0,0.0,0.0,0.0533351958391016,0.0,24.333489442242318,-2.7688224036803173,0.580263850028068,1,0,none
2025-01-01 00:19:38.799999952,0.0,0.0,0.0,0.0710490505469815,0.0,16.18115982018036,-2.727939955332397,0.6975423667866067,1,0,none
2025-01-01 00:19:38.900000095,0.0,0.0,0.0,0.0453343673866359,0.0,15.803814411903572,-2.7517380008809647,0.6460611119717619,1,0,none
2025-01-01 00:19:39.000000000,0.0,0.0,0.0,0.0315983503193273,0.0,15.234692145405004,-2.8202700057277315,0.7014340347849434,1,0,none
2025-01-01 00:19:39.099999905,0.0,0.0,0.0,0.0563955527011988,0.0,25.45155879966371,-11.908009459855002,0.610661941833216,1,0,none
2025-01-01 00:19:39.200000048,0.0,0.0,0.0,0.068007346328107,0.0,19.77271613511213,-4.167801507883336,0.5658968963061772,1,0,none
2025-01-01 00:19:39.299999952,0.0,0.0,0.0,2.265576764180169,0.0,3.336314160688608,-2.776073152483783,-12.125715682832098,1,1,anchor_drag
2025-01-01 00:19:39.400000095,0.0,0.0,0.0,2.013379387712031,0.0,2.3586015673061653,-1.122014144526503,-12.244493138543216,1,1,anchor_drag
2025-01-01 00:19:39.500000000,0.0,0.0,0.0,2.3940154467890737,0.0,4.562075215314998,-1.7634805888517122,-12.880369309947476,1,1,overheating
2025-01-01 00:19:39.599999905,0.0,0.0,0.0,1.1365146250589526,0.0,4.954992127024699,-2.1630179181394267,-14.282618968731917,1,1,anchor_drag
2025-01-01 00:19:39.700000048,0.0,0.0,0.0,1.8069916901188243,0.0,3.6485106045211215,-1.0062752097100895,-13.29020340377883,1,1,cable_cut
2025-01-01 00:19:39.799999952,0.0,0.0,0.0,0.0107971025004539,0.0,0.5187902598134269,-15.03010447971135,0.6410630940155033,1,0,none
2025-01-01 00:19:39.900000095,0.0,0.0,0.0,0.0592793005951546,0.0,25.05267602291656,-6.546179114774499,0.6931408777615167,1,0,none
2025-01-01 00:19:40.000000000,0.0,0.0,0.0,0.0245410551417348,0.0,25.49985638457945,-6.6636993051482944,0.6214122873821168,1,0,none
2025-01-01 00:19:40.099999905,0.0,0.0,0.0,0.0229978361572431,0.0,25.610243168002064,-6.686676764135336,0.6135160622921684,1,0,none
2025-01-01 00:19:40.200000048,0.0,0.0,0.0,0.0715886066171632,0.0,24.846107726809656,-11.916980266609484,0.693416310877234,1,0,none
2025-01-01 00:19:40.299999952,0.0,0.0,0.0,0.0756054506038697,0.0,19.96694352004887,-4.705650254872695,0.5942651588496166,1,0,none
2025-01-01 00:19:40.400000095,0.0,0.0,0.0,0.0614620578678052,0.0,20.22167474027086,-4.827294324865576,0.6501442342559386,1,0,none
2025-01-01 00:19:40.500000000,0.0,0.0,0.0,0.1002259256002321,0.0,20.03135129741958,-4.7221090925439135,0.6396132126325424,1,0,none
2025-01-01 00:19:40.599999905,0.0,0.0,0.0,0.0042688082328433,0.0,22.97338245084962,-5.073335775820794,0.5763496770645227,1,0,none
2025-01-01 00:19:40.700000048,0.0,0.0,0.0,0.0484255182880376,0.0,25.46450958288304,-6.821372389057087,0.6599466947641008,1,0,none
2025-01-01 00:19:40.799999952,0.0,0.0,0.0,0.040861406297514,0.0,25.32200997473349,-12.026522152956453,0.5894528734041602,1,0,none
2025-01-01 00:19:40.900000095,0.0,0.0,0.0,0.0433028105840013,0.0,25.660871755596023,-6.885600545919424,0.5639699946386585,1,0,none
2025-01-01 00:19:41.000000000,0.0,0.0,0.0,0.0805428609709394,0.0,38.257079359783056,-7.561429099519262,0.5639692246700303,1,0,none
2025-01-01 00:19:41.099999905,0.0,0.0,0.0,0.0367277494863846,0.0,38.2246316253867,-7.723370855634502,0.5527475946814076,1,0,none
2025-01-01 00:19:41.200000048,0.0,0.0,0.0,0.0469370613046134,0.0,18.214743635353567,-3.819297789206938,0.681573411151455,1,0,none
2025-01-01 00:19:41.299999952,0.0,0.0,0.0,1.857601482359712,0.0,2.1423734038133864,-2.1209875880937243,-10.275720123386428,1,1,overheating
2025-01-01 00:19:41.400000095,0.0,0.0,0.0,2.305781707510706,0.0,4.852488699741549,-1.6411810207569477,-13.441527021508836,1,1,cable_cut
2025-01-01 00:19:41.500000000,0.0,0.0,0.0,1.9339376827443944,0.0,3.5112734797397276,-1.0324472697258262,-12.552117885793173,1,1,cable_cut
2025-01-01 00:19:41.599999905,0.0,0.0,0.0,2.4835305799669216,0.0,3.5192606432217683,-2.0309471874357157,-13.718434905336364,1,1,anchor_drag
2025-01-01 00:19:41.700000048,0.0,0.0,0.0,1.1697831561130152,0.0,4.498058347993089,-1.536860284521554,-11.500352074600027,1,1,cable_cut
2025-01-01 00:19:41.799999952,0.0,0.0,0.0,1.0595553403912974,0.0,4.419888621584703,-2.263620251408443,-11.27366825469493,1,1,anchor_drag
2025-01-01 00:19:41.900000095,0.0,0.0,0.0,2.0750579986069564,0.0,3.3559545883063246,-1.888905045035211,-14.035396359414428,1,1,cable_cut
2025-01-01 00:19:42.000000000,0.0,0.0,0.0,2.2219648761820463,0.0,2.7811856540601103,-1.7258831610689132,-14.043442289006345,1,1,cable_cut
2025-01-01 00:19:42.099999905,0.0,0.0,0.0,0.1284964549361254,0.0,38.175661096590105,-7.558394952971613,0.6475993215844301,1,0,none
2025-01-01 00:19:42.200000048,0.0,0.0,0.0,0.2471994437177861,0.0,0.2168990803872969,-14.981023374020085,0.7110821046486442,1,0,none
2025-01-01 00:19:42.299999952,0.0,0.0,0.0,0.0354669262436463,0.0,38.97132143172477,-7.743344479224254,-0.0438468532850374,1,0,none
2025-01-01 00:19:42.400000095,0.0,0.0,0.0,0.198748464429853,0.0,24.66453041819319,-12.067353134950386,0.5279741527820094,1,0,none
2025-01-01 00:19:42.500000000,0.0,0.0,0.0,0.117906347694724,0.0,15.04657644472477,-2.3431579520914734,0.6406110904100704,1,0,none
2025-01-01 00:19:42.599999905,0.0,0.0,0.0,0.0927087529475173,0.0,39.104229714016455,-7.606575834931962,0.588352206443764,1,0,none
2025-01-01 00:19:42.700000048,0.0,0.0,0.0,0.1248376979952616,0.0,14.799326139472864,-2.364998617255598,0.6707041841961375,1,0,none
2025-01-01 00:19:42.799999952,0.0,0.0,0.0,0.0647872378911299,0.0,38.35459934457748,-7.675372899560484,0.3972341026840245,1,0,none
2025-01-01 00:19:42.900000095,0.0,0.0,0.0,0.0713813806036262,0.0,14.936905602058028,-2.4866914886188787,0.8231887849164965,1,0,none
2025-01-01 00:19:43.000000000,0.0,0.0,0.0,0.0662974777237152,0.0,38.33483980953979,-7.692623687951007,0.5214699430755843,1,0,none
2025-01-01 00:19:43.099999905,0.0,0.0,0.0,0.1448357437014344,0.0,17.214980967013076,-3.485676647552553,0.6711704537257095,1,0,none
2025-01-01 00:19:43.200000048,0.0,0.0,0.0,0.2067922139860946,0.0,38.629955220181465,-7.593838535635248,0.7835805846330183,1,0,none
2025-01-01 00:19:43.299999952,0.0,0.0,0.0,0.1963260669548004,0.0,24.51888115749103,-11.968988311542944,0.3395874274601242,1,0,none
2025-01-01 00:19:43.400000095,0.0,0.0,0.0,0.0800088803011768,0.0,17.06682132325233,-3.320059808746634,0.7568302943266583,1,0,none
2025-01-01 00:19:43.500000000,0.0,0.0,0.0,0.0805960625233428,0.0,38.505787264112186,-7.55587500206579,0.5206278778287989,1,0,none
2025-01-01 00:19:43.599999905,0.0,0.0,0.0,0.0655181003736532,0.0,17.393307438326268,-3.49099282136134,0.633810227770157,1,0,none
2025-01-01 00:19:43.700000048,0.0,0.0,0.0,0.0885631097481966,0.0,38.60306637311198,-7.626594716311005,0.6352858880689068,1,0,none
2025-01-01 00:19:43.799999952,0.0,0.0,0.0,0.0290083794690011,0.0,21.562567616545017,-5.110292252390585,0.7461548473531263,1,0,none
2025-01-01 00:19:43.900000095,0.0,0.0,0.0,0.0695667202052957,0.0,38.63135421082275,-7.673305196644993,0.5960000492257522,1,0,none
2025-01-01 00:19:44.000000000,0.0,0.0,0.0,0.2000590031418329,0.0,21.07945164510044,-4.980307242908567,0.7183827773394387,1,0,none
2025-01-01 00:19:44.099999905,0.0,0.0,0.0,0.1793623793205127,0.0,38.30734011931561,-7.8381273194161425,0.729955081653884,1,0,none
2025-01-01 00:19:44.200000048,0.0,0.0,0.0,0.2252896448181916,0.0,25.23038129905496,-11.95705778962514,0.3383920987625978,1,0,none
2025-01-01 00:19:44.299999952,0.0,0.0,0.0,0.0812450911953848,0.0,20.6420827404668,-5.110496223375291,0.7055805428622329,1,0,none
2025-01-01 00:19:44.400000095,0.0,0.0,0.0,0.072738145640801,0.0,38.62142624977433,-7.786105312642925,0.5035618499774578,1,0,none
2025-01-01 00:19:44.500000000,0.0,0.0,0.0,0.0676294942893018,0.0,17.46734541247925,-3.5038741439261547,0.6305529740468472,1,0,none
2025-01-01 00:19:44.599999905,0.0,0.0,0.0,0.1031727291002337,0.0,38.90989227047421,-7.6912968055681,0.5705476665354017,1,0,none
2025-01-01 00:19:44.700000048,0.0,0.0,0.0,0.070136296050762,0.0,17.1070070336875,-3.5846358631217274,0.7579074777829772,1,0,none
2025-01-01 00:19:44.799999952,0.0,0.0,0.0,1.1438924802810078,0.0,2.095043189298109,-2.4848817513128303,-11.213480865144536,1,1,anchor_drag
2025-01-01 00:19:44.900000095,0.0,0.0,0.0,1.1280577448225928,0.0,4.261360364527455,-1.787159969609191,-14.494492816396352,1,1,cable_cut
2025-01-01 00:19:45.000000000,0.0,0.0,0.0,1.8895024084897325,0.0,3.629703340776945,-2.803136383032203,-10.971393567058717,1,1,cable_cut
2025-01-01 00:19:45.099999905,0.0,0.0,0.0,1.190043871932668,0.0,2.6427478191648293,-1.5596610719499489,-11.982531497868585,1,1,cable_cut
2025-01-01 00:19:45.200000048,0.0,0.0,0.0,1.5580438378969603,0.0,4.3933207622748025,-1.5489444670809165,-12.294092188216881,1,1,overheating
2025-01-01 00:19:45.299999952,0.0,0.0,0.0,2.3437697335490553,0.0,4.53450763974278,-2.1027652453552808,-13.742245592837978,1,1,cable_cut
2025-01-01 00:19:45.400000095,0.0,0.0,0.0,0.0679119516434226,0.0,38.43084550044205,-7.798034743000066,0.5772588087815467,1,0,none
2025-01-01 00:19:45.500000000,0.0,0.0,0.0,0.0797837690160084,0.0,-0.697626046241904,-14.938084387758284,0.7190784416402732,1,0,none
2025-01-01 00:19:45.599999905,0.0,0.0,0.0,0.0116463115066147,0.0,38.32880632974143,-7.787109701816549,0.5174935478286424,1,0,none
2025-01-01 00:19:45.700000048,0.0,0.0,0.0,0.0781274055356569,0.0,0.3083877006773394,-5.811963410477679,0.8397702236620467,1,0,none
2025-01-01 00:19:45.799999952,0.0,0.0,0.0,0.1071295825193641,0.0,38.48238566519986,-7.505065097480951,0.6405999466108365,1,0,none
2025-01-01 00:19:45.900000095,0.0,0.0,0.0,0.064479704997466,0.0,21.90849607910333,-5.303363140047663,0.7414002507284053,1,0,none
2025-01-01 00:19:46.000000000,0.0,0.0,0.0,0.0486855833703851,0.0,25.12640807629201,-11.942955334033517,0.5286914046217157,1,0,none
2025-01-01 00:19:46.099999905,0.0,0.0,0.0,0.007296282424384,0.0,21.59541228772505,-5.368824235934588,0.808362354672285,1,0,none
2025-01-01 00:19:46.200000048,0.0,0.0,0.0,0.0639447805892189,0.0,38.68697076899164,-7.716176701187045,0.5320025667593377,1,0,none
2025-01-01 00:19:46.299999952,0.0,0.0,0.0,0.0308284029461754,0.0,23.091136537000512,-5.634879156844801,0.7872966112261891,1,0,none
2025-01-01 00:19:46.400000095,0.0,0.0,0.0,0.1198146411579551,0.0,38.54815599443198,-7.720083133524079,0.5431578412570951,1,0,none
2025-01-01 00:19:46.500000000,0.0,0.0,0.0,0.0766441339699616,0.0,23.66128067345031,-6.453022042723258,0.69762336094815,1,0,none
2025-01-01 00:19:46.599999905,0.0,0.0,0.0,0.1571170819469963,0.0,38.58001969189341,-7.666043492392446,0.6306156070011852,1,0,none
2025-01-01 00:19:46.700000048,0.0,0.0,0.0,0.0630932411629555,0.0,23.63268476741734,-6.208875580429897,0.7560031947865739,1,0,none
2025-01-01 00:19:46.799999952,0.0,0.0,0.0,0.0469027342553537,0.0,25.101070979192983,-12.128879847064162,0.5144628010055958,1,0,none
2025-01-01 00:19:46.900000095,0.0,0.0,0.0,0.0903340270529274,0.0,24.43568231329457,-6.177103318480809,0.6804597166112398,1,0,none
2025-01-01 00:19:47.000000000,0.0,0.0,0.0,0.0263567890833271,0.0,39.00269088815367,-7.556062281979716,0.4854999600881584,1,0,none
2025-01-01 00:19:47.099999905,0.0,0.0,0.0,0.0621378548235938,0.0,24.041801562230013,-6.279058880223214,0.73135442979527,1,0,none
2025-01-01 00:19:47.200000048,0.0,0.0,0.0,0.0757822614680912,0.0,38.72254560144394,-7.639349179061298,0.6462564441766797,1,0,none
2025-01-01 00:19:47.299999952,0.0,0.0,0.0,0.0741466023773038,0.0,24.141613569284228,-6.3355776017121626,0.7207669060662879,1,0,none
2025-01-01 00:19:47.400000095,0.0,0.0,0.0,0.069707625603286,0.0,38.39307186384248,-7.690446970219633,0.6223727416173103,1,0,none
2025-01-01 00:19:47.500000000,0.0,0.0,0.0,0.0447662667337622,0.0,23.54244436900134,-6.359722278100824,0.7267951499031792,1,0,none
2025-01-01 00:19:47.599999905,0.0,0.0,0.0,0.1734259795385258,0.0,24.94156311361503,-11.996836187899136,0.3409424804449159,1,0,none
2025-01-01 00:19:47.700000048,0.0,0.0,0.0,0.0807504644169354,0.0,24.908407253944432,-6.523619385987279,0.7263394405774802,1,0,none
2025-01-01 00:19:47.799999952,0.0,0.0,0.0,0.0436908006162487,0.0,38.18975992982667,-7.473419106360056,0.4859506038131279,1,0,none
2025-01-01 00:19:47.900000095,0.0,0.0,0.0,1.2045381366754433,0.0,4.602262392657878,-1.786106022175811,-10.4801447339286,1,1,cable_cut
2025-01-01 00:19:48.000000000,0.0,0.0,0.0,2.4394024606728393,0.0,2.158478908653069,-1.5740242114621306,-14.367775349312303,1,1,cable_cut
2025-01-01 00:19:48.099999905,0.0,0.0,0.0,2.2437616395484676,0.0,3.2483261565621957,-2.0437150201713035,-12.436609431880708,1,1,anchor_drag
2025-01-01 00:19:48.200000048,0.0,0.0,0.0,2.295465880650039,0.0,3.066509233229617,-2.6056908175350584,-12.364607902905954,1,1,cable_cut
2025-01-01 00:19:48.299999952,0.0,0.0,0.0,1.3090598445400063,0.0,4.333100995805923,-2.588188981646404,-13.080506359285526,1,1,cable_cut
2025-01-01 00:19:48.400000095,0.0,0.0,0.0,1.3738097259824533,0.0,3.363833555224551,-1.8368748541285072,-11.738732552180437,1,1,overheating
2025-01-01 00:19:48.500000000,0.0,0.0,0.0,2.3346351063860116,0.0,3.4575597926650987,-1.4031096965203207,-14.694716285931076,1,1,overheating
2025-01-01 00:19:48.599999905,0.0,0.0,0.0,0.0495879126525496,0.0,38.46380708976105,-7.727299843520329,0.508225980317897,1,0,none
2025-01-01 00:19:48.700000048,0.0,0.0,0.0,0.1042465826351015,0.0,-0.1049656047369009,-15.05925125960301,0.6164469017315122,1,0,none
2025-01-01 00:19:48.799999952,0.0,0.0,0.0,0.1016474975849579,0.0,38.54575776647384,-7.728525631532358,0.6978345816613275,1,0,none
2025-01-01 00:19:48.900000095,0.0,0.0,0.0,0.0635950605231082,0.0,24.6856007649477,-6.58842841605592,0.759479993833853,1,0,none
2025-01-01 00:19:49.000000000,0.0,0.0,0.0,0.0523509004565265,0.0,38.49202667193,-7.669759346956674,0.5205493480342618,1,0,none
2025-01-01 00:19:49.099999905,0.0,0.0,0.0,0.0896979472295564,0.0,25.509347613921967,-6.552560274125707,-0.0966957405838716,1,0,none
2025-01-01 00:19:49.200000048,0.0,0.0,0.0,0.0303184458588358,0.0,38.32619637179124,-7.672789380716432,0.675292510242872,1,0,none
2025-01-01 00:19:49.299999952,0.0,0.0,0.0,0.1053096469739444,0.0,24.91640309983621,-11.978270944684589,0.6327245964777453,1,0,none
2025-01-01 00:19:49.400000095,0.0,0.0,0.0,0.079611727422586,0.0,24.88375340101909,-6.599058163783211,0.7750969274399233,1,0,none
2025-01-01 00:19:49.500000000,0.0,0.0,0.0,0.1780281179398911,0.0,38.52584851632668,-7.806521100820614,0.5876607517999475,1,0,none
2025-01-01 00:19:49.599999905,0.0,0.0,0.0,0.1219902064140313,0.0,14.700628207336482,-2.428022411941332,0.6442461480795093,1,0,none
2025-01-01 00:19:49.700000048,0.0,0.0,0.0,0.114210015416876,0.0,38.6837720303663,-7.556805351989047,0.6254986993988506,1,0,none
2025-01-01 00:19:49.799999952,0.0,0.0,0.0,0.1278130204013217,0.0,14.186947469582462,-2.337175667751774,0.7224891308972176,1,0,none
2025-01-01 00:19:49.900000095,0.0,0.0,0.0,0.1385098694562996,0.0,38.9111514417596,-7.583798151035891,0.5827462224175768,1,0,none
2025-01-01 00:19:50.000000000,0.0,0.0,0.0,0.0330039910176216,0.0,14.98977483989266,-2.183953581238504,0.0223085472221623,1,0,none
2025-01-01 00:19:50.099999905,0.0,0.0,0.0,0.1373125259538397,0.0,24.62713852418106,-12.053540365972673,0.6246506407686947,1,0,none
2025-01-01 00:19:50.200000048,0.0,0.0,0.0,0.1579847937473428,0.0,37.91927681811429,-7.78566754481795,0.4900919524626557,1,0,none
2025-01-01 00:19:50.299999952,0.0,0.0,0.0,0.1576142746830979,0.0,14.40687835615758,-1.9338483378722355,0.6744890916795818,1,0,none
2025-01-01 00:19:50.400000095,0.0,0.0,0.0,0.10397956158756,0.0,38.52720006157187,-7.80229032330855,0.5821819853766557,1,0,none
2025-01-01 00:19:50.500000000,0.0,0.0,0.0,0.1046493779648393,0.0,13.674087569607233,-1.996202734612682,0.6309783958878427,1,0,none
2025-01-01 00:19:50.599999905,0.0,0.0,0.0,0.1145567236560349,0.0,38.76297708949228,-7.70350728070712,0.5412326792527905,1,0,none
2025-01-01 00:19:50.700000048,0.0,0.0,0.0,0.1471491006972558,0.0,12.357723105245563,-1.932611221559124,0.7411695244918475,1,0,none
2025-01-01 00:19:50.799999952,0.0,0.0,0.0,0.0499897195936438,0.0,38.39310334852972,-7.844107497119527,0.7396369844663788,1,0,none
2025-01-01 00:19:50.900000095,0.0,0.0,0.0,0.120651227831431,0.0,24.984036269118103,-11.880023017886709,0.4337335767803831,1,0,none
2025-01-01 00:19:51.000000000,0.0,0.0,0.0,0.0598470396129333,0.0,12.97610506628943,-2.074688350553123,-0.0505112964526066,1,0,none
2025-01-01 00:19:51.099999905,0.0,0.0,0.0,0.1154961727029304,0.0,24.605575341906874,-11.92941992951985,0.8223343084743651,1,0,none
2025-01-01 00:19:51.200000048,0.0,0.0,0.0,0.0896203327338249,0.0,38.559502931606886,-7.7362275977167485,0.4918380085624855,1,0,none
2025-01-01 00:19:51.299999952,0.0,0.0,0.0,0.1120449828205319,0.0,24.08470825871684,-6.380488486225412,0.8046119720950375,1,0,none
2025-01-01 00:19:51.400000095,0.0,0.0,0.0,2.3961155880388656,0.0,4.701952857183545,-2.5051076321190777,-11.674254053290733,1,1,cable_cut
2025-01-01 00:19:51.500000000,0.0,0.0,0.0,2.149419366636142,0.0,2.550689920573888,-2.438332984030013,-11.319388424890775,1,1,cable_cut
2025-01-01 00:19:51.599999905,0.0,0.0,0.0,2.1076682328618217,0.0,4.320637002288719,-2.14598732594595,-13.735067471778702,1,1,cable_cut
2025-01-01 00:19:51.700000048,0.0,0.0,0.0,1.6144568094729639,0.0,4.775506477042764,-2.031007597135013,-13.97680954300067,1,1,overheating
2025-01-01 00:19:51.799999952,0.0,0.0,0.0,2.272607075984742,0.0,3.1947930201575128,-2.5671601497246326,-10.3110452870367,1,1,cable_cut
2025-01-01 00:19:51.900000095,0.0,0.0,0.0,1.1895306108203914,0.0,2.1503699772058598,-2.8817643275123217,-11.069091339295433,1,1,cable_cut
2025-01-01 00:19:52.000000000,0.0,0.0,0.0,1.354019125872552,0.0,3.252116541052287,-1.6102937643786717,-11.62895320029138,1,1,cable_cut
2025-01-01 00:19:52.099999905,0.0,0.0,0.0,1.0270193564998706,0.0,4.73782948004075,-1.9831405997518632,-11.220696626386358,1,1,cable_cut
2025-01-01 00:19:52.200000048,0.0,0.0,0.0,1.0564406880320356,0.0,2.3368241013048805,-2.479504492313244,-14.436234789597442,1,1,overheating
2025-01-01 00:19:52.299999952,0.0,0.0,0.0,1.5749660539091552,0.0,3.443803241303732,-1.103484984562612,-11.21360631453801,1,1,cable_cut
2025-01-01 00:19:52.400000095,0.0,0.0,0.0,0.1598419350857253,0.0,38.45093716179754,-7.638141328138021,0.5218065048747333,1,0,none
2025-01-01 00:19:52.500000000,0.0,0.0,0.0,0.0912259403119035,0.0,0.0221660808373662,-15.0939835172828,0.6445368761046357,1,0,none
2025-01-01 00:19:52.599999905,0.0,0.0,0.0,0.147522279035991,0.0,39.23196234009565,-7.78238404444734,0.5355080053661351,1,0,none
2025-01-01 00:19:52.700000048,0.0,0.0,0.0,0.0921763921950583,0.0,0.090372744027417,-14.946142333317155,0.7091617799517544,1,0,none
2025-01-01 00:19:52.799999952,0.0,0.0,0.0,0.0012598683284441,0.0,38.41664344932492,-7.548086372289082,0.0124837513993892,1,0,none
2025-01-01 00:19:52.900000095,0.0,0.0,0.0,0.1195520504275435,0.0,24.750283166509167,-11.978359377175773,0.6028012372570134,1,0,none
2025-01-01 00:19:53.000000000,0.0,0.0,0.0,0.1477503656945063,0.0,-0.1475299837968608,-2.69124402780955,0.7653654559485789,1,0,none
2025-01-01 00:19:53.099999905,0.0,0.0,0.0,0.1626562473035238,0.0,25.65318803426472,-12.067056046685956,0.7168140415378678,1,0,none
2025-01-01 00:19:53.200000048,0.0,0.0,0.0,0.0394257999289687,0.0,38.48022300621621,-7.709388257570104,0.5758553188504705,1,0,none
2025-01-01 00:19:53.299999952,0.0,0.0,0.0,0.0596424002898068,0.0,14.072061160383086,-2.059335186441679,0.7047654516587827,1,0,none
2025-01-01 00:19:53.400000095,0.0,0.0,0.0,0.0432113289702176,0.0,38.4872215263586,-7.689124649870659,0.5883612731824793,1,0,none
2025-01-01 00:19:53.500000000,0.0,0.0,0.0,0.0452928565586022,0.0,13.978355362383889,-3.019768877427682,0.7243494069418531,1,0,none
2025-01-01 00:19:53.599999905,0.0,0.0,0.0,0.0374593717925686,0.0,37.53752358220262,-7.563542983086977,0.5472755953071099,1,0,none
2025-01-01 00:19:53.700000048,0.0,0.0,0.0,0.0918878911226137,0.0,19.828429145057022,-4.6310717910299735,0.807599128350215,1,0,none
2025-01-01 00:19:53.799999952,0.0,0.0,0.0,0.0149770290001215,0.0,38.40766650375417,-7.579778157392796,-0.0273091681720909,1,0,none
2025-01-01 00:19:53.900000095,0.0,0.0,0.0,0.0976113397902837,0.0,25.4976609083366,-12.026971026759526,0.6227228478354169,1,0,none
2025-01-01 00:19:54.000000000,0.0,0.0,0.0,0.1113078591081278,0.0,20.29537786846874,-4.335955802856314,0.6322853536836531,1,0,none
2025-01-01 00:19:54.099999905,0.0,0.0,0.0,0.1532332941535802,0.0,25.23720169560722,-11.94468193627343,0.7406808268225727,1,0,none
2025-01-01 00:19:54.200000048,0.0,0.0,0.0,0.0431325723003845,0.0,38.73618288793688,-7.615624791397508,0.6218284175863419,1,0,none
2025-01-01 00:19:54.299999952,0.0,0.0,0.0,0.0366415922866078,0.0,20.23787264649332,-4.489778167810286,0.604639046449604,1,0,none
2025-01-01 00:19:54.400000095,0.0,0.0,0.0,0.1245239034334,0.0,39.20533274395252,-7.660768346364729,0.5569475286527548,1,0,none
2025-01-01 00:19:54.500000000,0.0,0.0,0.0,0.1316507846609048,0.0,20.213172490563142,-4.730097079989098,0.7357707020622022,1,0,none
2025-01-01 00:19:54.599999905,0.0,0.0,0.0,0.0444182252195333,0.0,38.77317871016028,-7.557602734352139,0.5625981802064034,1,0,none
2025-01-01 00:19:54.700000048,0.0,0.0,0.0,0.0776240233694001,0.0,19.764726121421795,-4.531047243424268,0.7689077967803482,1,0,none
2025-01-01 00:19:54.799999952,0.0,0.0,0.0,0.0688841156608142,0.0,38.35251179402263,-7.628623512300894,0.0068111581188331,1,0,none
2025-01-01 00:19:54.900000095,0.0,0.0,0.0,0.0353651854972303,0.0,24.63975430004949,-11.824037241872634,0.4952876086819204,1,0,none
2025-01-01 00:19:55.000000000,0.0,0.0,0.0,0.0357567655943021,0.0,20.482219075054847,-4.887754649718662,0.8684022796077722,1,0,none
2025-01-01 00:19:55.099999905,0.0,0.0,0.0,0.0796658931901502,0.0,37.73423795439378,-7.592904484718321,0.5248231068342101,1,0,none
2025-01-01 00:19:55.200000048,0.0,0.0,0.0,0.0910499584939771,0.0,24.679306993174183,-6.405966991260168,0.7717080619389453,1,0,none
2025-01-01 00:19:55.299999952,0.0,0.0,0.0,0.0349921754049101,0.0,37.70188801920182,-7.661787495018777,0.5176580161457287,1,0,none
2025-01-01 00:19:55.400000095,0.0,0.0,0.0,0.0339580748689086,0.0,24.75061363135543,-6.689502366006819,0.586206840498965,1,0,none
2025-01-01 00:19:55.500000000,0.0,0.0,0.0,1.4718596563084212,0.0,3.1594742133796374,-2.912987797691484,-12.27489203634822,1,1,cable_cut
2025-01-01 00:19:55.599999905,0.0,0.0,0.0,1.3342915425424666,0.0,2.201529287529865,-1.3745049852476074,-14.174611372288792,1,1,overheating
2025-01-01 00:19:55.700000048,0.0,0.0,0.0,1.5047711705142977,0.0,4.841357605244237,-1.1970836545586094,-14.129145227624434,1,1,overheating
2025-01-01 00:19:55.799999952,0.0,0.0,0.0,1.0380709561544268,0.0,3.7060397681941457,-1.4289425506024669,-13.561312293929081,1,1,cable_cut
2025-01-01 00:19:55.900000095,0.0,0.0,0.0,1.5023155378271533,0.0,3.7344209480469504,-2.815282855996239,-11.327029370345443,1,1,anchor_drag
2025-01-01 00:19:56.000000000,0.0,0.0,0.0,1.3008386276860053,0.0,4.8757752179671,-2.7479164151020976,-13.421338705487182,1,1,cable_cut
2025-01-01 00:19:56.099999905,0.0,0.0,0.0,1.1614655663210884,0.0,2.2093428940704567,-2.973033170008711,-14.712633552721078,1,1,cable_cut
2025-01-01 00:19:56.200000048,0.0,0.0,0.0,1.9860518615493985,0.0,2.9778425040439034,-1.8222396990520358,-13.380562090657843,1,1,cable_cut
2025-01-01 00:19:56.299999952,0.0,0.0,0.0,1.1413423392544857,0.0,2.869605148334757,-1.4315402966257236,-10.00408407405649,1,1,overheating
2025-01-01 00:19:56.400000095,0.0,0.0,0.0,2.42890240971642,0.0,2.413143914966135,-2.67453559193292,-11.324001055568434,1,1,cable_cut
2025-01-01 00:19:56.500000000,0.0,0.0,0.0,1.3588568979000304,0.0,4.754559234051085,-2.480998299602029,-13.086019439355335,1,1,anchor_drag
2025-01-01 00:19:56.599999905,0.0,0.0,0.0,0.0401416669765043,0.0,25.4233657180942,-6.562648485352519,0.792511652591851,1,0,none
2025-01-01 00:19:56.700000048,0.0,0.0,0.0,0.0877473910086784,0.0,39.063227799057216,-7.703835796752891,0.5503970261511619,1,0,none
2025-01-01 00:19:56.799999952,0.0,0.0,0.0,0.0135510820705612,0.0,25.715516550381352,-6.592775312431234,0.0010748452844975,1,0,none
2025-01-01 00:19:56.900000095,0.0,0.0,0.0,0.0820990375874227,0.0,24.18773029189837,-12.004464549790235,0.6268682548134037,1,0,none
2025-01-01 00:19:57.000000000,0.0,0.0,0.0,0.0896338432531059,0.0,38.57879259636151,-7.674328730078095,0.5464456933607343,1,0,none
2025-01-01 00:19:57.099999905,0.0,0.0,0.0,0.0868871517332799,0.0,25.26499509314974,-6.057033057574144,0.7160772319658999,1,0,none
2025-01-01 00:19:57.200000048,0.0,0.0,0.0,0.0588286853309194,0.0,38.310208722616544,-7.472611332494218,0.6166783411099173,1,0,none
2025-01-01 00:19:57.299999952,0.0,0.0,0.0,0.0652717916880303,0.0,20.6563491584821,-5.151746221383694,0.6624053185048339,1,0,none
2025-01-01 00:19:57.400000095,0.0,0.0,0.0,0.0793253110050102,0.0,38.40099850294631,-7.628273187382787,0.6639054311692756,1,0,none
2025-01-01 00:19:57.500000000,0.0,0.0,0.0,0.0189333813623218,0.0,20.487455182387908,-5.022649002674578,0.7278434158414493,1,0,none
2025-01-01 00:19:57.599999905,0.0,0.0,0.0,0.0463456014026959,0.0,38.46104460103569,-7.695357478204071,-0.0759705938016903,1,0,none
2025-01-01 00:19:57.700000048,0.0,0.0,0.0,0.0331065964249126,0.0,24.576759314472717,-11.941698919730026,0.5077400942957222,1,0,none
2025-01-01 00:19:57.799999952,0.0,0.0,0.0,0.0313914051660766,0.0,21.107000282174955,-4.918124044131669,0.0710499582108409,1,0,none
2025-01-01 00:19:57.900000095,0.0,0.0,0.0,0.0438957693058847,0.0,25.67109132311849,-11.946836786998864,0.7621614571481197,1,0,none
2025-01-01 00:19:58.000000000,0.0,0.0,0.0,0.0136704136802744,0.0,38.20119228231978,-7.55014366897144,0.5509046740780251,1,0,none
2025-01-01 00:19:58.099999905,0.0,0.0,0.0,0.0429242004766861,0.0,21.01464690869824,-5.443032756351211,0.7074958851528925,1,0,none
2025-01-01 00:19:58.200000048,0.0,0.0,0.0,0.0088113391203456,0.0,36.84296279124626,-7.680572766571204,0.4917694863137015,1,0,none
2025-01-01 00:19:58.299999952,0.0,0.0,0.0,0.0250182070539614,0.0,21.80971941210896,-5.515755890873346,0.766072137011767,1,0,none
2025-01-01 00:19:58.400000095,0.0,0.0,0.0,0.0125728679959893,0.0,38.79281514578945,-7.457317157305539,0.5006116456612767,1,0,none
2025-01-01 00:19:58.500000000,0.0,0.0,0.0,0.0162493860135775,0.0,22.016191769407182,-5.436607883995945,0.7922370555561709,1,0,none
2025-01-01 00:19:58.599999905,0.0,0.0,0.0,0.0128859754318783,0.0,38.52320911908523,-7.705439032355621,0.617602118433257,1,0,none
2025-01-01 00:19:58.700000048,0.0,0.0,0.0,0.0483812446354204,0.0,22.26677902742769,-5.536213206461494,0.7524077777109754,1,0,none
2025-01-01 00:19:58.799999952,0.0,0.0,0.0,0.0078708512444507,0.0,39.36381636078284,-7.556853594011888,0.59838056830611,1,0,none
2025-01-01 00:19:58.900000095,0.0,0.0,0.0,0.0769207499528212,0.0,23.31369140623128,-5.843898841385933,0.8423819854012847,1,0,none
2025-01-01 00:19:59.000000000,0.0,0.0,0.0,1.6869666132040362,0.0,2.039870390121206,-2.568637258888425,-10.295720071789262,1,1,overheating
2025-01-01 00:19:59.099999905,0.0,0.0,0.0,1.0126330257495788,0.0,2.5197760871097636,-1.8199851918083032,-10.889440632849858,1,1,cable_cut
2025-01-01 00:19:59.200000048,0.0,0.0,0.0,1.4701915867029274,0.0,2.9754419016958886,-2.9134969866470266,-12.924922319619872,1,1,overheating
2025-01-01 00:19:59.299999952,0.0,0.0,0.0,1.3361733902341397,0.0,2.8909351032488297,-2.236430404828418,-11.24034012869968,1,1,overheating
2025-01-01 00:19:59.400000095,0.0,0.0,0.0,1.1705715425569316,0.0,4.646640431691849,-2.82354934693062,-12.818983805961688,1,1,cable_cut
2025-01-01 00:19:59.500000000,0.0,0.0,0.0,1.538633420888322,0.0,4.077246601595948,-2.107697970865913,-14.763670025523233,1,1,cable_cut
2025-01-01 00:19:59.599999905,0.0,0.0,0.0,1.222123188139712,0.0,4.858640649824901,-1.6694309357553478,-13.698105297171896,1,1,cable_cut
2025-01-01 00:19:59.700000048,0.0,0.0,0.0,2.4026930037394134,0.0,3.1170546729738478,-1.8089096255625157,-10.908143825770912,1,1,overheating
2025-01-01 00:19:59.799999952,0.0,0.0,0.0,1.2560962096769108,0.0,2.254404887265883,-2.448976474353808,-10.623719303081122,1,1,overheating
2025-01-01 00:19:59.900000095,0.0,0.0,0.0,0.0540203881072091,0.0,38.21610585317566,-7.58899044975265,0.545369058740643,1,0,none
2025-01-01 00:20:00.000000000,0.0,0.0,0.0,0.0684986748889878,0.0,0.3524442172757075,-7.509470157932117,0.8015058925045232,1,0,none
2025-01-01 00:20:00.099999905,0.0,0.0,0.0,0.0417893229603094,0.0,38.03630571657386,-7.638225799238467,0.644053786151199,1,0,none
2025-01-01 00:20:00.200000048,0.0,0.0,0.0,0.1137223595390223,0.0,24.90166148323676,-11.975310943405656,0.4008263207067276,1,0,none
2025-01-01 00:20:00.299999952,0.0,0.0,0.0,0.0871080368221438,0.0,25.8875019929856,-7.000912228404719,0.6572695344550794,1,0,none
2025-01-01 00:20:00.400000095,0.0,0.0,0.0,0.1255745104773137,0.0,38.60477259751989,-7.774338144955305,0.4847268988863413,1,0,none
2025-01-01 00:20:00.500000000,0.0,0.0,0.0,0.1278535311442165,0.0,25.854148816823425,-6.91552562978417,0.7403830443839025,1,0,none
2025-01-01 00:20:00.599999905,0.0,0.0,0.0,0.1366730184469601,0.0,38.68313194594285,-7.685100685463315,0.5345357853343525,1,0,none
2025-01-01 00:20:00.700000048,0.0,0.0,0.0,0.1713274157259561,0.0,25.689377768286395,-2.154408404083328,0.7911036432769271,1,0,none
2025-01-01 00:20:00.799999952,0.0,0.0,0.0,0.1250598513908243,0.0,38.3895825153569,-7.595838617008467,0.5716221555212156,1,0,none
2025-01-01 00:20:00.900000095,0.0,0.0,0.0,0.1125698199315956,0.0,12.777723196602093,-2.0360308448432045,0.7265297832444662,1,0,none
2025-01-01 00:20:01.000000000,0.0,0.0,0.0,0.27306238616959,0.0,38.41654525938849,-7.781911753267192,0.646175897505255,1,0,none
2025-01-01 00:20:01.099999905,0.0,0.0,0.0,0.4306072717393595,0.0,25.23626299729806,-12.155837378884993,0.3807447311577773,1,0,none
2025-01-01 00:20:01.200000048,0.0,0.0,0.0,0.135056477888346,0.0,12.706041456157044,-2.0378608483548235,0.7133681908976194,1,0,none
2025-01-01 00:20:01.299999952,0.0,0.0,0.0,0.0455110551291683,0.0,38.85403133270248,-7.793213531684193,0.4967279130224707,1,0,none
2025-01-01 00:20:01.400000095,0.0,0.0,0.0,0.0697992588010323,0.0,13.005699724677962,-2.003614798170551,0.7831946563048068,1,0,none
2025-01-01 00:20:01.500000000,0.0,0.0,0.0,0.1198334686289918,0.0,38.34362355794316,-7.700972537282328,0.5932257932884341,1,0,none
2025-01-01 00:20:01.599999905,0.0,0.0,0.0,0.0697951118751724,0.0,19.68552216472324,-6.886190591011386,0.7699468597083724,1,0,none
2025-01-01 00:20:01.700000048,0.0,0.0,0.0,0.0513559083732114,0.0,38.38176382258307,-7.740113048602187,0.5085966403387007,1,0,none
2025-01-01 00:20:01.799999952,0.0,0.0,0.0,0.0776116661667016,0.0,25.891455212218464,-6.908011479868518,0.716536501754873,1,0,none
2025-01-01 00:20:01.900000095,0.0,0.0,0.0,0.0277632350510189,0.0,38.66381783635754,-7.716794198503227,-0.0956339200732828,1,0,none
2025-01-01 00:20:02.000000000,0.0,0.0,0.0,0.1353028271272173,0.0,24.821102593272425,-11.856408460586511,0.616150463435402,1,0,none
2025-01-01 00:20:02.099999905,0.0,0.0,0.0,0.3218881560331798,0.0,25.858590444600367,-6.783866340031905,0.6350924912181282,1,0,none
2025-01-01 00:20:02.200000048,0.0,0.0,0.0,0.1179969936443015,0.0,25.16397691770659,-11.946864968112584,0.6439770508780768,1,0,none
2025-01-01 00:20:02.299999952,0.0,0.0,0.0,0.0472518222255638,0.0,38.94725588174299,-7.572469848271711,0.5557646134785097,1,0,none
2025-01-01 00:20:02.400000095,0.0,0.0,0.0,0.1028337167792897,0.0,16.689844103722788,-1.9076477400798049,0.7102079780121022,1,0,none
2025-01-01 00:20:02.500000000,0.0,0.0,0.0,0.16964389787228,0.0,38.747382206217885,-7.519067067197906,0.5463625700774108,1,0,none
2025-01-01 00:20:02.599999905,0.0,0.0,0.0,1.5527052809348083,0.0,2.59294589296885,-2.658568217191434,-10.931652551550123,1,1,cable_cut
2025-01-01 00:20:02.700000048,0.0,0.0,0.0,2.0307085117305324,0.0,3.8872932183245466,-2.9957852214625023,-10.114152727549909,1,1,cable_cut
2025-01-01 00:20:02.799999952,0.0,0.0,0.0,2.355194570228158,0.0,2.555293223434091,-2.8721676481311595,-14.760433082702036,1,1,cable_cut
2025-01-01 00:20:02.900000095,0.0,0.0,0.0,2.367037340446932,0.0,4.142390359607302,-1.4236923234225172,-11.032617179829776,1,1,cable_cut
2025-01-01 00:20:03.000000000,0.0,0.0,0.0,1.1423254402114085,0.0,4.480176814427043,-2.3887890822247604,-14.186581230675582,1,1,cable_cut
2025-01-01 00:20:03.099999905,0.0,0.0,0.0,1.634012236547511,0.0,4.578397291807714,-1.0692926928050308,-13.557080413369022,1,1,cable_cut
2025-01-01 00:20:03.200000048,0.0,0.0,0.0,1.4494034040973687,0.0,2.71742667272233,-2.7543088544839858,-13.916067529554052,1,1,cable_cut
2025-01-01 00:20:03.299999952,0.0,0.0,0.0,1.209702611644339,0.0,4.178780154966251,-1.6635513401300939,-14.715800102700864,1,1,cable_cut
2025-01-01 00:20:03.400000095,0.0,0.0,0.0,1.0406451038605122,0.0,3.3542427509040276,-1.092185303891586,-12.924532401746218,1,1,cable_cut
2025-01-01 00:20:03.500000000,0.0,0.0,0.0,0.105178937298803,0.0,38.28600672991594,-7.752240647916246,0.6017561082885787,1,0,none
2025-01-01 00:20:03.599999905,0.0,0.0,0.0,0.0811211645913697,0.0,-0.0785835019273061,-15.068623871731944,0.7617527867753792,1,0,none
2025-01-01 00:20:03.700000048,0.0,0.0,0.0,0.0827491893108729,0.0,37.89917911849362,-7.550856346774812,0.6443552991476623,1,0,none
2025-01-01 00:20:03.799999952,0.0,0.0,0.0,0.1011863621604299,0.0,0.5204288379370732,-3.2992941544018493,0.7040613962047882,1,0,none
2025-01-01 00:20:03.900000095,0.0,0.0,0.0,0.0129849503970926,0.0,38.17885952709398,-7.608402506155648,-0.0506487297909978,1,0,none
2025-01-01 00:20:04.000000000,0.0,0.0,0.0,0.1048632965139662,0.0,25.098073259271757,-11.817802312452178,0.544849606211568,1,0,none
2025-01-01 00:20:04.099999905,0.0,0.0,0.0,0.1255975815583708,0.0,15.76957765108344,-2.4883761537872915,0.6716667197295518,1,0,none
2025-01-01 00:20:04.200000048,0.0,0.0,0.0,0.1459554938865886,0.0,24.970599709965,-12.04474482410873,0.6645404363743138,1,0,none
2025-01-01 00:20:04.299999952,0.0,0.0,0.0,0.150027618237487,0.0,38.84295859546126,-7.660759574442276,0.5575426718403417,1,0,none
2025-01-01 00:20:04.400000095,0.0,0.0,0.0,0.0412574117860018,0.0,16.10137873809109,-2.7410090629159245,0.7344147892896127,1,0,none
2025-01-01 00:20:04.500000000,0.0,0.0,0.0,0.1250369487210366,0.0,38.6754481009826,-7.681648743357351,0.5123895157841503,1,0,none
2025-01-01 00:20:04.599999905,0.0,0.0,0.0,0.0729401391121235,0.0,15.99652340528916,-2.9398418357367544,0.7377298803706371,1,0,none
2025-01-01 00:20:04.700000048,0.0,0.0,0.0,0.1135565303965024,0.0,38.69866746101811,-7.811551643988047,0.5774489232101853,1,0,none
2025-01-01 00:20:04.799999952,0.0,0.0,0.0,0.1071602272655564,0.0,25.60525942717919,-6.610921865099763,0.7978208603296348,1,0,none
2025-01-01 00:20:04.900000095,0.0,0.0,0.0,0.000497614401276,0.0,38.3611250861541,-7.712053725395497,-0.0801461956595494,1,0,none
2025-01-01 00:20:05.000000000,0.0,0.0,0.0,0.0372083769002293,0.0,25.322617166324925,-11.863149887654236,0.534839945683573,1,0,none
2025-01-01 00:20:05.099999905,0.0,0.0,0.0,0.0062801272283009,0.0,25.733149959694213,-6.5400784064203386,-0.0070671602737352,1,0,none
2025-01-01 00:20:05.200000048,0.0,0.0,0.0,0.0726885486601075,0.0,25.324761102604874,-12.04071314556916,0.6408739988886184,1,0,none
2025-01-01 00:20:05.299999952,0.0,0.0,0.0,0.1961071688520961,0.0,38.301955639799054,-7.686795649875639,0.5440147133479651,1,0,none
2025-01-01 00:20:05.400000095,0.0,0.0,0.0,0.1603679344580517,0.0,25.84949870972884,-2.459111503245297,0.7073997804770014,1,0,none
2025-01-01 00:20:05.500000000,0.0,0.0,0.0,0.1429286438629708,0.0,38.671840096634135,-7.569229440689474,0.5759417272640496,1,0,none
2025-01-01 00:20:05.599999905,0.0,0.0,0.0,0.0908107493017923,0.0,13.5887473865513,-2.3245371194839475,0.7038579012815834,1,0,none
2025-01-01 00:20:05.700000048,0.0,0.0,0.0,0.0872856480039944,0.0,39.07847606242581,-7.5806311770353405,0.5059525295001223,1,0,none
2025-01-01 00:20:05.799999952,0.0,0.0,0.0,0.1191029302448628,0.0,13.896317039949349,-1.913842417910189,0.8006015013785923,1,0,none
2025-01-01 00:20:05.900000095,0.0,0.0,0.0,0.0762100650131185,0.0,38.68517836628142,-7.635982569783813,0.0414563385810799,1,0,none
2025-01-01 00:20:06.000000000,0.0,0.0,0.0,0.1714205734670901,0.0,24.82689866808184,-11.904982353391498,0.5776359872324934,1,0,none
2025-01-01 00:20:06.099999905,0.0,0.0,0.0,0.0609455237758132,0.0,13.501936732189892,-1.9507424408009255,0.0502415628505468,1,0,none
2025-01-01 00:20:06.200000048,0.0,0.0,0.0,0.1609196862100109,0.0,24.81879103435757,-11.977840624719576,0.7122304585905238,1,0,none
2025-01-01 00:20:06.299999952,0.0,0.0,0.0,0.1175566733964647,0.0,38.66576125629008,-7.582117185163733,0.6143150442760978,1,0,none
2025-01-01 00:20:06.400000095,0.0,0.0,0.0,0.1252478972000046,0.0,14.002028643826108,-2.203059149113341,0.7028435975142882,1,0,none
2025-01-01 00:20:06.500000000,0.0,0.0,0.0,0.115155819257838,0.0,38.64853746218082,-7.660824541475033,0.5500873730137092,1,0,none
2025-01-01 00:20:06.599999905,0.0,0.0,0.0,0.0938056202703283,0.0,13.904017204872586,-2.1456710544015496,0.7317614239395601,1,0,none
2025-01-01 00:20:06.700000048,0.0,0.0,0.0,1.4987381089884697,0.0,3.746947594078394,-1.508738769533718,-13.38532019423365,1,1,anchor_drag
2025-01-01 00:20:06.799999952,0.0,0.0,0.0,1.5783112537192467,0.0,2.7297532492722762,-2.6660345747174343,-12.75799251699495,1,1,cable_cut
2025-01-01 00:20:06.900000095,0.0,0.0,0.0,1.7645005047267066,0.0,4.889841625963893,-2.921473292903779,-13.281671079419997,1,1,cable_cut
2025-01-01 00:20:07.000000000,0.0,0.0,0.0,1.5523976921582872,0.0,2.2234936077725664,-1.2541854978087155,-11.398473762134255,1,1,cable_cut
2025-01-01 00:20:07.099999905,0.0,0.0,0.0,2.1748530181718015,0.0,2.3190064710033678,-1.4299046826655606,-11.713019998645565,1,1,cable_cut
2025-01-01 00:20:07.200000048,0.0,0.0,0.0,1.368305285391603,0.0,4.896341982172796,-1.5913085486528955,-10.474109570018898,1,1,cable_cut
2025-01-01 00:20:07.299999952,0.0,0.0,0.0,1.1115310498525572,0.0,3.9728900098731503,-1.7401887737417643,-13.440165360219055,1,1,cable_cut
2025-01-01 00:20:07.400000095,0.0,0.0,0.0,0.0207913491536866,0.0,-0.3133999591893729,-15.092427750355355,0.7381707957998075,1,0,none
2025-01-01 00:20:07.500000000,0.0,0.0,0.0,0.0820394702924245,0.0,38.63646274019915,-7.716977430350314,0.7659030644918695,1,0,none
2025-01-01 00:20:07.599999905,0.0,0.0,0.0,0.150497909889673,0.0,24.996718284411973,-12.051958621906715,0.4171497557035653,1,0,none
2025-01-01 00:20:07.700000048,0.0,0.0,0.0,0.0253110599042704,0.0,0.1319528659418483,-6.520790037896381,0.8325465811249976,1,0,none
2025-01-01 00:20:07.799999952,0.0,0.0,0.0,0.1603186577649473,0.0,25.502927025353223,-12.039844844328808,0.7690974660766997,1,0,none
2025-01-01 00:20:07.900000095,0.0,0.0,0.0,0.0748678628933328,0.0,38.8178107997688,-7.62683705447816,0.5873531125045339,1,0,none
2025-01-01 00:20:08.000000000,0.0,0.0,0.0,0.0416365484358531,0.0,24.677665861722847,-6.38357071242848,0.795799778157642,1,0,none
2025-01-01 00:20:08.099999905,0.0,0.0,0.0,0.1812926897360237,0.0,38.62840441684122,-7.72668687574511,0.530529073335879,1,0,none
2025-01-01 00:20:08.200000048,0.0,0.0,0.0,0.0703274915423839,0.0,24.157835296754666,-6.370638130916618,0.7749155771874839,1,0,none
2025-01-01 00:20:08.299999952,0.0,0.0,0.0,0.0871037043421688,0.0,38.5826401522357,-7.60634527704474,0.5847843355538063,1,0,none
2025-01-01 00:20:08.400000095,0.0,0.0,0.0,0.0961051071243161,0.0,20.05857445588426,-3.1500147422397675,0.7063032858920248,1,0,none
2025-01-01 00:20:08.500000000,0.0,0.0,0.0,0.2032606319272968,0.0,38.96748848703174,-7.679737871832409,0.755053719344655,1,0,none
2025-01-01 00:20:08.599999905,0.0,0.0,0.0,0.2826448567491242,0.0,25.23711732296064,-12.084187965440698,0.529391524888025,1,0,none
2025-01-01 00:20:08.700000048,0.0,0.0,0.0,0.0243860938077677,0.0,16.656153748988483,-3.188566639750629,0.6415537749089032,1,0,none
2025-01-01 00:20:08.799999952,0.0,0.0,0.0,0.1915997470299398,0.0,25.370782960668432,-11.836846622922746,0.6598133688538359,1,0,none
2025-01-01 00:20:08.900000095,0.0,0.0,0.0,0.141749184685881,0.0,37.99398307564304,-7.696434308865671,0.6842652654417942,1,0,none
2025-01-01 00:20:09.000000000,0.0,0.0,0.0,0.1332575039994067,0.0,16.476441385402797,-2.759054216664318,0.7213347421152186,1,0,none
2025-01-01 00:20:09.099999905,0.0,0.0,0.0,0.0877569025076527,0.0,38.20680626470869,-7.586261127061172,0.5595434839315785,1,0,none
2025-01-01 00:20:09.200000048,0.0,0.0,0.0,0.0879809034436972,0.0,16.297823290460304,-2.0340748094561283,0.6942307129168916,1,0,none
2025-01-01 00:20:09.299999952,0.0,0.0,0.0,0.1084409592703236,0.0,38.50648772225984,-7.562194778443785,0.610421800048572,1,0,none
2025-01-01 00:20:09.400000095,0.0,0.0,0.0,0.1038644403793474,0.0,14.098520983629085,-2.0649756469016736,0.8305623654405143,1,0,none
2025-01-01 00:20:09.500000000,0.0,0.0,0.0,0.0249761984051739,0.0,38.66845618668829,-7.709517737471641,-0.0332594270366672,1,0,none
2025-01-01 00:20:09.599999905,0.0,0.0,0.0,0.1296053613725862,0.0,25.40353515208353,-12.097683987196705,0.5451561636405333,1,0,none
2025-01-01 00:20:09.700000048,0.0,0.0,0.0,0.1608745578831874,0.0,13.719430851720215,-1.968768530375573,0.6824636435716067,1,0,none
2025-01-01 00:20:09.799999952,0.0,0.0,0.0,0.122020080900675,0.0,25.212734316889986,-11.973496590752989,0.7366432488409639,1,0,none
2025-01-01 00:20:09.900000095,0.0,0.0,0.0,0.0868033343403575,0.0,38.54866696506965,-7.5861673778100975,0.6111196718825288,1,0,none
2025-01-01 00:20:10.000000000,0.0,0.0,0.0,0.0544530413172545,0.0,13.509412918978532,-2.141176302488108,0.7810466392666557,1,0,none
2025-01-01 00:20:10.099999905,0.0,0.0,0.0,0.0710661101843071,0.0,38.32441506244309,-7.606467714226776,0.588335914131014,1,0,none
2025-01-01 00:20:10.200000048,0.0,0.0,0.0,0.062687628958901,0.0,20.15503658994335,-4.69888089178198,0.8259666395621809,1,0,none
2025-01-01 00:20:10.299999952,0.0,0.0,0.0,0.0714378470665972,0.0,38.93368773496752,-7.538894270558362,0.5212623508396294,1,0,none
2025-01-01 00:20:10.400000095,0.0,0.0,0.0,0.0589589856202644,0.0,20.439116917267132,-4.8466324163179575,0.6582729723783648,1,0,none
2025-01-01 00:20:10.500000000,0.0,0.0,0.0,1.9723565185543364,0.0,3.8236296154074427,-1.803273903636237,-11.479290232286646,1,1,cable_cut
2025-01-01 00:20:10.599999905,0.0,0.0,0.0,2.3275135974078696,0.0,3.162298122665822,-1.8790773022762721,-14.745321819453299,1,1,cable_cut
2025-01-01 00:20:10.700000048,0.0,0.0,0.0,1.0818570824790232,0.0,4.391699305350055,-1.616232605585952,-12.705168067639644,1,1,anchor_drag
2025-01-01 00:20:10.799999952,0.0,0.0,0.0,2.016561425016333,0.0,3.92539518976182,-1.5318834692070846,-12.315467297004275,1,1,cable_cut
2025-01-01 00:20:10.900000095,0.0,0.0,0.0,1.1534550110832313,0.0,3.4101716988706716,-2.416289521164771,-11.721233223639878,1,1,cable_cut
2025-01-01 00:20:11.000000000,0.0,0.0,0.0,1.6497860327507021,0.0,3.751532213358595,-2.423305494059535,-13.67876191472591,1,1,cable_cut
2025-01-01 00:20:11.099999905,0.0,0.0,0.0,1.1039214323667006,0.0,2.857919123390923,-2.6715273512352216,-12.31183118750136,1,1,cable_cut
2025-01-01 00:20:11.200000048,0.0,0.0,0.0,1.4724537897205106,0.0,3.3829428259204772,-1.489557635560746,-14.032712374718443,1,1,anchor_drag
2025-01-01 00:20:11.299999952,0.0,0.0,0.0,0.1796362684665106,0.0,25.15077243231143,-11.797612033908504,0.3467733289819144,1,0,none
2025-01-01 00:20:11.400000095,0.0,0.0,0.0,0.1183380127443207,0.0,-0.0986668490012427,-14.976796532149608,0.7817565519490116,1,0,none
2025-01-01 00:20:11.500000000,0.0,0.0,0.0,0.0513221605274736,0.0,38.81579828054883,-7.641710025672319,0.4528097576553577,1,0,none
2025-01-01 00:20:11.599999905,0.0,0.0,0.0,0.0134907350303983,0.0,25.850907947391384,-6.841241216384479,0.0045212463982711,1,0,none
2025-01-01 00:20:11.700000048,0.0,0.0,0.0,0.0921636564605473,0.0,25.144590348115862,-12.10307026074272,0.7759754944054151,1,0,none
2025-01-01 00:20:11.799999952,0.0,0.0,0.0,0.0582277547244804,0.0,38.27224493614975,-7.661506917229994,0.5454729380125812,1,0,none
2025-01-01 00:20:11.900000095,0.0,0.0,0.0,0.0864771942406652,0.0,25.65361408477814,-6.709433127728939,0.8046611448535437,1,0,none
2025-01-01 00:20:12.000000000,0.0,0.0,0.0,0.0177604452883563,0.0,38.88364919139782,-7.653262932889745,0.4814719382897933,1,0,none
2025-01-01 00:20:12.099999905,0.0,0.0,0.0,0.0117595440387186,0.0,25.97618108558435,-6.729456576868038,0.7149455249311942,1,0,none
2025-01-01 00:20:12.200000048,0.0,0.0,0.0,0.0494374524065191,0.0,38.58551042262981,-7.461701449131563,-0.0165017323125444,1,0,none
2025-01-01 00:20:12.299999952,0.0,0.0,0.0,0.0266807745773964,0.0,24.908081371874044,-12.058047813701672,0.5856362284704654,1,0,none
2025-01-01 00:20:12.400000095,0.0,0.0,0.0,0.0923315374005208,0.0,22.36961803220409,-5.3831252052624,0.8109253793023061,1,0,none
2025-01-01 00:20:12.500000000,0.0,0.0,0.0,0.1568617436326304,0.0,24.8176570059911,-11.899560639563486,0.8071682991371208,1,0,none
2025-01-01 00:20:12.599999905,0.0,0.0,0.0,0.0848348064658988,0.0,38.45931962802973,-7.725934442320455,0.5097107051513053,1,0,none
2025-01-01 00:20:12.700000048,0.0,0.0,0.0,0.0175295817960525,0.0,22.03579784381094,-5.374739693978749,0.6302505550709674,1,0,none
2025-01-01 00:20:12.799999952,0.0,0.0,0.0,0.0532594162278301,0.0,38.95189030974928,-7.47034486671496,0.6394544491466531,1,0,none
2025-01-01 00:20:12.900000095,0.0,0.0,0.0,0.0363158015828417,0.0,21.642872212691994,-5.4233648749561,0.6284570708033808,1,0,none
2025-01-01 00:20:13.000000000,0.0,0.0,0.0,0.0338735337958892,0.0,39.18790519458677,-7.556705612350891,0.5841531355699523,1,0,none
2025-01-01 00:20:13.099999905,0.0,0.0,0.0,0.1009077309717802,0.0,20.69397250810809,-4.702359826665223,0.6510664978989015,1,0,none
2025-01-01 00:20:13.200000048,0.0,0.0,0.0,0.1318914509384265,0.0,38.18712152145738,-7.481584804663497,0.5965340824576156,1,0,none
2025-01-01 00:20:13.299999952,0.0,0.0,0.0,0.2238635394063869,0.0,25.11071561457699,-12.164546784540764,0.3812608103093384,1,0,none
2025-01-01 00:20:13.400000095,0.0,0.0,0.0,0.0794654417868344,0.0,20.185100235654964,-4.647151406448333,0.7449749981238579,1,0,none
2025-01-01 00:20:13.500000000,0.0,0.0,0.0,0.1009462535871782,0.0,38.63022054615495,-7.786157633496807,0.4889114455763463,1,0,none
2025-01-01 00:20:13.599999905,0.0,0.0,0.0,0.0092904208139145,0.0,20.187143125701898,-4.72373470717745,0.7788047364072416,1,0,none
2025-01-01 00:20:13.700000048,0.0,0.0,0.0,0.0136295291969722,0.0,38.622282107057046,-7.732225384924716,0.5881431780593226,1,0,none
2025-01-01 00:20:13.799999952,0.0,0.0,0.0,0.099962167361185,0.0,20.92652198702416,-5.3057098865596455,0.6864154929240348,1,0,none
2025-01-01 00:20:13.900000095,0.0,0.0,0.0,0.0055118428656398,0.0,38.89701836921491,-7.776406454247128,0.5386119355643815,1,0,none
2025-01-01 00:20:14.000000000,0.0,0.0,0.0,0.0227886873780586,0.0,22.35316178985469,-5.747102567770875,0.8288537411163582,1,0,none
2025-01-01 00:20:14.099999905,0.0,0.0,0.0,1.214602923310392,0.0,4.905228628398626,-2.1295114429741466,-13.600803223928288,1,1,anchor_drag
2025-01-01 00:20:14.200000048,0.0,0.0,0.0,1.948782104362408,0.0,4.440657265104198,-1.8125693579503326,-11.589182475741808,1,1,anchor_drag
2025-01-01 00:20:14.299999952,0.0,0.0,0.0,2.4045546641093223,0.0,2.1890418373239786,-1.304258501853144,-14.74664025821708,1,1,anchor_drag
2025-01-01 00:20:14.400000095,0.0,0.0,0.0,2.3608233103251273,0.0,3.034825412676855,-2.1607952809204463,-10.173112784421786,1,1,cable_cut
2025-01-01 00:20:14.500000000,0.0,0.0,0.0,1.4623196819401763,0.0,2.6700669158829724,-2.212672772142918,-14.569341288633566,1,1,anchor_drag
2025-01-01 00:20:14.599999905,0.0,0.0,0.0,1.416730255266096,0.0,3.6374957721324668,-2.2250819950174634,-10.0355426158423,1,1,cable_cut
2025-01-01 00:20:14.700000048,0.0,0.0,0.0,1.863692923318724,0.0,4.867880330312766,-2.1515824098291185,-14.189442578927373,1,1,cable_cut
2025-01-01 00:20:14.799999952,0.0,0.0,0.0,1.869966142476297,0.0,3.2387274434285556,-2.9485737536980157,-11.863595035663629,1,1,cable_cut
2025-01-01 00:20:14.900000095,0.0,0.0,0.0,1.8937475518502769,0.0,3.0106127477787807,-1.351560745265523,-12.756195278616584,1,1,cable_cut
2025-01-01 00:20:15.000000000,0.0,0.0,0.0,1.9834997357357227,0.0,3.9737302320211545,-2.640264462791773,-11.839322965390853,1,1,anchor_drag
2025-01-01 00:20:15.099999905,0.0,0.0,0.0,0.0615330784939139,0.0,38.021147850161285,-7.450254730961809,-0.0188302371970765,1,0,none
2025-01-01 00:20:15.200000048,0.0,0.0,0.0,0.0875086713198142,0.0,25.353426210568653,-11.738127113570188,0.5456299145154412,1,0,none
2025-01-01 00:20:15.299999952,0.0,0.0,0.0,0.0702513903873014,0.0,-0.3372497954285802,-15.026438335984972,0.8031313748693995,1,0,none
2025-01-01 00:20:15.400000095,0.0,0.0,0.0,0.051698872517876,0.0,38.81006295425563,-7.594640978444356,0.5961213875309156,1,0,none
2025-01-01 00:20:15.500000000,0.0,0.0,0.0,0.0103024244837453,0.0,25.01495424098444,-6.608830306458171,0.0092416444179546,1,0,none
2025-01-01 00:20:15.599999905,0.0,0.0,0.0,0.0615314123705532,0.0,25.03182177291605,-11.894412681709296,0.8095269492186393,1,0,none
2025-01-01 00:20:15.700000048,0.0,0.0,0.0,0.0782810494589741,0.0,38.2123374842465,-7.733594758827997,0.5028256910592799,1,0,none
2025-01-01 00:20:15.799999952,0.0,0.0,0.0,0.0704169579282073,0.0,25.20215136894847,-6.627078130984748,0.7538668443639185,1,0,none
2025-01-01 00:20:15.900000095,0.0,0.0,0.0,0.1319943286080441,0.0,37.95114540420907,-7.692992499254077,0.5104785642825267,1,0,none
2025-01-01 00:20:16.000000000,0.0,0.0,0.0,0.0334007971958303,0.0,25.1754725989824,-5.7001222170283015,0.761984726503212,1,0,none
2025-01-01 00:20:16.099999905,0.0,0.0,0.0,0.0643245280507414,0.0,38.811544597681454,-7.665341897826036,0.549332676761501,1,0,none
2025-01-01 00:20:16.200000048,0.0,0.0,0.0,0.1181442025069504,0.0,21.07059515054539,-5.030793545192063,0.6000856661731131,1,0,none
2025-01-01 00:20:16.299999952,0.0,0.0,0.0,0.0533210015745571,0.0,38.51695230232878,-7.645823693077258,0.5865078582015721,1,0,none
2025-01-01 00:20:16.400000095,0.0,0.0,0.0,0.039400951958797,0.0,21.36750498804259,-5.137676619602508,0.040477287975039,1,0,none
2025-01-01 00:20:16.500000000,0.0,0.0,0.0,0.0529019430194699,0.0,25.19869184271049,-12.19711529757442,0.7271709972755709,1,0,none
2025-01-01 00:20:16.599999905,0.0,0.0,0.0,0.0157640724234333,0.0,38.39289444016212,-7.678915366778969,0.5314370210802992,1,0,none
2025-01-01 00:20:16.700000048,0.0,0.0,0.0,0.1226603548664201,0.0,20.87424082976067,-5.171062716371944,0.7420227360057698,1,0,none
2025-01-01 00:20:16.799999952,0.0,0.0,0.0,0.1283199903457647,0.0,38.5772303644761,-7.614835858851943,0.6037424093686864,1,0,none
2025-01-01 00:20:16.900000095,0.0,0.0,0.0,0.1607610718181052,0.0,25.02409587178756,-11.956620979785887,0.2817635913452428,1,0,none
2025-01-01 00:20:17.000000000,0.0,0.0,0.0,0.0869944521393722,0.0,24.35735278298225,-6.076965522546723,0.8150812819065194,1,0,none
2025-01-01 00:20:17.099999905,0.0,0.0,0.0,0.0287936606823674,0.0,38.7112555678133,-7.517388769793429,0.5087966166294712,1,0,none
2025-01-01 00:20:17.200000048,0.0,0.0,0.0,0.0219622344559402,0.0,22.889229228968567,-6.077378749256015,0.7927632054788182,1,0,none
2025-01-01 00:20:17.299999952,0.0,0.0,0.0,0.0520025498286986,0.0,38.33716030848491,-7.823595789560463,0.6185200900569457,1,0,none
2025-01-01 00:20:17.400000095,0.0,0.0,0.0,0.0437703631208947,0.0,22.92028837375126,-6.099638966172177,0.0783597657134869,1,0,none
2025-01-01 00:20:17.500000000,0.0,0.0,0.0,0.0875668427272954,0.0,24.901060522886247,-11.882903218971553,0.6674850523766422,1,0,none
2025-01-01 00:20:17.599999905,0.0,0.0,0.0,0.0592974965551013,0.0,37.90380693108207,-7.851965733447324,0.469579940653471,1,0,none
2025-01-01 00:20:17.700000048,0.0,0.0,0.0,0.1008396765797833,0.0,18.03852285867947,-3.8510532045129113,0.6456558846702822,1,0,none
2025-01-01 00:20:17.799999952,0.0,0.0,0.0,0.0741126876788849,0.0,38.14378354110976,-7.603997302939301,0.5276772636423545,1,0,none
2025-01-01 00:20:17.900000095,0.0,0.0,0.0,0.0443393622439311,0.0,18.31524805339024,-3.575419154924995,0.581338513357468,1,0,none
2025-01-01 00:20:18.000000000,0.0,0.0,0.0,0.016539705939955,0.0,38.50016180878866,-7.532821261856405,-0.0237712844562083,1,0,none
2025-01-01 00:20:18.099999905,0.0,0.0,0.0,1.4555776863355263,0.0,3.7104976314826903,-2.5340636033563415,-12.32772053360222,1,1,overheating
2025-01-01 00:20:18.200000048,0.0,0.0,0.0,0.2394382038797036,0.0,18.26863458342944,-4.267588563950742,0.6352789514206653,1,0,none
2025-01-01 00:20:18.299999952,0.0,0.0,0.0,1.2878225791235742,0.0,3.5472212447618894,-1.5899462238677466,-12.800665208377627,1,1,cable_cut
2025-01-01 00:20:18.400000095,0.0,0.0,0.0,1.9112381686447564,0.0,3.439286305813343,-2.2977018166375,-11.286128799601972,1,1,anchor_drag
2025-01-01 00:20:18.500000000,0.0,0.0,0.0,1.8938736297030632,0.0,4.27788244372757,-1.7289022293656133,-13.794768201268791,1,1,cable_cut
2025-01-01 00:20:18.599999905,0.0,0.0,0.0,2.1124549359014964,0.0,2.3709325570725293,-1.0171753504202043,-12.703116933276533,1,1,cable_cut
2025-01-01 00:20:18.700000048,0.0,0.0,0.0,1.3938158821134001,0.0,4.06248817427227,-2.047378756878496,-12.915282529018068,1,1,cable_cut
2025-01-01 00:20:18.799999952,0.0,0.0,0.0,0.0308494868241811,0.0,38.071579847168366,-7.65813204102746,0.5568423003993928,1,0,none
2025-01-01 00:20:18.900000095,0.0,0.0,0.0,0.0077933151228472,0.0,-0.2724200912279896,-15.000509089758152,0.7523442929509195,1,0,none
2025-01-01 00:20:19.000000000,0.0,0.0,0.0,0.0081827687793784,0.0,38.73591189697162,-7.649262820311804,0.5173992938071712,1,0,none
2025-01-01 00:20:19.099999905,0.0,0.0,0.0,0.0997460367029321,0.0,0.3219354080398124,-5.97206461005626,0.7333310201982309,1,0,none
2025-01-01 00:20:19.200000048,0.0,0.0,0.0,0.1466990631571718,0.0,25.078259852416597,-12.022892692891547,0.7848225989950369,1,0,none
2025-01-01 00:20:19.299999952,0.0,0.0,0.0,0.0618581414427618,0.0,38.73996618691179,-7.78595396953808,0.5815152958228713,1,0,none
2025-01-01 00:20:19.400000095,0.0,0.0,0.0,0.0188596480331868,0.0,22.11230347320817,-5.452365236448603,0.8002865826530369,1,0,none
2025-01-01 00:20:19.500000000,0.0,0.0,0.0,0.0994190745736427,0.0,38.75196031741578,-7.532104636031192,0.545818515758054,1,0,none
2025-01-01 00:20:19.599999905,0.0,0.0,0.0,0.0815313706403517,0.0,21.702457921421622,-5.41169386593915,0.691798727886993,1,0,none
2025-01-01 00:20:19.700000048,0.0,0.0,0.0,0.0609254080272631,0.0,38.65217705359255,-7.588233534360364,0.5745329840362694,1,0,none
2025-01-01 00:20:19.799999952,0.0,0.0,0.0,0.0451147235821878,0.0,20.04548665883536,-4.171566705213085,0.6082655824773877,1,0,none
2025-01-01 00:20:19.900000095,0.0,0.0,0.0,0.1014541240341173,0.0,38.60522868588743,-7.690184303640972,0.4942678265323428,1,0,none
2025-01-01 00:20:20.000000000,0.0,0.0,0.0,0.1505563333171734,0.0,18.399259059320077,-3.936673601307887,0.6601112560985813,1,0,none
2025-01-01 00:20:20.099999905,0.0,0.0,0.0,0.1168338562184526,0.0,25.50363514221605,-12.04000556089799,0.6772716788729118,1,0,none
2025-01-01 00:20:20.200000048,0.0,0.0,0.0,0.091300456455044,0.0,38.10708040768971,-7.63728988171664,0.5060152160264924,1,0,none
2025-01-01 00:20:20.299999952,0.0,0.0,0.0,0.0717177751657379,0.0,18.54445228929739,-3.7774384925476303,0.7666403562625373,1,0,none
2025-01-01 00:20:20.400000095,0.0,0.0,0.0,0.0911966264645982,0.0,39.04437097748708,-7.629831466543627,0.5540723617231418,1,0,none
2025-01-01 00:20:20.500000000,0.0,0.0,0.0,0.1038557359139727,0.0,18.72765432975164,-3.97079233800858,0.8196432344875688,1,0,none
2025-01-01 00:20:20.599999905,0.0,0.0,0.0,0.0349983430424112,0.0,38.84988363284752,-7.929300539108127,0.8236879578556281,1,0,none
2025-01-01 00:20:20.700000048,0.0,0.0,0.0,0.1801770866275927,0.0,25.176308470560343,-11.913333739898704,0.3368574879925783,1,0,none
2025-01-01 00:20:20.799999952,0.0,0.0,0.0,0.1042233700346071,0.0,25.289500346932623,-6.625687258592995,0.7573652606984222,1,0,none
2025-01-01 00:20:20.900000095,0.0,0.0,0.0,0.0559758813009423,0.0,38.17375654956629,-7.559226857461794,0.5572762939103487,1,0,none
2025-01-01 00:20:21.000000000,0.0,0.0,0.0,0.0823723407499577,0.0,24.584222000208925,-6.469752472701551,0.6992900965117669,1,0,none
2025-01-01 00:20:21.099999905,0.0,0.0,0.0,0.2089805763101506,0.0,24.998099757860423,-12.18701895187155,0.6457587714517249,1,0,none
2025-01-01 00:20:21.200000048,0.0,0.0,0.0,0.0906163471416989,0.0,37.95165136892849,-7.5938652576656995,0.5041401277178725,1,0,none
2025-01-01 00:20:21.299999952,0.0,0.0,0.0,0.089794124494059,0.0,25.269193741253403,-6.420483323059544,0.7120202805958059,1,0,none
2025-01-01 00:20:21.400000095,0.0,0.0,0.0,0.1588490540312234,0.0,38.96621455864863,-7.547876293036453,0.5027324963346382,1,0,none
2025-01-01 00:20:21.500000000,0.0,0.0,0.0,0.1198082486389444,0.0,15.569994833474642,-2.7795925269706983,0.7079635986083503,1,0,none
2025-01-01 00:20:21.599999905,0.0,0.0,0.0,0.0539048152184506,0.0,38.48876882100185,-7.647605164641815,-0.0122974892272802,1,0,none
2025-01-01 00:20:21.700000048,0.0,0.0,0.0,0.0935057021010537,0.0,24.9782957574548,-11.930555057352183,0.5570828951560641,1,0,none
2025-01-01 00:20:21.799999952,0.0,0.0,0.0,2.1770579228177493,0.0,2.5528618926610886,-1.48155568620891,-13.954523584094702,1,1,cable_cut
2025-01-01 00:20:21.900000095,0.0,0.0,0.0,1.445994430100462,0.0,2.4274120782930573,-1.0865312406966459,-10.965941281161747,1,1,cable_cut
2025-01-01 00:20:22.000000000,0.0,0.0,0.0,2.3961047354140645,0.0,2.9973968181030615,-2.6970537140483666,-10.995476132677823,1,1,cable_cut
2025-01-01 00:20:22.099999905,0.0,0.0,0.0,2.071084200858725,0.0,4.304496818677936,-1.4965243485303545,-10.116746395152903,1,1,cable_cut
2025-01-01 00:20:22.200000048,0.0,0.0,0.0,2.3203049551925092,0.0,3.0527302741604814,-2.235965452752258,-10.173622457113616,1,1,overheating
2025-01-01 00:20:22.299999952,0.0,0.0,0.0,1.1560673997692013,0.0,4.4338329801013385,-2.6841512949054174,-14.549344650405455,1,1,overheating
2025-01-01 00:20:22.400000095,0.0,0.0,0.0,1.5541158191105178,0.0,2.8524429880932685,-1.8386842045189171,-11.415257129167626,1,1,cable_cut
2025-01-01 00:20:22.500000000,0.0,0.0,0.0,1.9342774920338845,0.0,3.9184111953824505,-1.891524318830562,-11.885305998815797,1,1,cable_cut
2025-01-01 00:20:22.599999905,0.0,0.0,0.0,1.6416906494413808,0.0,4.702279414153118,-2.0884530616863217,-11.254011550439213,1,1,anchor_drag
2025-01-01 00:20:22.700000048,0.0,0.0,0.0,0.0935441917766284,0.0,24.97235025675356,-11.904932157165211,0.6359460786861506,1,0,none
2025-01-01 00:20:22.799999952,0.0,0.0,0.0,0.0566617074060232,0.0,0.2900752203226403,-15.002003978272002,0.6472205003693815,1,0,none
2025-01-01 00:20:22.900000095,0.0,0.0,0.0,0.174351012047929,0.0,38.28307806852636,-7.697698026017973,0.5939830498684469,1,0,none
2025-01-01 00:20:23.000000000,0.0,0.0,0.0,0.1090922976035445,0.0,18.392866694030147,-4.190943318777174,0.7373454993628161,1,0,none
2025-01-01 00:20:23.099999905,0.0,0.0,0.0,0.0666476759577565,0.0,38.66300187909972,-7.688293824326547,0.504891681924762,1,0,none
2025-01-01 00:20:23.200000048,0.0,0.0,0.0,0.0832787200954363,0.0,17.941842839605627,-3.957177801434773,0.7504443068383381,1,0,none
2025-01-01 00:20:23.299999952,0.0,0.0,0.0,0.0901261305174322,0.0,38.57825668412179,-7.65368627900143,0.5748906383206656,1,0,none
2025-01-01 00:20:23.400000095,0.0,0.0,0.0,0.0734195134765119,0.0,18.25304885093724,-3.720406889852681,0.8444989322201129,1,0,none
2025-01-01 00:20:23.500000000,0.0,0.0,0.0,0.0869997463564618,0.0,38.33447864445032,-7.757601040456928,0.5596689375670647,1,0,none
2025-01-01 00:20:23.599999905,0.0,0.0,0.0,0.0230026855777255,0.0,24.69050245561523,-4.305895470887073,0.7445728334238702,1,0,none
2025-01-01 00:20:23.700000048,0.0,0.0,0.0,0.0442459934815805,0.0,38.37106809396636,-7.582158688836037,0.5242618736040898,1,0,none
2025-01-01 00:20:23.799999952,0.0,0.0,0.0,0.0691688603212345,0.0,24.401479088220366,-6.298542563860647,0.6628322364324413,1,0,none
2025-01-01 00:20:23.900000095,0.0,0.0,0.0,0.0987060141414227,0.0,38.48215969493566,-7.72606243525607,0.5340886217624421,1,0,none
2025-01-01 00:20:24.000000000,0.0,0.0,0.0,0.1423643487127466,0.0,23.874009143334412,-6.325940452343883,0.6862050802870561,1,0,none
2025-01-01 00:20:24.099999905,0.0,0.0,0.0,0.1089003201250478,0.0,38.630844272946526,-7.559882855091905,0.5631029091278718,1,0,none
2025-01-01 00:20:24.200000048,0.0,0.0,0.0,0.1700689239095948,0.0,24.39472801531625,-2.019547720892937,0.6288448444558766,1,0,none
2025-01-01 00:20:24.299999952,0.0,0.0,0.0,0.0891599860839424,0.0,38.8761528725197,-7.674001197327079,-0.0119506105593439,1,0,none
2025-01-01 00:20:24.400000095,0.0,0.0,0.0,0.1110754365065961,0.0,25.46867953319652,-11.884385683035893,0.5788125696011058,1,0,none
2025-01-01 00:20:24.500000000,0.0,0.0,0.0,0.1907018484329873,0.0,13.78357388698053,-1.9485082130049576,0.7337754837746258,1,0,none
2025-01-01 00:20:24.599999905,0.0,0.0,0.0,0.0783081306099503,0.0,38.67515426112668,-7.798070948160868,0.4570092411931337,1,0,none
2025-01-01 00:20:24.700000048,0.0,0.0,0.0,0.0731511634039008,0.0,12.701072347852383,-1.9368587338018004,0.7353203304326612,1,0,none
2025-01-01 00:20:24.799999952,0.0,0.0,0.0,0.0596864483641057,0.0,38.73586229803847,-7.57463035117238,0.5376713043439254,1,0,none
2025-01-01 00:20:24.900000095,0.0,0.0,0.0,0.0878929683620873,0.0,12.920136114878051,-2.123731638708749,0.6907494561250722,1,0,none
2025-01-01 00:20:25.000000000,0.0,0.0,0.0,0.0650806026355798,0.0,38.87778983895567,-7.888417455981858,0.4317742315072082,1,0,none
2025-01-01 00:20:25.099999905,0.0,0.0,0.0,0.1912278550281548,0.0,17.01085071109028,-3.5250066638678224,0.7746785581278939,1,0,none
2025-01-01 00:20:25.200000048,0.0,0.0,0.0,0.2198906613967443,0.0,39.31050036272013,-7.661945105720006,0.7088399442505647,1,0,none
2025-01-01 00:20:25.299999952,0.0,0.0,0.0,0.2586451411054656,0.0,25.25681442843265,-11.89902116115226,0.3234269786738646,1,0,none
2025-01-01 00:20:25.400000095,0.0,0.0,0.0,0.1123069222254725,0.0,16.99479879466115,-3.5102669617997546,0.7187600787458233,1,0,none
2025-01-01 00:20:25.500000000,0.0,0.0,0.0,1.8817093064139945,0.0,3.4104952122958156,-1.0543120655696174,-13.236228073124055,1,1,cable_cut
2025-01-01 00:20:25.599999905,0.0,0.0,0.0,0.1986371285898599,0.0,17.64482431323418,-15.28923811347818,0.7611272076466494,1,0,none
2025-01-01 00:20:25.700000048,0.0,0.0,0.0,1.1349730186984335,0.0,3.1358133190349426,-1.0806236462127046,-14.001322104423227,1,1,cable_cut
2025-01-01 00:20:25.799999952,0.0,0.0,0.0,1.1013128819755642,0.0,3.4806075885378815,-2.437451881855357,-11.641082129668757,1,1,cable_cut
2025-01-01 00:20:25.900000095,0.0,0.0,0.0,1.3036653451692093,0.0,2.6769828170707446,-2.0636342405341193,-11.579695469573691,1,1,overheating
2025-01-01 00:20:26.000000000,0.0,0.0,0.0,1.1630843720601254,0.0,3.8593248591171916,-1.956695583099717,-12.47373677463071,1,1,cable_cut
2025-01-01 00:20:26.099999905,0.0,0.0,0.0,2.264276616276784,0.0,4.373516822495634,-2.6625863652909896,-13.533867633259181,1,1,cable_cut
2025-01-01 00:20:26.200000048,0.0,0.0,0.0,0.0683152760203358,0.0,38.933614052630965,-7.841517272114086,0.5053504741459885,1,0,none
2025-01-01 00:20:26.299999952,0.0,0.0,0.0,0.0745714875786827,0.0,-0.1654547190308941,-15.054970773316246,0.6966101231110039,1,0,none
2025-01-01 00:20:26.400000095,0.0,0.0,0.0,0.16418993404306,0.0,38.1479233102586,-7.821810633512041,0.4887068114348086,1,0,none
2025-01-01 00:20:26.500000000,0.0,0.0,0.0,0.1440052525624375,0.0,16.443864438913266,-2.970081769122765,0.7801065609269617,1,0,none
2025-01-01 00:20:26.599999905,0.0,0.0,0.0,0.1336671117035992,0.0,24.818584340009355,-12.035554782463151,0.7963633363870937,1,0,none
2025-01-01 00:20:26.700000048,0.0,0.0,0.0,0.0438146516288442,0.0,38.68886750981975,-7.680658834490685,0.5273204957289093,1,0,none
2025-01-01 00:20:26.799999952,0.0,0.0,0.0,0.0661397554482691,0.0,16.234402070334582,-3.0276946122289545,0.6306702496721417,1,0,none
2025-01-01 00:20:26.900000095,0.0,0.0,0.0,0.0990754858100377,0.0,38.36820893310407,-7.786891818349803,0.5668296019451031,1,0,none
2025-01-01 00:20:27.000000000,0.0,0.0,0.0,0.2018470100437392,0.0,15.793699303737126,-2.9188954426794824,0.6758948741015538,1,0,none
2025-01-01 00:20:27.099999905,0.0,0.0,0.0,0.2820056881839927,0.0,38.65098341331544,-7.613761290717239,0.7587340566264016,1,0,none
2025-01-01 00:20:27.200000048,0.0,0.0,0.0,0.2945400196902896,0.0,24.95172851851702,-11.908206159389875,0.3606426702235048,1,0,none
2025-01-01 00:20:27.299999952,0.0,0.0,0.0,0.0961185346218604,0.0,16.943484598777978,-3.4770406105401404,0.7272256611214221,1,0,none
2025-01-01 00:20:27.400000095,0.0,0.0,0.0,0.0582921795553562,0.0,38.65813961413013,-7.5560547051262015,0.5556996794695847,1,0,none
2025-01-01 00:20:27.500000000,0.0,0.0,0.0,0.1181143921144671,0.0,17.808121090193243,-3.31386224711693,-0.0338130755306705,1,0,none
2025-01-01 00:20:27.599999905,0.0,0.0,0.0,0.0526058123400296,0.0,24.935329616974315,-12.023239299156137,0.712002491424597,1,0,none
2025-01-01 00:20:27.700000048,0.0,0.0,0.0,0.1600522912464743,0.0,38.58045008494659,-7.57204139884084,0.5939266279237425,1,0,none
2025-01-01 00:20:27.799999952,0.0,0.0,0.0,0.0794890057748604,0.0,17.38199337487555,-3.3879494586740635,0.7043424259527697,1,0,none
2025-01-01 00:20:27.900000095,0.0,0.0,0.0,0.1000117054322104,0.0,38.23870105184631,-7.839253667102835,0.554864233256313,1,0,none
2025-01-01 00:20:28.000000000,0.0,0.0,0.0,0.0779685223873194,0.0,18.81697574621228,-3.729568691706704,0.6563608286073163,1,0,none
2025-01-01 00:20:28.099999905,0.0,0.0,0.0,0.0587862935373562,0.0,38.358745050963314,-7.703758730092657,0.0572102398952067,1,0,none
2025-01-01 00:20:28.200000048,0.0,0.0,0.0,0.1309011437617843,0.0,25.19683486055808,-11.991458066852266,0.6022273289071592,1,0,none
2025-01-01 00:20:28.299999952,0.0,0.0,0.0,0.0475915078206051,0.0,18.530764583168715,-3.724992673474493,0.6794720405656751,1,0,none
2025-01-01 00:20:28.400000095,0.0,0.0,0.0,0.0709655833508097,0.0,38.45812146186528,-7.810025694405462,0.5437855770258503,1,0,none
2025-01-01 00:20:28.500000000,0.0,0.0,0.0,0.0261549044378338,0.0,18.58203850751789,-3.8729707165883336,0.0707110336345163,1,0,none
2025-01-01 00:20:28.599999905,0.0,0.0,0.0,0.1028013881759691,0.0,25.07374576654492,-12.082183738953187,0.6933214589476272,1,0,none
2025-01-01 00:20:28.700000048,0.0,0.0,0.0,0.0451921278599013,0.0,38.17470807283178,-7.74142939668234,0.5802144195679391,1,0,none
2025-01-01 00:20:28.799999952,0.0,0.0,0.0,0.0593658903109284,0.0,18.200318189624973,-4.470587596876015,0.7220693113434435,1,0,none
2025-01-01 00:20:28.900000095,0.0,0.0,0.0,0.0715017330673864,0.0,38.31623472929378,-7.658729213300824,0.6389038938375821,1,0,none
2025-01-01 00:20:29.000000000,0.0,0.0,0.0,0.0285543472324389,0.0,24.76147648759616,-6.453527860697809,0.7531723364332669,1,0,none
2025-01-01 00:20:29.099999905,0.0,0.0,0.0,0.0257104212810875,0.0,38.10879904664901,-7.634753730761654,0.0630189259070021,1,0,none
2025-01-01 00:20:29.200000048,0.0,0.0,0.0,1.6343603012882642,0.0,3.5289643418553958,-1.9793085675399462,-13.847846790416998,1,1,cable_cut
2025-01-01 00:20:29.299999952,0.0,0.0,0.0,1.602853233933017,0.0,2.2462538673948123,-1.0597626428099558,-13.425532886467284,1,1,cable_cut
2025-01-01 00:20:29.400000095,0.0,0.0,0.0,2.1425603192961686,0.0,2.6644231444317246,-1.770231387119958,-13.433722111128121,1,1,cable_cut
2025-01-01 00:20:29.500000000,0.0,0.0,0.0,1.6251013659121298,0.0,4.419608812555167,-2.3704416287242513,-12.78961024352004,1,1,anchor_drag
2025-01-01 00:20:29.599999905,0.0,0.0,0.0,2.3302202134208665,0.0,4.941114542951371,-2.6185979737714282,-14.8862744402301,1,1,cable_cut
2025-01-01 00:20:29.700000048,0.0,0.0,0.0,1.172637159503107,0.0,3.301487384343776,-1.9336695591678483,-14.676519548784208,1,1,anchor_drag
2025-01-01 00:20:29.799999952,0.0,0.0,0.0,1.1395295641647787,0.0,4.8000145755880155,-1.3426817687572377,-10.927878033007076,1,1,overheating
2025-01-01 00:20:29.900000095,0.0,0.0,0.0,2.344229888820351,0.0,2.3589121561737305,-1.4676612555383697,-10.436901305452327,1,1,anchor_drag
2025-01-01 00:20:30.000000000,0.0,0.0,0.0,1.5725178964882385,0.0,3.5156053471939783,-1.2291454788674403,-11.152610197460325,1,1,cable_cut
2025-01-01 00:20:30.099999905,0.0,0.0,0.0,0.1215124028236424,0.0,37.47683348652047,-7.619263789563456,0.5058731470426422,1,0,none
2025-01-01 00:20:30.200000048,0.0,0.0,0.0,0.0686135924374612,0.0,0.3885445632586028,-14.974886125658244,0.731920130916174,1,0,none
2025-01-01 00:20:30.299999952,0.0,0.0,0.0,0.0505527582134874,0.0,38.6214824061446,-7.578037624280906,0.6276565601769678,1,0,none
2025-01-01 00:20:30.400000095,0.0,0.0,0.0,0.1080606475403641,0.0,25.148402708743824,-6.752885915798991,0.8386405862060545,1,0,none
2025-01-01 00:20:30.500000000,0.0,0.0,0.0,0.0447134450228177,0.0,38.395727351259296,-7.523119874269681,0.5212253282453595,1,0,none
2025-01-01 00:20:30.599999905,0.0,0.0,0.0,0.0469682926597816,0.0,25.60459798977624,-6.665022533935037,0.728889331531592,1,0,none
2025-01-01 00:20:30.700000048,0.0,0.0,0.0,0.0814331370328585,0.0,38.91251985579638,-7.56581405627247,0.5223862754788678,1,0,none
2025-01-01 00:20:30.799999952,0.0,0.0,0.0,0.1016300358230453,0.0,25.46550406967679,-3.367097570480239,0.6856563510550698,1,0,none
2025-01-01 00:20:30.900000095,0.0,0.0,0.0,0.0292413844256652,0.0,39.069066624361625,-7.655302462252192,-0.0302887707449276,1,0,none
2025-01-01 00:20:31.000000000,0.0,0.0,0.0,0.0782388227725526,0.0,25.490502149719426,-11.976614354608678,0.4637828159801758,1,0,none
2025-01-01 00:20:31.099999905,0.0,0.0,0.0,0.13835025492672,0.0,14.93231075045523,-2.30788268513617,0.7047527611866854,1,0,none
2025-01-01 00:20:31.200000048,0.0,0.0,0.0,0.1286063065363888,0.0,38.34842580215555,-7.477798659663902,0.5644082693473084,1,0,none
2025-01-01 00:20:31.299999952,0.0,0.0,0.0,0.1149510791080936,0.0,14.40700374648047,-2.577765845854715,0.666449912734443,1,0,none
2025-01-01 00:20:31.400000095,0.0,0.0,0.0,0.0743518896610514,0.0,38.483785476495584,-7.609539971258864,0.6043895855718555,1,0,none
2025-01-01 00:20:31.500000000,0.0,0.0,0.0,0.0849642846343329,0.0,15.025964033924849,-2.379962016695437,0.6781959891452389,1,0,none
2025-01-01 00:20:31.599999905,0.0,0.0,0.0,0.1012599942035575,0.0,39.14799412379358,-7.671357682269626,0.5181394087570493,1,0,none
2025-01-01 00:20:31.700000048,0.0,0.0,0.0,0.0985218196597702,0.0,15.82523411032324,-2.9376321243250567,0.7263251559054053,1,0,none
2025-01-01 00:20:31.799999952,0.0,0.0,0.0,0.094101894451083,0.0,38.950616838269376,-7.582143749534421,0.4728659005013735,1,0,none
2025-01-01 00:20:31.900000095,0.0,0.0,0.0,0.1852303249081934,0.0,15.626407754143658,-2.714064518036526,0.8453339515851404,1,0,none
2025-01-01 00:20:32.000000000,0.0,0.0,0.0,0.1203371271947723,0.0,25.186830737568265,-12.083442842424692,0.6798915421302818,1,0,none
2025-01-01 00:20:32.099999905,0.0,0.0,0.0,0.1720772695840945,0.0,38.84700704884315,-7.661298251577119,0.5994643038197045,1,0,none
2025-01-01 00:20:32.200000048,0.0,0.0,0.0,0.0528085884582643,0.0,15.10612171724424,-2.7312545149627283,0.8144065262914578,1,0,none
2025-01-01 00:20:32.299999952,0.0,0.0,0.0,0.0881783469871574,0.0,38.47596835928705,-7.829847043016509,0.5820076721178571,1,0,none
2025-01-01 00:20:32.400000095,0.0,0.0,0.0,0.0362213594413332,0.0,25.88491011528336,-3.995546333486638,0.7094013353635844,1,0,none
2025-01-01 00:20:32.500000000,0.0,0.0,0.0,0.0217381820355105,0.0,38.68234050069097,-7.611578873680605,0.6374584146757797,1,0,none
2025-01-01 00:20:32.599999905,0.0,0.0,0.0,0.0932566009468326,0.0,24.64104548555472,-12.054923337125128,0.3282963668332382,1,0,none
2025-01-01 00:20:32.700000048,0.0,0.0,0.0,0.1192888049844289,0.0,24.5709632872818,-6.635372223126863,0.8051455350850656,1,0,none
2025-01-01 00:20:32.799999952,0.0,0.0,0.0,1.2620180283706608,0.0,3.25458483188502,-1.2410183673369573,-11.676306861221214,1,1,cable_cut
2025-01-01 00:20:32.900000095,0.0,0.0,0.0,1.5479289313668034,0.0,4.141591675524906,-2.230585753354405,-10.564922058611234,1,1,overheating
2025-01-01 00:20:33.000000000,0.0,0.0,0.0,2.4192188517954265,0.0,2.40756526236875,-2.8323667585321686,-11.797743341104443,1,1,overheating
2025-01-01 00:20:33.099999905,0.0,0.0,0.0,1.7555012687504958,0.0,4.129781059218503,-1.5931488750510683,-14.254229417860971,1,1,overheating
2025-01-01 00:20:33.200000048,0.0,0.0,0.0,2.0762651503450402,0.0,4.598857597874943,-1.4831254459886594,-13.434402525749094,1,1,cable_cut
2025-01-01 00:20:33.299999952,0.0,0.0,0.0,2.1941998299392624,0.0,3.8811135884650554,-1.533987998183663,-10.45043976906354,1,1,cable_cut
2025-01-01 00:20:33.400000095,0.0,0.0,0.0,2.0942282139601707,0.0,3.8995886228175514,-2.78945724106641,-12.424321476812676,1,1,overheating
2025-01-01 00:20:33.500000000,0.0,0.0,0.0,0.0411751081696817,0.0,38.20571447065757,-7.720195049384875,0.5590086177748474,1,0,none
2025-01-01 00:20:33.599999905,0.0,0.0,0.0,0.0114594026459413,0.0,-0.0913867945064206,-15.010049211944391,0.7651056528648212,1,0,none
2025-01-01 00:20:33.700000048,0.0,0.0,0.0,0.0270570213455219,0.0,38.67165193931124,-7.738348139399925,0.5610512615575524,1,0,none
2025-01-01 00:20:33.799999952,0.0,0.0,0.0,0.0380623526291136,0.0,0.1467702040650106,-6.359197088630362,-3.062281377685911e-06,1,0,none
2025-01-01 00:20:33.900000095,0.0,0.0,0.0,0.0324216133483875,0.0,25.141560984363004,-11.927239760231268,0.787668694191564,1,0,none
2025-01-01 00:20:34.000000000,0.0,0.0,0.0,0.0500899221590529,0.0,38.48497461740932,-7.96980513751974,0.5680641053100198,1,0,none
2025-01-01 00:20:34.099999905,0.0,0.0,0.0,0.0535565262574557,0.0,22.501709968807013,-5.833707232471141,0.7059642484446521,1,0,none
2025-01-01 00:20:34.200000048,0.0,0.0,0.0,0.0121058984241198,0.0,38.38150121947348,-7.789784117769868,0.5764437192761327,1,0,none
2025-01-01 00:20:34.299999952,0.0,0.0,0.0,0.0761358087462602,0.0,22.930458238431758,-5.750254613073063,0.7123623533189651,1,0,none
2025-01-01 00:20:34.400000095,0.0,0.0,0.0,0.3008092074461561,0.0,38.323853363678126,-7.884457815821988,0.7305706734457549,1,0,none
2025-01-01 00:20:34.500000000,0.0,0.0,0.0,0.4089003164853144,0.0,25.25501091855687,-11.945214911162562,0.3947896543192486,1,0,none
2025-01-01 00:20:34.599999905,0.0,0.0,0.0,0.1231566323198582,0.0,22.862355971441296,-2.2133296397583933,0.7405870156883578,1,0,none
2025-01-01 00:20:34.700000048,0.0,0.0,0.0,0.0966344369408105,0.0,38.58648665646346,-7.843115518412246,0.5469295724566922,1,0,none
2025-01-01 00:20:34.799999952,0.0,0.0,0.0,0.0111532826738224,0.0,12.70298688006706,-1.980939729716708,0.0361939843300272,1,0,none
2025-01-01 00:20:34.900000095,0.0,0.0,0.0,0.1464581476511405,0.0,24.59333744165076,-11.948394067275036,0.6771764242024744,1,0,none
2025-01-01 00:20:35.000000000,0.0,0.0,0.0,0.1268434662956493,0.0,38.40570417308659,-7.569510228709651,0.5306372972950524,1,0,none
2025-01-01 00:20:35.099999905,0.0,0.0,0.0,0.1095026777291325,0.0,12.800997939412534,-2.146892933661646,0.7801026261605062,1,0,none
2025-01-01 00:20:35.200000048,0.0,0.0,0.0,0.0403690452739164,0.0,37.78929270652562,-7.824499730401595,0.5334113303127629,1,0,none
2025-01-01 00:20:35.299999952,0.0,0.0,0.0,0.0640718479137362,0.0,12.8407934533996,-1.8497350778329908,0.8602891347374081,1,0,none
2025-01-01 00:20:35.400000095,0.0,0.0,0.0,0.0054157362078639,0.0,38.8773072104078,-7.733884107483607,0.0283222493389513,1,0,none
2025-01-01 00:20:35.500000000,0.0,0.0,0.0,0.0750743527180384,0.0,25.17016537163016,-12.05274041315791,0.5512461743077101,1,0,none
2025-01-01 00:20:35.599999905,0.0,0.0,0.0,0.0544683080152572,0.0,24.251138237277548,-6.26551770490962,0.7909950388379424,1,0,none
2025-01-01 00:20:35.700000048,0.0,0.0,0.0,0.1065727712728565,0.0,38.61408088952457,-7.778463608722144,0.5259659795011742,1,0,none
2025-01-01 00:20:35.799999952,0.0,0.0,0.0,0.033206554369419,0.0,24.0331506291734,-6.3517238005707926,0.7961507409616508,1,0,none
2025-01-01 00:20:35.900000095,0.0,0.0,0.0,0.0316983191838371,0.0,38.64462822000071,-7.566433297039387,0.5947617608331767,1,0,none
2025-01-01 00:20:36.000000000,0.0,0.0,0.0,0.0398278372036353,0.0,24.66203234712321,-6.47279334116813,0.8126767028889775,1,0,none
2025-01-01 00:20:36.099999905,0.0,0.0,0.0,0.0316839753804077,0.0,38.89054964078746,-7.711543939334747,0.5279595234325711,1,0,none
2025-01-01 00:20:36.200000048,0.0,0.0,0.0,0.1619706194157959,0.0,24.356238291707825,-6.437811221261089,0.6888633372931128,1,0,none
2025-01-01 00:20:36.299999952,0.0,0.0,0.0,0.0631662792148282,0.0,38.352134526284885,-7.72328510274158,0.6694922680398725,1,0,none
2025-01-01 00:20:36.400000095,0.0,0.0,0.0,0.1612416915148261,0.0,25.224981517883453,-11.881435137643988,0.3859184742013626,1,0,none
2025-01-01 00:20:36.500000000,0.0,0.0,0.0,2.4718824218248887,0.0,4.764090465810106,-1.16954715693912,-13.955825854913664,1,1,cable_cut
2025-01-01 00:20:36.599999905,0.0,0.0,0.0,2.0674314332229193,0.0,2.850273587584491,-1.9944942194140534,-10.06953301674574,1,1,cable_cut
2025-01-01 00:20:36.700000048,0.0,0.0,0.0,1.6272525687412596,0.0,4.292525444269849,-1.2889384247802234,-12.483570906404424,1,1,cable_cut
2025-01-01 00:20:36.799999952,0.0,0.0,0.0,2.4024045585378184,0.0,2.337906686659105,-1.9356053344215967,-12.190957932760206,1,1,overheating
2025-01-01 00:20:36.900000095,0.0,0.0,0.0,1.3304639171820019,0.0,4.887479200917047,-1.3512946487523538,-11.50415653418555,1,1,cable_cut
2025-01-01 00:20:37.000000000,0.0,0.0,0.0,1.6062457636734957,0.0,3.459986753188517,-2.806194297299996,-14.592601323521524,1,1,overheating
2025-01-01 00:20:37.099999905,0.0,0.0,0.0,1.8508124568417477,0.0,2.258610935896081,-1.7129920916662882,-10.659898866061052,1,1,cable_cut
2025-01-01 00:20:37.200000048,0.0,0.0,0.0,2.1504146219729954,0.0,4.725561597354412,-2.89087314276742,-13.085434704774302,1,1,anchor_drag
2025-01-01 00:20:37.299999952,0.0,0.0,0.0,2.1444941991603303,0.0,4.890392392088223,-1.169819453755407,-11.718605787169174,1,1,cable_cut
2025-01-01 00:20:37.400000095,0.0,0.0,0.0,0.1077989182034199,0.0,-0.2534031789879749,-15.106097099364735,0.7561651265556928,1,0,none
2025-01-01 00:20:37.500000000,0.0,0.0,0.0,0.122392603138735,0.0,38.61852040293809,-7.807126422205657,0.5916154943127058,1,0,none
2025-01-01 00:20:37.599999905,0.0,0.0,0.0,0.0517914157946633,0.0,0.0519592928126242,-2.9245963707711686,-0.0023645322854267,1,0,none
2025-01-01 00:20:37.700000048,0.0,0.0,0.0,0.0968407039586524,0.0,24.452315446430607,-11.885366623137864,0.6631725888729602,1,0,none
2025-01-01 00:20:37.799999952,0.0,0.0,0.0,0.1107339019922589,0.0,38.73654391428486,-7.509832333459496,0.548959295533603,1,0,none
2025-01-01 00:20:37.900000095,0.0,0.0,0.0,0.1268462896215902,0.0,14.931818513375818,-2.379489589439712,0.7211169801065677,1,0,none
2025-01-01 00:20:38.000000000,0.0,0.0,0.0,0.0976798650094742,0.0,38.57681442876012,-7.611366334196124,0.4773183050640853,1,0,none
2025-01-01 00:20:38.099999905,0.0,0.0,0.0,0.0619394108719643,0.0,15.5123398849852,-2.4329855659059154,0.6923524635316896,1,0,none
2025-01-01 00:20:38.200000048,0.0,0.0,0.0,0.0625789338856614,0.0,38.39511946810545,-7.862172405636648,0.5087033822704363,1,0,none
2025-01-01 00:20:38.299999952,0.0,0.0,0.0,0.1146301129524788,0.0,14.591673850983938,-2.720488051686126,0.750692058053407,1,0,none
2025-01-01 00:20:38.400000095,0.0,0.0,0.0,0.1116486368095962,0.0,38.48147992816184,-7.721204235841308,-0.0274854201078355,1,0,none
2025-01-01 00:20:38.500000000,0.0,0.0,0.0,0.1029057619689708,0.0,24.97714371661269,-11.985903067457109,0.5664110165990495,1,0,none
2025-01-01 00:20:38.599999905,0.0,0.0,0.0,0.1083528723456207,0.0,16.301382556110113,-3.038337162845863,0.6649989853532211,1,0,none
2025-01-01 00:20:38.700000048,0.0,0.0,0.0,0.0833641885860773,0.0,38.17795683661854,-7.697750788102353,0.6298849662980458,1,0,none
2025-01-01 00:20:38.799999952,0.0,0.0,0.0,0.0947327652871052,0.0,16.236035511129057,-3.08628119052337,0.6149621531732706,1,0,none
2025-01-01 00:20:38.900000095,0.0,0.0,0.0,0.0561986712286834,0.0,38.47071379126778,-7.631159994377641,0.5737920188421983,1,0,none
2025-01-01 00:20:39.000000000,0.0,0.0,0.0,0.075064922560002,0.0,16.8685716246186,-3.429108627946829,0.6361371165780033,1,0,none
2025-01-01 00:20:39.099999905,0.0,0.0,0.0,0.1481853655350097,0.0,39.26067298201188,-7.60173039390388,0.6745333674757574,1,0,none
2025-01-01 00:20:39.200000048,0.0,0.0,0.0,0.2644173076111419,0.0,25.4006421693552,-12.058635084533694,0.4103093351842252,1,0,none
2025-01-01 00:20:39.299999952,0.0,0.0,0.0,0.0511251860233382,0.0,18.96738629109822,-4.045878366844183,0.7127678515658419,1,0,none
2025-01-01 00:20:39.400000095,0.0,0.0,0.0,0.1312883224891954,0.0,24.79125711681215,-12.031531549633026,0.7114633420547706,1,0,none
2025-01-01 00:20:39.500000000,0.0,0.0,0.0,0.0511220300524086,0.0,38.4522014267472,-7.703625298652031,0.5575874570487751,1,0,none
2025-01-01 00:20:39.599999905,0.0,0.0,0.0,0.0418177943390487,0.0,19.735367666656074,-4.309634419973312,0.7179077869063278,1,0,none
2025-01-01 00:20:39.700000048,0.0,0.0,0.0,0.0106640181399139,0.0,38.55037278434544,-7.71660648757282,0.5417973338455595,1,0,none
2025-01-01 00:20:39.799999952,0.0,0.0,0.0,0.0236890678938357,0.0,18.80174775283877,-4.389048841102433,0.7515817008089457,1,0,none
2025-01-01 00:20:39.900000095,0.0,0.0,0.0,0.0969233813146994,0.0,38.44964685891409,-7.6758480167001055,0.5597680198379442,1,0,none
2025-01-01 00:20:40.000000000,0.0,0.0,0.0,0.0444016664072016,0.0,22.127116800545824,-5.3158311038953485,0.7467159763596506,1,0,none
2025-01-01 00:20:40.099999905,0.0,0.0,0.0,0.0995238041160301,0.0,38.70698208306882,-7.629275398008724,0.0364795210492227,1,0,none
2025-01-01 00:20:40.200000048,0.0,0.0,0.0,0.0123377381830455,0.0,24.939935000052504,-11.99685074970866,0.5546693485075471,1,0,none
2025-01-01 00:20:40.299999952,0.0,0.0,0.0,0.0895805024006462,0.0,22.20502440206801,-5.376117261768378,0.7100662983810806,1,0,none
2025-01-01 00:20:40.400000095,0.0,0.0,0.0,0.1211188948366877,0.0,24.31804833923595,-11.880365306840682,0.6808673825844241,1,0,none
2025-01-01 00:20:40.500000000,0.0,0.0,0.0,2.0712270469396787,0.0,4.6248956810307185,-2.17797550137377,-11.938407096019072,1,1,anchor_drag
2025-01-01 00:20:40.599999905,0.0,0.0,0.0,1.8186632436121193,0.0,3.6222527070673998,-2.7114087898212604,-11.970938993705964,1,1,cable_cut
2025-01-01 00:20:40.700000048,0.0,0.0,0.0,1.3774315485356567,0.0,2.8272376314974927,-1.1807885748269846,-10.277937718785715,1,1,cable_cut
2025-01-01 00:20:40.799999952,0.0,0.0,0.0,1.679412684163203,0.0,4.753488153012555,-2.5840962643554892,-13.865828686176842,1,1,cable_cut
2025-01-01 00:20:40.900000095,0.0,0.0,0.0,2.2551635488438113,0.0,4.222103983444048,-2.002427834382905,-10.815919877054057,1,1,cable_cut
2025-01-01 00:20:41.000000000,0.0,0.0,0.0,1.6459140903549714,0.0,2.5616663844892833,-2.9303431090995544,-14.443511123065822,1,1,cable_cut
2025-01-01 00:20:41.099999905,0.0,0.0,0.0,0.0478018130604705,0.0,38.28395380689353,-7.60074879689577,-0.0167558533896978,1,0,none
2025-01-01 00:20:41.200000048,0.0,0.0,0.0,0.1028561096312586,0.0,25.072312983358632,-12.002869234461516,0.5857326990240144,1,0,none
2025-01-01 00:20:41.299999952,0.0,0.0,0.0,0.0161460749494319,0.0,0.1811751124450123,-15.229756810368444,-0.018439793244808,1,0,none
2025-01-01 00:20:41.400000095,0.0,0.0,0.0,0.0985564042478603,0.0,25.45362038474244,-12.02653435418346,0.7176653219913685,1,0,none
2025-01-01 00:20:41.500000000,0.0,0.0,0.0,0.1730207952698092,0.0,38.55383066780431,-7.632569804053791,0.5240751331687827,1,0,none
2025-01-01 00:20:41.599999905,0.0,0.0,0.0,0.1103733128457925,0.0,-0.1618289381335255,-15.082283782188618,0.6753473751764832,1,0,none
2025-01-01 00:20:41.700000048,0.0,0.0,0.0,0.18546953139576,0.0,38.55192029457117,-7.713939463403086,0.4716867316452131,1,0,none
2025-01-01 00:20:41.799999952,0.0,0.0,0.0,0.1062810167706667,0.0,0.385224082962686,-15.033925196255929,0.7256037409580579,1,0,none
2025-01-01 00:20:41.900000095,0.0,0.0,0.0,0.1013494386729982,0.0,38.44894824057977,-7.559235135752862,0.5685084817410169,1,0,none
2025-01-01 00:20:42.000000000,0.0,0.0,0.0,0.0875991203696648,0.0,13.713539275524775,-1.953190362761315,0.721322135813047,1,0,none
2025-01-01 00:20:42.099999905,0.0,0.0,0.0,0.2081781911374172,0.0,38.137772657505394,-7.6345988414576755,0.7137665280565905,1,0,none
2025-01-01 00:20:42.200000048,0.0,0.0,0.0,0.2722516030139992,0.0,24.633610784618437,-12.056737868247149,0.3618874983338349,1,0,none
2025-01-01 00:20:42.299999952,0.0,0.0,0.0,0.1128963617948589,0.0,15.459317449222,-2.770355085401852,0.7482949632246789,1,0,none
2025-01-01 00:20:42.400000095,0.0,0.0,0.0,0.1281459417153082,0.0,38.50381265710796,-7.64174173672564,0.5996389650046136,1,0,none
2025-01-01 00:20:42.500000000,0.0,0.0,0.0,0.0611428248151641,0.0,18.217743727023784,-3.807231581254905,0.6605881267414708,1,0,none
2025-01-01 00:20:42.599999905,0.0,0.0,0.0,0.120055957676818,0.0,38.28520983304482,-7.596668599042513,0.5766061995674979,1,0,none
2025-01-01 00:20:42.700000048,0.0,0.0,0.0,0.0906063049094829,0.0,18.425513758060053,-3.872692352444512,0.7437495592683988,1,0,none
2025-01-01 00:20:42.799999952,0.0,0.0,0.0,0.1113531874180091,0.0,38.42816347187033,-7.596822868415163,0.5264950863328139,1,0,none
2025-01-01 00:20:42.900000095,0.0,0.0,0.0,0.1119629251915652,0.0,18.018060356884227,-2.823016148498787,0.6851982155377824,1,0,none
2025-01-01 00:20:43.000000000,0.0,0.0,0.0,0.2590858738671235,0.0,39.004797178343225,-7.691204412605557,0.7267056704105892,1,0,none
2025-01-01 00:20:43.099999905,0.0,0.0,0.0,0.3246310320706532,0.0,25.46140488455849,-12.171949097881354,0.3244835115292849,1,0,none
2025-01-01 00:20:43.200000048,0.0,0.0,0.0,0.1382702127928681,0.0,15.2169934981273,-2.8153110725715296,0.6455741389233,1,0,none
2025-01-01 00:20:43.299999952,0.0,0.0,0.0,0.0097336073532516,0.0,38.69827781934289,-7.466663510330566,0.5005112496065219,1,0,none
2025-01-01 00:20:43.400000095,0.0,0.0,0.0,0.0030817412806989,0.0,15.566941370413582,-2.897223257167668,0.6601841817587253,1,0,none
2025-01-01 00:20:43.500000000,0.0,0.0,0.0,0.0125866239836066,0.0,38.52552466584167,-7.527803660962361,0.6042469887093741,1,0,none
2025-01-01 00:20:43.599999905,0.0,0.0,0.0,0.0451843111109136,0.0,15.892783515538008,-3.316527435089415,0.6505934092904166,1,0,none
2025-01-01 00:20:43.700000048,0.0,0.0,0.0,0.052335906782147,0.0,38.53618402492073,-7.723206583561355,0.5671555331715683,1,0,none
2025-01-01 00:20:43.799999952,0.0,0.0,0.0,0.0012854809620898,0.0,22.86913796418829,-5.777400510639445,0.790584169737761,1,0,none
2025-01-01 00:20:43.900000095,0.0,0.0,0.0,0.0497649284680923,0.0,38.80189106180958,-7.461934209364612,-0.0146797977206633,1,0,none
2025-01-01 00:20:44.000000000,0.0,0.0,0.0,0.0362839805449133,0.0,25.088373040162097,-11.997386899887037,0.5165816187634378,1,0,none
2025-01-01 00:20:44.099999905,0.0,0.0,0.0,0.0334051610502153,0.0,22.605949108749712,-5.938615145759716,0.7116421225368319,1,0,none
2025-01-01 00:20:44.200000048,0.0,0.0,0.0,1.3091309056660982,0.0,4.91807611418402,-1.6684159403526082,-12.807137116200572,1,1,cable_cut
2025-01-01 00:20:44.299999952,0.0,0.0,0.0,1.3523635179198177,0.0,2.4945863663456365,-2.636883394552896,-11.584884355529578,1,1,anchor_drag
2025-01-01 00:20:44.400000095,0.0,0.0,0.0,2.4022134969198774,0.0,4.555279728186813,-2.8066758513728884,-14.681048103961627,1,1,anchor_drag
2025-01-01 00:20:44.500000000,0.0,0.0,0.0,2.0907731899426576,0.0,2.8479059675335368,-2.361779639987639,-13.536989479949227,1,1,anchor_drag
2025-01-01 00:20:44.599999905,0.0,0.0,0.0,2.2327335673738578,0.0,2.9815929231484968,-2.3326676822107633,-14.499343509256338,1,1,overheating
2025-01-01 00:20:44.700000048,0.0,0.0,0.0,2.45629929897389,0.0,3.023258180500688,-2.4054665135120685,-14.149633581864245,1,1,cable_cut
2025-01-01 00:20:44.799999952,0.0,0.0,0.0,1.1699296963715087,0.0,3.6216623895660254,-1.6218513917782298,-12.496697584563561,1,1,cable_cut
2025-01-01 00:20:44.900000095,0.0,0.0,0.0,0.1020862704709246,0.0,24.96689057221244,-12.089038844273489,0.5631009988119832,1,0,none
2025-01-01 00:20:45.000000000,0.0,0.0,0.0,1.811586375607039,0.0,2.627961953389754,-2.755408426752905,-10.28514309488384,1,1,cable_cut
2025-01-01 00:20:45.099999905,0.0,0.0,0.0,0.1090840205416084,0.0,39.02271378992363,-7.74420825909547,0.5348855778453249,1,0,none
2025-01-01 00:20:45.200000048,0.0,0.0,0.0,0.1335043235279525,0.0,0.1647380026675095,-14.981664796224592,0.8162527507937793,1,0,none
2025-01-01 00:20:45.299999952,0.0,0.0,0.0,0.1011154493658764,0.0,38.44100212048896,-7.566907833931774,0.6267473137015755,1,0,none
2025-01-01 00:20:45.400000095,0.0,0.0,0.0,0.033922274355052,0.0,-0.127342775277534,-14.98033346739099,0.024775254904761,1,0,none
2025-01-01 00:20:45.500000000,0.0,0.0,0.0,0.1557245288038804,0.0,38.449224045828295,-7.880608275844464,0.6539231946724208,1,0,none
2025-01-01 00:20:45.599999905,0.0,0.0,0.0,0.0678873601044131,0.0,0.2624218864740771,-6.45715706101918,0.7602399608010051,1,0,none
2025-01-01 00:20:45.700000048,0.0,0.0,0.0,0.1288738726712916,0.0,24.907555711164058,-12.134899082445765,0.4413417358936454,1,0,none
2025-01-01 00:20:45.799999952,0.0,0.0,0.0,0.1288716255022322,0.0,22.962053949263755,-6.144667330095699,0.7709413342852255,1,0,none
2025-01-01 00:20:45.900000095,0.0,0.0,0.0,0.0737621189341709,0.0,38.5855040963797,-7.647718403579151,0.5124309938306721,1,0,none
2025-01-01 00:20:46.000000000,0.0,0.0,0.0,0.0340686887202855,0.0,22.93889219966162,-6.079480895479632,0.7892255383862254,1,0,none
2025-01-01 00:20:46.099999905,0.0,0.0,0.0,0.0899477583738921,0.0,39.25526918052647,-7.578272728779455,0.562310411387701,1,0,none
2025-01-01 00:20:46.200000048,0.0,0.0,0.0,0.1107736228410581,0.0,23.41029962584583,-6.133191852899181,0.8006965015194907,1,0,none
2025-01-01 00:20:46.299999952,0.0,0.0,0.0,0.0566613327144268,0.0,38.551440570392685,-7.772378922991106,0.5593573743438668,1,0,none
2025-01-01 00:20:46.400000095,0.0,0.0,0.0,0.0629233600288889,0.0,19.07746082041034,-3.868770152360709,0.6877173323937232,1,0,none
2025-01-01 00:20:46.500000000,0.0,0.0,0.0,0.125492612269473,0.0,38.51340255179623,-7.573918462996777,0.6192070062023233,1,0,none
2025-01-01 00:20:46.599999905,0.0,0.0,0.0,0.0804927370409987,0.0,18.31299087956014,-3.7750182430229615,0.7150593479038884,1,0,none
2025-01-01 00:20:46.700000048,0.0,0.0,0.0,0.12502948136455,0.0,38.726548185848266,-7.673221864244788,0.5566711317254646,1,0,none
2025-01-01 00:20:46.799999952,0.0,0.0,0.0,0.0702455571652756,0.0,18.757864787638884,-3.705045419324593,0.6399817897178702,1,0,none
2025-01-01 00:20:46.900000095,0.0,0.0,0.0,0.094401772763081,0.0,38.83025272454519,-7.573760514663518,0.5830108902567914,1,0,none
2025-01-01 00:20:47.000000000,0.0,0.0,0.0,0.14600491576187,0.0,17.843554163572062,-3.0462353019541584,0.6753344808522045,1,0,none
2025-01-01 00:20:47.099999905,0.0,0.0,0.0,0.0878149798053871,0.0,24.68601426757195,-12.117798377991912,0.5276104395463014,1,0,none
2025-01-01 00:20:47.200000048,0.0,0.0,0.0,0.0749983344561477,0.0,16.59520878997661,-2.9803251934343686,0.6754725577297414,1,0,none
2025-01-01 00:20:47.299999952,0.0,0.0,0.0,1.0774961466018405,0.0,4.77957691184382,-2.4841738781834852,-12.545711006075965,1,1,cable_cut
2025-01-01 00:20:47.400000095,0.0,0.0,0.0,2.0017808125641157,0.0,2.6939970250285197,-2.747342721100871,-14.033002209936031,1,1,overheating
2025-01-01 00:20:47.500000000,0.0,0.0,0.0,1.28294010945715,0.0,4.410278571134891,-2.567624130680866,-12.014219570884835,1,1,overheating
2025-01-01 00:20:47.599999905,0.0,0.0,0.0,1.5416951456813743,0.0,2.9955421713705084,-1.9795904495255154,-13.862276335103996,1,1,anchor_drag
2025-01-01 00:20:47.700000048,0.0,0.0,0.0,1.8428207141175672,0.0,3.437885484898309,-2.2120329951207323,-13.644484583891806,1,1,cable_cut
2025-01-01 00:20:47.799999952,0.0,0.0,0.0,1.2884356665590693,0.0,4.100639943341664,-2.79205745717914,-11.528275135321532,1,1,cable_cut
2025-01-01 00:20:47.900000095,0.0,0.0,0.0,0.129702817451782,0.0,24.466539181730244,-12.017294311758254,0.5184300289864583,1,0,none
2025-01-01 00:20:48.000000000,0.0,0.0,0.0,0.1198407957193294,0.0,-0.0710556147366534,-14.977946150735496,0.6798153440267183,1,0,none
2025-01-01 00:20:48.099999905,0.0,0.0,0.0,0.1128632450050941,0.0,38.559740693214366,-7.618336985272237,0.6327576130194954,1,0,none
2025-01-01 00:20:48.200000048,0.0,0.0,0.0,0.0937005677654896,0.0,-0.2761075848920776,-15.02943651715218,0.6174755408227495,1,0,none
2025-01-01 00:20:48.299999952,0.0,0.0,0.0,0.1475064439412566,0.0,38.91711770340697,-7.73328520796462,0.5882815169085809,1,0,none
2025-01-01 00:20:48.400000095,0.0,0.0,0.0,0.1790583347677315,0.0,13.681327904797016,-2.3022179320156964,0.6761035865611393,1,0,none
2025-01-01 00:20:48.500000000,0.0,0.0,0.0,0.107015497990405,0.0,38.55923808549086,-7.564999781342606,0.5236168007427167,1,0,none
2025-01-01 00:20:48.599999905,0.0,0.0,0.0,0.0897373382220001,0.0,14.08794716759689,-2.0940977291644427,0.6944218828755866,1,0,none
2025-01-01 00:20:48.700000048,0.0,0.0,0.0,0.021560696297435,0.0,25.406035468442838,-12.017617633698215,0.5876949818636819,1,0,none
2025-01-01 00:20:48.799999952,0.0,0.0,0.0,0.0669475886010627,0.0,13.896833069535743,-2.3509034064822028,0.7404297691857992,1,0,none
2025-01-01 00:20:48.900000095,0.0,0.0,0.0,0.0888399700686958,0.0,38.78084607823846,-7.804569664040634,0.5341165293102674,1,0,none
2025-01-01 00:20:49.000000000,0.0,0.0,0.0,0.062473150059365,0.0,24.41017861918314,-6.280885480714904,0.7554918464602037,1,0,none
2025-01-01 00:20:49.099999905,0.0,0.0,0.0,0.0572628607828235,0.0,38.63703726685075,-7.755961749206743,0.54148564371291,1,0,none
2025-01-01 00:20:49.200000048,0.0,0.0,0.0,0.11046664584649,0.0,23.773145977517967,-6.221749712955159,0.5999656060123237,1,0,none
2025-01-01 00:20:49.299999952,0.0,0.0,0.0,0.1490380607078032,0.0,38.06962574172869,-7.882170013070595,0.5254587908511321,1,0,none
2025-01-01 00:20:49.400000095,0.0,0.0,0.0,0.1282996903612507,0.0,24.231951620425757,-4.351396709659419,0.7447720445474162,1,0,none
2025-01-01 00:20:49.500000000,0.0,0.0,0.0,0.0586229868299492,0.0,24.837190937829217,-11.923733976940428,0.4746691767943846,1,0,none
2025-01-01 00:20:49.599999905,0.0,0.0,0.0,0.0634293407185936,0.0,17.675778327504386,-3.506907073124475,0.6455031050071822,1,0,none
2025-01-01 00:20:49.700000048,0.0,0.0,0.0,0.0998875273464886,0.0,38.82375695542957,-7.656906295244326,0.5286604302300738,1,0,none
2025-01-01 00:20:49.799999952,0.0,0.0,0.0,0.1258062179651209,0.0,17.344616701668883,-3.5049138847776558,0.7137188290681429,1,0,none
2025-01-01 00:20:49.900000095,0.0,0.0,0.0,0.0693116898937179,0.0,38.15268612281762,-7.618783860333989,0.5486057258929197,1,0,none
2025-01-01 00:20:50.000000000,0.0,0.0,0.0,0.0449069266307955,0.0,17.55322066488218,-3.360141583761387,0.695346162416063,1,0,none
2025-01-01 00:20:50.099999905,0.0,0.0,0.0,0.0863990995051483,0.0,38.19461516615946,-7.748315448472205,0.5306072738095314,1,0,none
2025-01-01 00:20:50.200000048,0.0,0.0,0.0,0.1015116932561691,0.0,24.072460823120743,-6.410343578703947,0.7476002734200333,1,0,none
2025-01-01 00:20:50.299999952,0.0,0.0,0.0,0.0716828190850006,0.0,38.206175278535454,-7.574385939472848,0.5824470208103986,1,0,none
2025-01-01 00:20:50.400000095,0.0,0.0,0.0,1.731779194025322,0.0,3.0976397268415337,-2.0712879835132556,-14.301946112434617,1,1,cable_cut
2025-01-01 00:20:50.500000000,0.0,0.0,0.0,1.1452128778169945,0.0,3.708794496801696,-2.986745266521424,-12.339892217528853,1,1,cable_cut
2025-01-01 00:20:50.599999905,0.0,0.0,0.0,1.0876140923916995,0.0,3.278066859700984,-2.524935509781236,-14.131696532386053,1,1,cable_cut
2025-01-01 00:20:50.700000048,0.0,0.0,0.0,1.0639170827280382,0.0,2.5462484462423114,-1.9517005124355742,-10.138864410732765,1,1,overheating
2025-01-01 00:20:50.799999952,0.0,0.0,0.0,1.3776048423001042,0.0,2.7307344502692716,-2.386590864721613,-11.553333883819109,1,1,cable_cut
2025-01-01 00:20:50.900000095,0.0,0.0,0.0,1.2549407448859677,0.0,4.26235332053837,-1.051866757711356,-14.827115218696104,1,1,anchor_drag
2025-01-01 00:20:51.000000000,0.0,0.0,0.0,2.346952391764427,0.0,2.9408223124196717,-2.3210091158470396,-10.627316095555795,1,1,cable_cut
2025-01-01 00:20:51.099999905,0.0,0.0,0.0,0.1197613054532343,0.0,25.03525528574743,-11.865013943455605,0.4813236689211232,1,0,none
2025-01-01 00:20:51.200000048,0.0,0.0,0.0,0.0910815114420716,0.0,-0.1062655847749921,-14.98232552439655,0.7545451928603816,1,0,none
2025-01-01 00:20:51.299999952,0.0,0.0,0.0,0.0953870505757391,0.0,38.85145316587983,-7.602084077958965,0.5194178555897545,1,0,none
2025-01-01 00:20:51.400000095,0.0,0.0,0.0,0.0487988496256709,0.0,-0.0471709176085656,-6.732895076330412,0.7362783986513775,1,0,none
2025-01-01 00:20:51.500000000,0.0,0.0,0.0,0.0830770787693356,0.0,38.48232209364309,-7.665589812703095,0.6492488441247608,1,0,none
2025-01-01 00:20:51.599999905,0.0,0.0,0.0,0.0532462649812602,0.0,24.94572414423664,-6.423284112877244,0.7388618288388062,1,0,none
2025-01-01 00:20:51.700000048,0.0,0.0,0.0,0.1123817621569557,0.0,39.23208205467896,-7.641017123211871,0.6150233411152929,1,0,none
2025-01-01 00:20:51.799999952,0.0,0.0,0.0,0.1637113944863178,0.0,25.06653407910757,-6.52367800698956,0.6561139359839138,1,0,none
2025-01-01 00:20:51.900000095,0.0,0.0,0.0,0.1371154093527214,0.0,24.973418168095417,-11.98177978786778,0.5346171029399543,1,0,none
2025-01-01 00:20:52.000000000,0.0,0.0,0.0,0.047681717016183,0.0,22.400959397184582,-4.418403166979325,0.7372421167602241,1,0,none
2025-01-01 00:20:52.099999905,0.0,0.0,0.0,0.1339142063295034,0.0,38.44254216190267,-7.788611483453833,0.5659081971736512,1,0,none
2025-01-01 00:20:52.200000048,0.0,0.0,0.0,0.0462235345481616,0.0,18.91500128894409,-4.0945545582826375,0.6887483865519205,1,0,none
2025-01-01 00:20:52.299999952,0.0,0.0,0.0,0.1555070880106963,0.0,38.43417476388011,-7.556710864961268,0.5175099837367686,1,0,none
2025-01-01 00:20:52.400000095,0.0,0.0,0.0,0.0806210332721859,0.0,19.16835531088641,-4.12690760776531,0.0158039096076807,1,0,none
2025-01-01 00:20:52.500000000,0.0,0.0,0.0,0.0527166352357958,0.0,38.69601051513877,-7.764829206082851,0.7103843358576685,1,0,none
2025-01-01 00:20:52.599999905,0.0,0.0,0.0,0.0483460273912073,0.0,19.178641542639305,-4.275724377918929,0.6549324028688188,1,0,none
2025-01-01 00:20:52.700000048,0.0,0.0,0.0,0.0329251538903734,0.0,38.99996316841401,-7.428564575287185,0.6455831942728887,1,0,none
2025-01-01 00:20:52.799999952,0.0,0.0,0.0,0.0474087681944308,0.0,20.32561391508565,-4.557061264968116,0.7599748725362575,1,0,none
2025-01-01 00:20:52.900000095,0.0,0.0,0.0,0.0629082115666879,0.0,38.6061505188103,-7.458640801691274,0.6184676683788884,1,0,none
2025-01-01 00:20:53.000000000,0.0,0.0,0.0,0.0775650858464856,0.0,20.10009558343952,-4.583755405325493,0.71542161904648,1,0,none
2025-01-01 00:20:53.099999905,0.0,0.0,0.0,0.0766623711660809,0.0,38.332815607115634,-7.7080838032813,0.6085564887754947,1,0,none
2025-01-01 00:20:53.200000048,0.0,0.0,0.0,0.1459098476382557,0.0,20.18102532340433,-4.207297735227581,0.6495584358774686,1,0,none
2025-01-01 00:20:53.299999952,0.0,0.0,0.0,0.2110336235709838,0.0,38.92642773896258,-7.7328184125671955,0.6665978046075743,1,0,none
2025-01-01 00:20:53.400000095,0.0,0.0,0.0,0.2051506762575171,0.0,24.78905306132325,-12.059737409507026,0.4382906906960196,1,0,none
2025-01-01 00:20:53.500000000,0.0,0.0,0.0,0.1077571461714945,0.0,17.93998237332438,-3.808489082817768,0.7147922527611907,1,0,none
2025-01-01 00:20:53.599999905,0.0,0.0,0.0,0.0739978363633566,0.0,38.510965476457024,-7.6088861499417,0.5425810370751116,1,0,none
2025-01-01 00:20:53.700000048,0.0,0.0,0.0,0.0421251756869275,0.0,18.49730979227314,-3.969165146022601,0.5748695554696288,1,0,none
2025-01-01 00:20:53.799999952,0.0,0.0,0.0,2.4729472319891745,0.0,3.5738118348065697,-1.2641527984341931,-14.96198259939888,1,1,cable_cut
2025-01-01 00:20:53.900000095,0.0,0.0,0.0,1.801619620777197,0.0,3.3846418487664516,-2.8418367188597773,-13.612166346552069,1,1,cable_cut
2025-01-01 00:20:54.000000000,0.0,0.0,0.0,1.3749220736231518,0.0,2.789378740989312,-2.8578291761781873,-14.832718987161076,1,1,overheating
2025-01-01 00:20:54.099999905,0.0,0.0,0.0,2.2944842111206034,0.0,4.741583484675547,-2.1715983023457457,-12.359756516165312,1,1,cable_cut
2025-01-01 00:20:54.200000048,0.0,0.0,0.0,1.6374222133095513,0.0,3.98778395316874,-1.954587494217317,-11.147846175205116,1,1,overheating
2025-01-01 00:20:54.299999952,0.0,0.0,0.0,2.445451952057488,0.0,3.893695564995799,-1.6741315872624472,-12.673045107014495,1,1,cable_cut
2025-01-01 00:20:54.400000095,0.0,0.0,0.0,2.247926103514153,0.0,2.970075443418743,-1.4840079794779317,-12.348646237930506,1,1,cable_cut
2025-01-01 00:20:54.500000000,0.0,0.0,0.0,0.0833389475068555,0.0,38.27255085415002,-7.603499937031562,0.602793607067803,1,0,none
2025-01-01 00:20:54.599999905,0.0,0.0,0.0,0.0448371816862994,0.0,-0.0686353031758144,-15.02997131152902,0.8101107572341086,1,0,none
2025-01-01 00:20:54.700000048,0.0,0.0,0.0,0.1195132049716123,0.0,38.65030746045787,-7.561589498261753,0.5901095891341555,1,0,none
2025-01-01 00:20:54.799999952,0.0,0.0,0.0,0.0503651292100587,0.0,18.205111039090543,-3.793160336228128,0.6614522995263566,1,0,none
2025-01-01 00:20:54.900000095,0.0,0.0,0.0,0.1370058818820677,0.0,38.84760010700239,-7.644444378660986,0.5056051824154132,1,0,none
2025-01-01 00:20:55.000000000,0.0,0.0,0.0,0.1031340958848973,0.0,18.452426314326235,-3.912380109224361,0.0482451379377117,1,0,none
2025-01-01 00:20:55.099999905,0.0,0.0,0.0,0.0577236423666581,0.0,38.12274624294239,-7.522564471055104,0.597032286011241,1,0,none
2025-01-01 00:20:55.200000048,0.0,0.0,0.0,0.1762708984170262,0.0,25.157118329624154,-11.944095051022869,0.3961110184495217,1,0,none
2025-01-01 00:20:55.299999952,0.0,0.0,0.0,0.1056298645548321,0.0,18.581663194775672,-3.6829547458924377,0.5914437811221775,1,0,none
2025-01-01 00:20:55.400000095,0.0,0.0,0.0,0.1176154272068026,0.0,38.46957950956274,-7.597130055266349,0.5549421754194753,1,0,none
2025-01-01 00:20:55.500000000,0.0,0.0,0.0,0.0829713689959371,0.0,14.451440723809052,-2.342905492690637,0.7427035125355976,1,0,none
2025-01-01 00:20:55.599999905,0.0,0.0,0.0,0.1352226528127637,0.0,37.60242002782334,-7.802134607854392,0.5639707767301817,1,0,none
2025-01-01 00:20:55.700000048,0.0,0.0,0.0,0.1018051481719911,0.0,14.797687404555328,-2.371964216567469,0.7469054679485299,1,0,none
2025-01-01 00:20:55.799999952,0.0,0.0,0.0,0.0728767263393359,0.0,38.16350612904005,-7.695193091483716,0.6482413470829957,1,0,none
2025-01-01 00:20:55.900000095,0.0,0.0,0.0,0.0730849231131446,0.0,14.46463423512202,-2.319800230651176,0.6428230781368995,1,0,none
2025-01-01 00:20:56.000000000,0.0,0.0,0.0,0.0112595584680673,0.0,19.673733936063968,-3.512153241309704,0.890382539163944,1,0,none
2025-01-01 00:20:56.099999905,0.0,0.0,0.0,0.0516651970133054,0.0,38.53007684238475,-7.551224663563051,0.5606334978085078,1,0,none
2025-01-01 00:20:56.200000048,0.0,0.0,0.0,0.0579691336704275,0.0,22.674820390403283,-5.541227820789653,0.797458253134518,1,0,none
2025-01-01 00:20:56.299999952,0.0,0.0,0.0,0.02152840675632,0.0,38.57497677957603,-7.718108394527442,0.5194468642717467,1,0,none
2025-01-01 00:20:56.400000095,0.0,0.0,0.0,0.0331099079460713,0.0,22.369167087853903,-5.6598166762333095,0.7809656989815341,1,0,none
2025-01-01 00:20:56.500000000,0.0,0.0,0.0,0.1372874722728118,0.0,38.46955381614017,-7.560572821047042,0.6020855099271315,1,0,none
2025-01-01 00:20:56.599999905,0.0,0.0,0.0,0.016977819399706,0.0,19.559997509184303,-3.547551446372135,0.0735725651283998,1,0,none
2025-01-01 00:20:56.700000048,0.0,0.0,0.0,0.0360034582889298,0.0,38.49500897589461,-7.589017428156523,0.6277252210886978,1,0,none
2025-01-01 00:20:56.799999952,0.0,0.0,0.0,0.053237330676429,0.0,16.898408258462233,-3.3579764017959914,0.6372291217808355,1,0,none
2025-01-01 00:20:56.900000095,0.0,0.0,0.0,0.0579337870222613,0.0,24.858192316682928,-11.914854672554156,0.5730198719812704,1,0,none
2025-01-01 00:20:57.000000000,0.0,0.0,0.0,1.2885143667719032,0.0,3.6779196930579063,-2.212946114668082,-14.569138150796768,1,1,anchor_drag
2025-01-01 00:20:57.099999905,0.0,0.0,0.0,1.0523248279471908,0.0,2.00706313717716,-2.418588334698866,-13.100762872445312,1,1,anchor_drag
2025-01-01 00:20:57.200000048,0.0,0.0,0.0,1.7101316993776305,0.0,2.7523913493311354,-1.7008682162403757,-14.887555417950225,1,1,cable_cut
2025-01-01 00:20:57.299999952,0.0,0.0,0.0,1.7356462750733395,0.0,2.2679340206715635,-2.0966482266511086,-11.769786383183432,1,1,cable_cut
2025-01-01 00:20:57.400000095,0.0,0.0,0.0,1.7646354031270588,0.0,3.1757290667246947,-1.258856752484213,-11.103231613406965,1,1,cable_cut
2025-01-01 00:20:57.500000000,0.0,0.0,0.0,1.5447103605507175,0.0,3.691316507370188,-1.903583812172537,-13.836470521081148,1,1,cable_cut
2025-01-01 00:20:57.599999905,0.0,0.0,0.0,0.1108729354877092,0.0,38.96775468714471,-7.666050243597409,0.5468483787982354,1,0,none
2025-01-01 00:20:57.700000048,0.0,0.0,0.0,0.1098191531156745,0.0,-0.014632879350185,-14.985044001361585,0.6328954547617491,1,0,none
2025-01-01 00:20:57.799999952,0.0,0.0,0.0,0.1441604610520631,0.0,38.22608195043825,-7.6752685071513795,0.5542912920006504,1,0,none
2025-01-01 00:20:57.900000095,0.0,0.0,0.0,0.1445327513325325,0.0,-0.3425958212078044,-14.841905196685968,0.7051441338068386,1,0,none
2025-01-01 00:20:58.000000000,0.0,0.0,0.0,0.1810732679821315,0.0,38.704428587536206,-7.624026618360901,0.5515695752273141,1,0,none
2025-01-01 00:20:58.099999905,0.0,0.0,0.0,0.1219508321947472,0.0,13.882610033030486,-2.2937814574315416,0.6739960526119152,1,0,none
2025-01-01 00:20:58.200000048,0.0,0.0,0.0,0.1060757176164578,0.0,24.97100382711456,-12.063440926756776,0.3759214658616133,1,0,none
2025-01-01 00:20:58.299999952,0.0,0.0,0.0,0.0972147324165447,0.0,14.383834069809112,-2.1701569362619697,0.7532466489286347,1,0,none
2025-01-01 00:20:58.400000095,0.0,0.0,0.0,0.0383899390970368,0.0,38.29022678073128,-7.540981915457319,0.5271222909309271,1,0,none
2025-01-01 00:20:58.500000000,0.0,0.0,0.0,0.1096769205622597,0.0,24.21798885730871,-6.289802800129902,0.697456227517424,1,0,none
2025-01-01 00:20:58.599999905,0.0,0.0,0.0,0.031182014407127,0.0,39.02595334621192,-7.67101935260338,0.5644636126002153,1,0,none
2025-01-01 00:20:58.700000048,0.0,0.0,0.0,0.1216359628970377,0.0,24.48115404263992,-6.375801419960814,0.7269433412084614,1,0,none
2025-01-01 00:20:58.799999952,0.0,0.0,0.0,0.1822461950956181,0.0,38.1180191793926,-7.606570258997755,0.6060648854611117,1,0,none
2025-01-01 00:20:58.900000095,0.0,0.0,0.0,0.1207164085290687,0.0,24.65161670351964,-14.968142947762908,0.6718508643061532,1,0,none
2025-01-01 00:20:59.000000000,0.0,0.0,0.0,0.1992388582726686,0.0,24.651099142664968,-12.072421852266674,0.4297420510616129,1,0,none
2025-01-01 00:20:59.099999905,0.0,0.0,0.0,0.1035257511258557,0.0,12.42204225861989,-14.897358382400688,0.6904731355136509,1,0,none
2025-01-01 00:20:59.200000048,0.0,0.0,0.0,0.1146467752567511,0.0,38.253139718500606,-7.475287229927029,0.4905458146327425,1,0,none
2025-01-01 00:20:59.299999952,0.0,0.0,0.0,0.1549816697914473,0.0,12.8908528523237,-14.995100203213465,0.7518122177500699,1,0,none
2025-01-01 00:20:59.400000095,0.0,0.0,0.0,0.1398935602516921,0.0,39.0402127964983,-7.621481372640379,0.5676754009633246,1,0,none
2025-01-01 00:20:59.500000000,0.0,0.0,0.0,0.0009294277766173,0.0,11.761016229111606,-2.1104934620714206,-0.0059645152847869,1,0,none
2025-01-01 00:20:59.599999905,0.0,0.0,0.0,0.0639270663638353,0.0,38.50600414150048,-7.57992807301179,0.5464473897582638,1,0,none
2025-01-01 00:20:59.700000048,0.0,0.0,0.0,0.1112705419683938,0.0,14.12609328449004,-2.1558262983829444,0.6627569860432393,1,0,none
2025-01-01 00:20:59.799999952,0.0,0.0,0.0,0.2008067187978472,0.0,25.23509814226801,-12.032610443604954,0.5009282856191464,1,0,none
2025-01-01 00:20:59.900000095,0.0,0.0,0.0,0.080963055101968,0.0,14.03270087799286,-2.1521252601741185,0.6245828969059651,1,0,none
2025-01-01 00:21:00.000000000,0.0,0.0,0.0,2.373889851438859,0.0,2.1818912749255097,-2.1752266412481047,-13.961461690181462,1,1,cable_cut
2025-01-01 00:21:00.099999905,0.0,0.0,0.0,1.760871030982995,0.0,3.1632602354896817,-2.65490153490633,-10.152852605334907,1,1,cable_cut
2025-01-01 00:21:00.200000048,0.0,0.0,0.0,2.183234717470717,0.0,2.409967623061686,-2.579079071895208,-11.05075781008912,1,1,cable_cut
2025-01-01 00:21:00.299999952,0.0,0.0,0.0,2.1786167137139314,0.0,3.2445575375839852,-1.5749238593044506,-12.948706850504623,1,1,cable_cut
2025-01-01 00:21:00.400000095,0.0,0.0,0.0,2.0385101013492823,0.0,2.2049799332873334,-1.6375373353592628,-13.833209761141305,1,1,cable_cut
2025-01-01 00:21:00.500000000,0.0,0.0,0.0,2.48139148405997,0.0,2.4518155873803575,-2.693971698990885,-10.74455071867423,1,1,cable_cut
2025-01-01 00:21:00.599999905,0.0,0.0,0.0,1.1231058329470087,0.0,4.355525455891293,-2.189727494712793,-10.548657278108005,1,1,cable_cut
2025-01-01 00:21:00.700000048,0.0,0.0,0.0,2.2057587562220218,0.0,2.923269275579986,-2.3141630886965823,-10.48378756502163,1,1,cable_cut
2025-01-01 00:21:00.799999952,0.0,0.0,0.0,0.0109106290362536,0.0,37.98468427764384,-7.834350986660934,0.5067065366541095,1,0,none
2025-01-01 00:21:00.900000095,0.0,0.0,0.0,0.0497847083876914,0.0,0.0930206471625451,-6.107729791835311,0.7917408579333793,1,0,none
2025-01-01 00:21:01.000000000,0.0,0.0,0.0,0.0288431025417613,0.0,38.66557066666211,-7.684512608205758,0.538219687831806,1,0,none
2025-01-01 00:21:01.099999905,0.0,0.0,0.0,0.1129893905828315,0.0,23.30064242439021,-5.8096811176957095,0.0236855402453785,1,0,none
2025-01-01 00:21:01.200000048,0.0,0.0,0.0,0.0436963703164223,0.0,38.1414236053209,-7.799321947682135,0.6753413455688909,1,0,none
2025-01-01 00:21:01.299999952,0.0,0.0,0.0,0.0331567669821042,0.0,23.06715598971303,-5.745086618177519,0.7634976744477551,1,0,none
2025-01-01 00:21:01.400000095,0.0,0.0,0.0,0.1077361290888143,0.0,38.6226227386774,-7.633820668281212,0.4895871129189488,1,0,none
2025-01-01 00:21:01.500000000,0.0,0.0,0.0,0.0684806687708616,0.0,22.84669685919801,-4.053144810508508,0.7459507831259878,1,0,none
2025-01-01 00:21:01.599999905,0.0,0.0,0.0,0.1130725440190753,0.0,39.00277563628281,-7.622311367640752,0.5508230811219024,1,0,none
2025-01-01 00:21:01.700000048,0.0,0.0,0.0,0.1086819951242553,0.0,18.36822838040167,-3.869884297083961,0.6810937709815202,1,0,none
2025-01-01 00:21:01.799999952,0.0,0.0,0.0,0.1774580497869977,0.0,38.72011048683877,-7.626993864897231,0.4925374740404859,1,0,none
2025-01-01 00:21:01.900000095,0.0,0.0,0.0,0.1083113962652111,0.0,18.472687355740693,-3.729315558739144,0.730329543077143,1,0,none
2025-01-01 00:21:02.000000000,0.0,0.0,0.0,0.1738409556802004,0.0,38.45495655950169,-7.584542171019139,0.5538887739333057,1,0,none
2025-01-01 00:21:02.099999905,0.0,0.0,0.0,0.0931044056995466,0.0,18.39145326264688,-3.641375615843705,0.7258903293488571,1,0,none
2025-01-01 00:21:02.200000048,0.0,0.0,0.0,0.0847436771683349,0.0,24.785346170163177,-11.9725418107258,0.6463915386483566,1,0,none
2025-01-01 00:21:02.299999952,0.0,0.0,0.0,0.0991745746689031,0.0,15.686629930172357,-2.790301835183949,0.7489988520179663,1,0,none
2025-01-01 00:21:02.400000095,0.0,0.0,0.0,0.0704748149655087,0.0,37.89922079088348,-7.764823387644712,0.6195717162575325,1,0,none
2025-01-01 00:21:02.500000000,0.0,0.0,0.0,0.0828989108367423,0.0,15.828711870270263,-2.851119498237661,0.6640497611387484,1,0,none
2025-01-01 00:21:02.599999905,0.0,0.0,0.0,0.0959158336770575,0.0,38.46347882386491,-7.626149620061362,0.5881366523065998,1,0,none
2025-01-01 00:21:02.700000048,0.0,0.0,0.0,0.1541861352681413,0.0,15.59913887899997,-2.6826187226146367,0.6427892522431804,1,0,none
2025-01-01 00:21:02.799999952,0.0,0.0,0.0,0.0888713330348145,0.0,38.66592742518205,-7.542264688691255,0.5383258548712694,1,0,none
2025-01-01 00:21:02.900000095,0.0,0.0,0.0,0.1855790393907158,0.0,14.469930823110367,-2.360339211977997,0.787063602810956,1,0,none
2025-01-01 00:21:03.000000000,0.0,0.0,0.0,0.0906004650859404,0.0,25.578780998986385,-11.89491285074246,0.5196078896786759,1,0,none
2025-01-01 00:21:03.099999905,0.0,0.0,0.0,0.1893450606374331,0.0,14.66916976155372,-2.4176120148774163,0.7555678092086546,1,0,none
2025-01-01 00:21:03.200000048,0.0,0.0,0.0,1.1571340453695358,0.0,4.203201157206404,-2.4777366067022566,-11.320426549410575,1,1,overheating
2025-01-01 00:21:03.299999952,0.0,0.0,0.0,2.236365950122189,0.0,2.330842164427655,-1.4280972213205045,-10.239330560641303,1,1,overheating
2025-01-01 00:21:03.400000095,0.0,0.0,0.0,2.3765589303511327,0.0,4.5978385900916345,-2.301166830787822,-11.248070074863783,1,1,anchor_drag
2025-01-01 00:21:03.500000000,0.0,0.0,0.0,1.3706680073527504,0.0,3.5511531989681786,-1.6705563387933948,-12.44847104575759,1,1,cable_cut
2025-01-01 00:21:03.599999905,0.0,0.0,0.0,1.5272664357085242,0.0,4.9805400513407445,-1.7469621591453628,-10.83512084861491,1,1,overheating
2025-01-01 00:21:03.700000048,0.0,0.0,0.0,1.7698734988914187,0.0,4.734669759918168,-1.8681673060446924,-12.060477400441501,1,1,cable_cut
2025-01-01 00:21:03.799999952,0.0,0.0,0.0,0.0986277137360429,0.0,25.163919685500183,-11.992978930648777,0.4672499800136578,1,0,none
2025-01-01 00:21:03.900000095,0.0,0.0,0.0,0.1599544090358734,0.0,-0.1075627582687829,-14.927817500782677,0.7183893944532801,1,0,none
2025-01-01 00:21:04.000000000,0.0,0.0,0.0,0.1025105638633153,0.0,38.06495104988899,-7.638227727439736,0.5613187601420034,1,0,none
2025-01-01 00:21:04.099999905,0.0,0.0,0.0,0.1241078165656167,0.0,14.83968836844001,-2.63672699634718,0.6004941631375532,1,0,none
2025-01-01 00:21:04.200000048,0.0,0.0,0.0,0.1069915472403993,0.0,38.5292385606399,-7.68825100768573,0.5057289821952512,1,0,none
2025-01-01 00:21:04.299999952,0.0,0.0,0.0,0.080415296513164,0.0,15.114638331901372,-2.2869625583784394,0.6084923893441574,1,0,none
2025-01-01 00:21:04.400000095,0.0,0.0,0.0,0.0935084685347387,0.0,38.69281713273795,-7.589876100814409,0.5136822349038547,1,0,none
2025-01-01 00:21:04.500000000,0.0,0.0,0.0,0.0042746501394603,0.0,15.183693458371064,-2.4658226737761644,0.0274608542332573,1,0,none
2025-01-01 00:21:04.599999905,0.0,0.0,0.0,0.1839949584602544,0.0,38.95924656201145,-7.798303039749535,0.7097682787824303,1,0,none
2025-01-01 00:21:04.700000048,0.0,0.0,0.0,0.1087129136151383,0.0,24.86305131714877,-11.979315337300608,0.5584700040296775,1,0,none
2025-01-01 00:21:04.799999952,0.0,0.0,0.0,0.1165191448623797,0.0,14.26146124101404,-2.363772071798919,0.6480125945534309,1,0,none
2025-01-01 00:21:04.900000095,0.0,0.0,0.0,0.1545544907489844,0.0,38.91567257018245,-7.663635061828735,0.6060225245755266,1,0,none
2025-01-01 00:21:05.000000000,0.0,0.0,0.0,0.1050642664742333,0.0,14.307815566969223,-2.2495259140634527,0.699059016081933,1,0,none
2025-01-01 00:21:05.099999905,0.0,0.0,0.0,0.1017633119576701,0.0,38.19013652272933,-7.557468220644067,0.5516851906128755,1,0,none
2025-01-01 00:21:05.200000048,0.0,0.0,0.0,0.1374629443581219,0.0,14.35277200594825,-2.1136493845856767,0.7970199784473065,1,0,none
2025-01-01 00:21:05.299999952,0.0,0.0,0.0,0.0309170396904625,0.0,38.71463515117776,-7.646229139838169,0.5004327126153731,1,0,none
2025-01-01 00:21:05.400000095,0.0,0.0,0.0,0.0607949301563165,0.0,14.048205649437696,-2.320753319229886,0.7614273884935961,1,0,none
2025-01-01 00:21:05.500000000,0.0,0.0,0.0,0.0189175647305622,0.0,25.4844349762742,-12.027738466243015,0.5711731245800711,1,0,none
2025-01-01 00:21:05.599999905,0.0,0.0,0.0,0.0351202534284162,0.0,24.503405551969188,-6.301117753104971,0.7227215924853077,1,0,none
2025-01-01 00:21:05.700000048,0.0,0.0,0.0,0.0392447335865345,0.0,38.69539928559856,-7.726871971496569,0.5826186690379889,1,0,none
2025-01-01 00:21:05.799999952,0.0,0.0,0.0,0.0843891262542674,0.0,24.341965119743595,-6.341250661592095,0.7738561585314784,1,0,none
2025-01-01 00:21:05.900000095,0.0,0.0,0.0,0.0197470348128174,0.0,38.68491828715911,-7.52893239762886,0.5449411643861288,1,0,none
2025-01-01 00:21:06.000000000,0.0,0.0,0.0,0.0060881143401006,0.0,24.17998276983524,-6.356118782369514,0.7433924554932569,1,0,none
2025-01-01 00:21:06.099999905,0.0,0.0,0.0,0.0144505349340563,0.0,38.48346956508031,-7.643087336289063,0.5761773828935653,1,0,none
2025-01-01 00:21:06.200000048,0.0,0.0,0.0,0.0057168064880829,0.0,22.42930485362164,-5.837997358412547,0.0394235520006595,1,0,none
2025-01-01 00:21:06.299999952,0.0,0.0,0.0,0.1283719149640294,0.0,24.900088067278325,-11.866350996673615,0.753144995870332,1,0,none
2025-01-01 00:21:06.400000095,0.0,0.0,0.0,0.0968648285630591,0.0,38.49000983639933,-7.693790274785829,0.6060094730203424,1,0,none
2025-01-01 00:21:06.500000000,0.0,0.0,0.0,0.011041764680956,0.0,22.5094083891135,-5.861677408752857,0.7329262981215291,1,0,none
2025-01-01 00:21:06.599999905,0.0,0.0,0.0,1.5730980188953776,0.0,2.908033782217906,-1.66584305669544,-13.916869848435596,1,1,cable_cut
2025-01-01 00:21:06.700000048,0.0,0.0,0.0,2.0742610896366394,0.0,3.216423824142693,-2.918888898414438,-10.377265296740923,1,1,cable_cut
2025-01-01 00:21:06.799999952,0.0,0.0,0.0,2.481143927131438,0.0,3.8845956132470607,-1.534952732232537,-14.862751445700665,1,1,cable_cut
2025-01-01 00:21:06.900000095,0.0,0.0,0.0,1.5363077951936122,0.0,3.9468653832207146,-2.655688131132681,-13.63211338557946,1,1,cable_cut
2025-01-01 00:21:07.000000000,0.0,0.0,0.0,1.1380148570878132,0.0,4.576944365548577,-1.5647643997392076,-11.792247608972486,1,1,overheating
2025-01-01 00:21:07.099999905,0.0,0.0,0.0,1.0056117032290581,0.0,4.992543324316556,-2.1122849005454754,-11.494037771414455,1,1,anchor_drag
2025-01-01 00:21:07.200000048,0.0,0.0,0.0,2.0750649182245615,0.0,3.5571241819386725,-1.4790422355850947,-10.856230918369345,1,1,cable_cut
2025-01-01 00:21:07.299999952,0.0,0.0,0.0,1.7458520495137826,0.0,4.884652570081584,-1.31083763103081,-12.720038455226186,1,1,cable_cut
2025-01-01 00:21:07.400000095,0.0,0.0,0.0,0.0487323680353531,0.0,38.02442619678104,-7.705913807081421,0.5065635383604136,1,0,none
2025-01-01 00:21:07.500000000,0.0,0.0,0.0,0.0350439635151536,0.0,25.106943131400847,-6.748072059220545,0.768499725361376,1,0,none
2025-01-01 00:21:07.599999905,0.0,0.0,0.0,0.0269981218640853,0.0,38.79428179477012,-7.676775146720532,0.5793256109483412,1,0,none
2025-01-01 00:21:07.700000048,0.0,0.0,0.0,0.047436638204525,0.0,25.14806118826113,-6.546129896638722,0.7211059081498572,1,0,none
2025-01-01 00:21:07.799999952,0.0,0.0,0.0,0.0291147418498425,0.0,38.91161811783265,-7.572074543843882,0.5038989310847067,1,0,none
2025-01-01 00:21:07.900000095,0.0,0.0,0.0,0.0249933526458184,0.0,25.06045888173475,-6.378619812755239,0.8313144627597614,1,0,none
2025-01-01 00:21:08.000000000,0.0,0.0,0.0,0.0587264126217819,0.0,38.74360435419528,-7.607121585299568,0.5453545765075859,1,0,none
2025-01-01 00:21:08.099999905,0.0,0.0,0.0,0.0654410739535947,0.0,25.04682722153705,-4.744853652831008,0.6658153830195354,1,0,none
2025-01-01 00:21:08.200000048,0.0,0.0,0.0,0.045190310687108,0.0,38.70626521587775,-7.639699261768026,0.5853293222646131,1,0,none
2025-01-01 00:21:08.299999952,0.0,0.0,0.0,0.0350490705114332,0.0,19.626831109160364,-4.569249424991393,0.6974602982386053,1,0,none
2025-01-01 00:21:08.400000095,0.0,0.0,0.0,0.1478180704379697,0.0,38.3319257096066,-7.569416396010189,0.4957116838368949,1,0,none
2025-01-01 00:21:08.500000000,0.0,0.0,0.0,0.0745389040293679,0.0,20.576069897109928,-4.612747296967336,0.7241526785825723,1,0,none
2025-01-01 00:21:08.599999905,0.0,0.0,0.0,0.1244495977764602,0.0,37.86186925337114,-7.514795384879924,0.5073439515462091,1,0,none
2025-01-01 00:21:08.700000048,0.0,0.0,0.0,0.1492898618637226,0.0,20.0579466210524,-3.1118256588191837,0.7788229001077817,1,0,none
2025-01-01 00:21:08.799999952,0.0,0.0,0.0,0.134608885629468,0.0,38.95168248788242,-7.559668509492568,0.5747252314876201,1,0,none
2025-01-01 00:21:08.900000095,0.0,0.0,0.0,0.1433461707243249,0.0,15.57202180033747,-2.657978414456379,0.6861559787736957,1,0,none
2025-01-01 00:21:09.000000000,0.0,0.0,0.0,0.1427508106042225,0.0,38.3784966785648,-7.736717582375639,0.5554673509011057,1,0,none
2025-01-01 00:21:09.099999905,0.0,0.0,0.0,0.0738869430587987,0.0,15.738826503044589,-2.705098641890275,0.7451644060549096,1,0,none
2025-01-01 00:21:09.200000048,0.0,0.0,0.0,0.0606177530993438,0.0,38.49406394599927,-7.643521181241311,0.5592980626780399,1,0,none
2025-01-01 00:21:09.299999952,0.0,0.0,0.0,0.1599787180009803,0.0,15.60925484782708,-2.95366177784458,0.8061054728616774,1,0,none
2025-01-01 00:21:09.400000095,0.0,0.0,0.0,0.1705024497800746,0.0,38.39498568904396,-7.819393897584277,0.7567933758197762,1,0,none
2025-01-01 00:21:09.500000000,0.0,0.0,0.0,0.2181337302326559,0.0,25.33260232598672,-12.152482758825617,0.4243803683780561,1,0,none
2025-01-01 00:21:09.599999905,0.0,0.0,0.0,0.0813557962734495,0.0,19.7269794763197,-4.312290613054266,0.6531507063245757,1,0,none
2025-01-01 00:21:09.700000048,0.0,0.0,0.0,0.1327969901437899,0.0,38.45998290336652,-7.687377479370222,0.5426555948049004,1,0,none
2025-01-01 00:21:09.799999952,0.0,0.0,0.0,0.0684482465800098,0.0,18.784053173792625,-4.478617628998268,0.7239437485026226,1,0,none
2025-01-01 00:21:09.900000095,0.0,0.0,0.0,2.4322455428418497,0.0,3.5760459491135905,-2.5268730862179876,-10.203640487596282,1,1,overheating
2025-01-01 00:21:10.000000000,0.0,0.0,0.0,1.216056700244394,0.0,3.504785942526604,-2.796832200434608,-13.621394657194209,1,1,overheating
2025-01-01 00:21:10.099999905,0.0,0.0,0.0,2.4681315875712038,0.0,4.699683152551039,-1.3266151712347327,-11.094945706322495,1,1,cable_cut
2025-01-01 00:21:10.200000048,0.0,0.0,0.0,1.3749389600373043,0.0,3.6899803094076864,-1.0989266965638247,-11.195567977207318,1,1,cable_cut
2025-01-01 00:21:10.299999952,0.0,0.0,0.0,1.9663295584059808,0.0,3.9425207907117583,-2.857902373877238,-12.532635361667008,1,1,cable_cut
2025-01-01 00:21:10.400000095,0.0,0.0,0.0,2.466186281294184,0.0,4.679415704063501,-2.038944076640693,-13.465827263574695,1,1,cable_cut
2025-01-01 00:21:10.500000000,0.0,0.0,0.0,1.8159920082078012,0.0,2.737140583865855,-1.414438917794335,-12.951754482483945,1,1,cable_cut
2025-01-01 00:21:10.599999905,0.0,0.0,0.0,0.1310200980080763,0.0,38.4135217864488,-7.729707742743467,0.4600011714790473,1,0,none
2025-01-01 00:21:10.700000048,0.0,0.0,0.0,0.1074170629412883,0.0,-0.3999651161852988,-14.97371507948642,0.7544019417880856,1,0,none
2025-01-01 00:21:10.799999952,0.0,0.0,0.0,0.1082127787285889,0.0,39.585235460386365,-7.535994641772753,0.5277806857447219,1,0,none
2025-01-01 00:21:10.900000095,0.0,0.0,0.0,0.0964698511572702,0.0,0.234991271126614,-15.00890724354544,0.6465746183924032,1,0,none
2025-01-01 00:21:11.000000000,0.0,0.0,0.0,0.1584640869637475,0.0,38.51989887146989,-7.641454961252517,0.512257072339873,1,0,none
2025-01-01 00:21:11.099999905,0.0,0.0,0.0,0.0127240007125276,0.0,0.2607093826592519,-14.97424395685476,0.0858381374592175,1,0,none
2025-01-01 00:21:11.200000048,0.0,0.0,0.0,0.1994182651032008,0.0,38.46266301108568,-7.710947015816056,0.7171478151363545,1,0,none
2025-01-01 00:21:11.299999952,0.0,0.0,0.0,0.0845280381506054,0.0,25.260147066730056,-12.004682442198176,0.5438315947311549,1,0,none
2025-01-01 00:21:11.400000095,0.0,0.0,0.0,0.0422762402725024,0.0,0.0478179593328666,-15.099847462872024,0.7276540818856992,1,0,none
2025-01-01 00:21:11.500000000,0.0,0.0,0.0,0.0404217019708378,0.0,38.52738156945027,-7.683045518387354,0.4883668728283122,1,0,none
2025-01-01 00:21:11.599999905,0.0,0.0,0.0,0.0523025813925511,0.0,-0.0340745604692365,-6.602232143744941,0.7128640718876518,1,0,none
2025-01-01 00:21:11.700000048,0.0,0.0,0.0,0.0973732702088669,0.0,38.16578559996108,-7.673763597923879,0.4849445796496753,1,0,none
2025-01-01 00:21:11.799999952,0.0,0.0,0.0,0.0912754147275159,0.0,25.981428469817946,-6.645122213387805,0.7477940637840357,1,0,none
2025-01-01 00:21:11.900000095,0.0,0.0,0.0,0.0708862987711174,0.0,38.31753982391968,-7.622147485931075,0.5550439532306798,1,0,none
2025-01-01 00:21:12.000000000,0.0,0.0,0.0,0.045977996434848,0.0,25.191992927106824,-6.648068049049186,0.124133888108716,1,0,none
2025-01-01 00:21:12.099999905,0.0,0.0,0.0,0.0991848231801008,0.0,38.53614203517309,-7.688978238688707,0.6645544637504706,1,0,none
2025-01-01 00:21:12.200000048,0.0,0.0,0.0,0.0760114730178618,0.0,24.711558455946847,-11.92648395496095,0.5070569876927191,1,0,none
2025-01-01 00:21:12.299999952,0.0,0.0,0.0,0.0418214408892154,0.0,24.68448616283192,-4.355912163140079,0.7766879884177664,1,0,none
2025-01-01 00:21:12.400000095,0.0,0.0,0.0,0.0745971916460435,0.0,38.60632915456853,-7.724806453004319,0.6028988516034067,1,0,none
2025-01-01 00:21:12.500000000,0.0,0.0,0.0,0.0487652288234731,0.0,19.498590870158765,-4.200356543297034,0.7192382510885511,1,0,none
2025-01-01 00:21:12.599999905,0.0,0.0,0.0,0.0497710920587499,0.0,38.84441921648651,-7.68337555444546,0.4943154242455864,1,0,none
2025-01-01 00:21:12.700000048,0.0,0.0,0.0,0.0357963651842982,0.0,19.208310383564296,-4.275334914530449,0.8372498133863967,1,0,none
2025-01-01 00:21:12.799999952,0.0,0.0,0.0,0.1041514152599157,0.0,38.61487754829848,-7.78033779482373,0.6963948420114826,1,0,none
2025-01-01 00:21:12.900000095,0.0,0.0,0.0,0.1867814011803275,0.0,25.12236371526925,-11.983290911064982,0.3784662435752482,1,0,none
2025-01-01 00:21:13.000000000,0.0,0.0,0.0,0.1356170612027913,0.0,18.772663772817378,-4.728345429818631,0.8071479868459139,1,0,none
2025-01-01 00:21:13.099999905,0.0,0.0,0.0,0.032698704897058,0.0,38.77117541003596,-7.663480895849283,0.5488852439373135,1,0,none
2025-01-01 00:21:13.200000048,0.0,0.0,0.0,0.0282193124300528,0.0,21.362810213724853,-5.204688552001602,0.6917164957184059,1,0,none
2025-01-01 00:21:13.299999952,0.0,0.0,0.0,2.3939626748200418,0.0,2.967728577622431,-1.6718269189676038,-10.409469892604795,1,1,cable_cut
2025-01-01 00:21:13.400000095,0.0,0.0,0.0,1.5547347690329099,0.0,2.4063419594694473,-2.1865478064187664,-14.608352435921464,1,1,cable_cut
2025-01-01 00:21:13.500000000,0.0,0.0,0.0,1.9359807507661402,0.0,3.1253189914990376,-2.656366449330913,-10.00189293159,1,1,cable_cut
2025-01-01 00:21:13.599999905,0.0,0.0,0.0,2.2529917525625787,0.0,3.24369620245327,-2.5730055487573242,-12.808746210959029,1,1,cable_cut
2025-01-01 00:21:13.700000048,0.0,0.0,0.0,1.851450155851231,0.0,3.8044795031318563,-2.7272935641365788,-10.080497477839039,1,1,cable_cut
2025-01-01 00:21:13.799999952,0.0,0.0,0.0,1.3565697136330326,0.0,3.516457265145071,-2.6218704817555962,-10.615457934233017,1,1,anchor_drag
2025-01-01 00:21:13.900000095,0.0,0.0,0.0,1.302227302874932,0.0,2.785658119327494,-1.087068440471042,-12.312331075353391,1,1,cable_cut
2025-01-01 00:21:14.000000000,0.0,0.0,0.0,1.098305017280781,0.0,2.283127628491311,-2.8517598960285166,-12.529709426291026,1,1,overheating
2025-01-01 00:21:14.099999905,0.0,0.0,0.0,1.7438399301244438,0.0,4.7835673329014705,-2.0696404064517946,-12.791600520358497,1,1,cable_cut
2025-01-01 00:21:14.200000048,0.0,0.0,0.0,0.0456402494357319,0.0,38.95797268254243,-7.823521566498766,0.4883340131815843,1,0,none
2025-01-01 00:21:14.299999952,0.0,0.0,0.0,0.0950402068756452,0.0,-0.0843637386864865,-5.472171431929077,0.7454609460541268,1,0,none
2025-01-01 00:21:14.400000095,0.0,0.0,0.0,0.0208422565087785,0.0,38.59200908260895,-7.707897725020649,0.4861758736666755,1,0,none
2025-01-01 00:21:14.500000000,0.0,0.0,0.0,0.0046374627781069,0.0,20.895516776173675,-5.200432032186005,-0.1170765204695536,1,0,none
2025-01-01 00:21:14.599999905,0.0,0.0,0.0,0.0215312038770645,0.0,39.19177397133408,-7.561575236302122,0.7618631292581614,1,0,none
2025-01-01 00:21:14.700000048,0.0,0.0,0.0,0.0784292517998225,0.0,24.76111294330237,-12.210750272323237,0.5072053098134415,1,0,none
2025-01-01 00:21:14.799999952,0.0,0.0,0.0,0.104834229403868,0.0,20.943803182932715,-4.921832516840272,0.7878464529099704,1,0,none
2025-01-01 00:21:14.900000095,0.0,0.0,0.0,0.1778631004671872,0.0,38.47155640070216,-7.616085386750453,0.5782295950604035,1,0,none
2025-01-01 00:21:15.000000000,0.0,0.0,0.0,0.1647414977270654,0.0,20.47008787861464,-15.136099578877772,0.7395131659190626,1,0,none
2025-01-01 00:21:15.099999905,0.0,0.0,0.0,0.1189768701230282,0.0,39.2574914765165,-7.541908179900381,0.6022736250233037,1,0,none
2025-01-01 00:21:15.200000048,0.0,0.0,0.0,0.1981474642828946,0.0,11.645530026269276,-15.075037946769177,0.7056339673124534,1,0,none
2025-01-01 00:21:15.299999952,0.0,0.0,0.0,0.1563788543151238,0.0,38.66603875624634,-7.732025894683213,0.606202770891927,1,0,none
2025-01-01 00:21:15.400000095,0.0,0.0,0.0,0.1696567807734972,0.0,11.5777898180859,-15.180097031276926,0.8140670012097154,1,0,none
2025-01-01 00:21:15.500000000,0.0,0.0,0.0,0.0870530319194791,0.0,24.88027883822707,-12.086396285646362,0.5555679247849049,1,0,none
2025-01-01 00:21:15.599999905,0.0,0.0,0.0,0.0881989165287668,0.0,12.126590646430037,-2.074616877189846,0.7135911576601695,1,0,none
2025-01-01 00:21:15.700000048,0.0,0.0,0.0,0.0727435634760707,0.0,38.25257980614929,-7.569880528389124,0.5792879280081112,1,0,none
2025-01-01 00:21:15.799999952,0.0,0.0,0.0,0.0899251839887227,0.0,25.876040555220698,-6.690156015032585,0.6443178292807523,1,0,none
2025-01-01 00:21:15.900000095,0.0,0.0,0.0,0.0459653239767312,0.0,38.419287672433576,-7.787619144015695,0.6159779400780108,1,0,none
2025-01-01 00:21:16.000000000,0.0,0.0,0.0,0.0237042237452822,0.0,26.048024753719584,-6.777046350654951,0.0670219567982545,1,0,none
2025-01-01 00:21:16.099999905,0.0,0.0,0.0,0.1902033100529832,0.0,38.90852827400207,-7.969181617277788,0.7599083334061538,1,0,none
2025-01-01 00:21:16.200000048,0.0,0.0,0.0,0.2956559676101091,0.0,24.823976571781,-11.972565518168183,0.4579885981188847,1,0,none
2025-01-01 00:21:16.299999952,0.0,0.0,0.0,0.099684971226142,0.0,25.923019857817884,-3.477944252545285,0.6957912337329438,1,0,none
2025-01-01 00:21:16.400000095,0.0,0.0,0.0,0.1069184515866245,0.0,38.65503626794167,-7.833588969195112,0.5446658807753489,1,0,none
2025-01-01 00:21:16.500000000,0.0,0.0,0.0,0.1145697041053427,0.0,19.08580478863041,-2.800615190275547,0.6385179955114572,1,0,none
2025-01-01 00:21:16.599999905,0.0,0.0,0.0,0.0757088042654676,0.0,38.60431459887328,-7.578967615494283,0.6374020625855524,1,0,none
2025-01-01 00:21:16.700000048,0.0,0.0,0.0,1.9285916332079829,0.0,2.12610462533253,-1.2693569229022628,-12.875497180479021,1,1,cable_cut
2025-01-01 00:21:16.799999952,0.0,0.0,0.0,2.34189282465488,0.0,4.540926266195949,-2.368232710950086,-13.394335798046784,1,1,anchor_drag
2025-01-01 00:21:16.900000095,0.0,0.0,0.0,2.2846161460893093,0.0,3.871389035705157,-1.2120017732444113,-10.925212394830385,1,1,anchor_drag
2025-01-01 00:21:17.000000000,0.0,0.0,0.0,1.0798674114136724,0.0,2.7439622970932573,-2.9052912017419814,-12.406843367361525,1,1,cable_cut
2025-01-01 00:21:17.099999905,0.0,0.0,0.0,1.0765255690579207,0.0,2.9084464127900045,-2.435285236341773,-11.865615634738742,1,1,cable_cut
2025-01-01 00:21:17.200000048,0.0,0.0,0.0,1.514031173501551,0.0,3.620780930085001,-1.1369042409796217,-12.664215029075212,1,1,cable_cut
2025-01-01 00:21:17.299999952,0.0,0.0,0.0,2.151825620209209,0.0,3.142131422768978,-1.9185950066720394,-12.255158565651183,1,1,cable_cut
2025-01-01 00:21:17.400000095,0.0,0.0,0.0,0.1159661350508225,0.0,38.45385736663569,-7.638634732075555,0.5455281570378333,1,0,none
2025-01-01 00:21:17.500000000,0.0,0.0,0.0,0.0780409778261629,0.0,0.0956481130738591,-14.934303589564568,0.7532707815101616,1,0,none
2025-01-01 00:21:17.599999905,0.0,0.0,0.0,0.1106364167586127,0.0,38.17444789649928,-7.608840461230814,0.5612472075268512,1,0,none
2025-01-01 00:21:17.700000048,0.0,0.0,0.0,0.0783225214475508,0.0,0.3806422968950871,-4.606767744783832,0.7379261270382365,1,0,none
2025-01-01 00:21:17.799999952,0.0,0.0,0.0,0.1079004073032269,0.0,24.165111870297032,-12.003282775672798,0.5722664081087789,1,0,none
2025-01-01 00:21:17.900000095,0.0,0.0,0.0,0.0702528117949768,0.0,19.173855482299373,-4.334115527836054,0.6841832903380084,1,0,none
2025-01-01 00:21:18.000000000,0.0,0.0,0.0,0.0719630340048018,0.0,38.94226879314508,-7.689830577737329,0.4999098416403468,1,0,none
2025-01-01 00:21:18.099999905,0.0,0.0,0.0,0.0669856901129235,0.0,18.7908396199112,-4.310112674878245,0.7132358934056734,1,0,none
2025-01-01 00:21:18.200000048,0.0,0.0,0.0,0.0671549220809689,0.0,38.61993397528506,-7.740060924672495,0.5541946309673046,1,0,none
2025-01-01 00:21:18.299999952,0.0,0.0,0.0,0.138829127519252,0.0,19.095770066026294,-3.120538916201599,0.7457578168752373,1,0,none
2025-01-01 00:21:18.400000095,0.0,0.0,0.0,0.1611336836096176,0.0,38.38935902044334,-7.615507916190239,0.5924549965138753,1,0,none
2025-01-01 00:21:18.500000000,0.0,0.0,0.0,0.1455745223339292,0.0,16.88378228819183,-2.998558285702661,0.6851329227442238,1,0,none
2025-01-01 00:21:18.599999905,0.0,0.0,0.0,0.1014746317175498,0.0,25.059417077765545,-11.892735641414944,0.5385250308109201,1,0,none
2025-01-01 00:21:18.700000048,0.0,0.0,0.0,0.1426409124383398,0.0,15.889693239634692,-2.994833089801279,0.6540636682497276,1,0,none
2025-01-01 00:21:18.799999952,0.0,0.0,0.0,0.1193975824736516,0.0,38.20707233808052,-7.497321905059494,0.622345497241023,1,0,none
2025-01-01 00:21:18.900000095,0.0,0.0,0.0,0.1047937104514172,0.0,16.89260072046663,-2.32419975226332,0.7569814377307881,1,0,none
2025-01-01 00:21:19.000000000,0.0,0.0,0.0,0.1208993625150588,0.0,38.6346828154579,-7.781695926216707,0.4893485085520977,1,0,none
2025-01-01 00:21:19.099999905,0.0,0.0,0.0,0.2261721964271953,0.0,13.524440671757285,-2.070067184817317,0.7401974070986275,1,0,none
2025-01-01 00:21:19.200000048,0.0,0.0,0.0,0.268723053057039,0.0,39.00479427820399,-7.815352353012964,0.5077497468033817,1,0,none
2025-01-01 00:21:19.299999952,0.0,0.0,0.0,0.0393855402282327,0.0,12.897326460955965,-1.988707722867871,0.7492644616555509,1,0,none
2025-01-01 00:21:19.400000095,0.0,0.0,0.0,0.1449502616976252,0.0,25.750971341520845,-11.98400672611406,0.3651824774446162,1,0,none
2025-01-01 00:21:19.500000000,0.0,0.0,0.0,0.0869757033336532,0.0,13.007343900955574,-1.832673648509321,0.7179950278839126,1,0,none
2025-01-01 00:21:19.599999905,0.0,0.0,0.0,0.0979180545570067,0.0,38.311199439677296,-7.581241482375788,0.4535245155229164,1,0,none
2025-01-01 00:21:19.700000048,0.0,0.0,0.0,0.0814126382623134,0.0,17.309908040226826,-3.498789358795648,0.6400647884161025,1,0,none
2025-01-01 00:21:19.799999952,0.0,0.0,0.0,0.1084374057627272,0.0,37.92298246841317,-7.604211077499424,0.5734351483624706,1,0,none
2025-01-01 00:21:19.900000095,0.0,0.0,0.0,0.0692125069906512,0.0,17.88210570247478,-3.631055308155666,-0.035045409169139,1,0,none
2025-01-01 00:21:20.000000000,0.0,0.0,0.0,2.233046150938501,0.0,4.111610766323375,-1.9560058280013273,-11.76915795475907,1,1,cable_cut
2025-01-01 00:21:20.099999905,0.0,0.0,0.0,1.7582912074319348,0.0,4.710546412919807,-2.1358755041903787,-10.360418496754534,1,1,cable_cut
2025-01-01 00:21:20.200000048,0.0,0.0,0.0,1.9826951080793593,0.0,3.517200052550244,-1.506114613423566,-12.146347214885957,1,1,cable_cut
2025-01-01 00:21:20.299999952,0.0,0.0,0.0,1.7740976248285172,0.0,3.9828535421893316,-1.4662675963156064,-14.431403567563349,1,1,anchor_drag
2025-01-01 00:21:20.400000095,0.0,0.0,0.0,2.1553160594262453,0.0,3.851070487393425,-1.6089543715964454,-11.482302827816078,1,1,cable_cut
2025-01-01 00:21:20.500000000,0.0,0.0,0.0,1.5492874713867284,0.0,2.222832001102317,-1.405179791293696,-14.653024813066063,1,1,overheating
2025-01-01 00:21:20.599999905,0.0,0.0,0.0,0.1059004077563941,0.0,38.53689271886693,-7.578441646799619,0.4719283870175809,1,0,none
2025-01-01 00:21:20.700000048,0.0,0.0,0.0,0.0509891243238289,0.0,-0.096323828837774,-14.8966088806185,-0.0152245727037663,1,0,none
2025-01-01 00:21:20.799999952,0.0,0.0,0.0,0.0492165489641989,0.0,38.38347662770337,-7.61454669475072,0.6277388883493686,1,0,none
2025-01-01 00:21:20.900000095,0.0,0.0,0.0,0.102844870834639,0.0,0.0668148187802893,-4.834295452399327,0.7962018921919374,1,0,none
2025-01-01 00:21:21.000000000,0.0,0.0,0.0,0.121099169669287,0.0,25.4288558975578,-12.066255355316924,0.5956329568775863,1,0,none
2025-01-01 00:21:21.099999905,0.0,0.0,0.0,0.0278114738485526,0.0,20.109072184092483,-4.706246247117712,0.6768121152600239,1,0,none
2025-01-01 00:21:21.200000048,0.0,0.0,0.0,0.0318594252932937,0.0,37.9511328996164,-7.691587016069476,0.5027521864610125,1,0,none
2025-01-01 00:21:21.299999952,0.0,0.0,0.0,0.0455926487999203,0.0,20.41806115712348,-4.752755274668249,0.7501096326901626,1,0,none
2025-01-01 00:21:21.400000095,0.0,0.0,0.0,0.0314407970288923,0.0,38.76624287795383,-7.580750380913034,0.5233320521389823,1,0,none
2025-01-01 00:21:21.500000000,0.0,0.0,0.0,0.008598770673261,0.0,20.015672942665645,-4.685773621988111,0.0108370043932487,1,0,none
2025-01-01 00:21:21.599999905,0.0,0.0,0.0,0.0188588360469081,0.0,38.52891313693421,-7.609644694632796,0.5565111755370442,1,0,none
2025-01-01 00:21:21.700000048,0.0,0.0,0.0,0.0434313279931692,0.0,20.26426194605072,-4.803532350392029,0.72846289276121,1,0,none
2025-01-01 00:21:21.799999952,0.0,0.0,0.0,0.080832833268393,0.0,24.661494598746767,-12.068834044789853,0.574434757287374,1,0,none
2025-01-01 00:21:21.900000095,0.0,0.0,0.0,0.0967032289726556,0.0,20.579061703238956,-4.577600926436213,0.6879189969170915,1,0,none
2025-01-01 00:21:22.000000000,0.0,0.0,0.0,0.0905918792504766,0.0,38.92947667156423,-7.600891541302297,0.601581155643582,1,0,none
2025-01-01 00:21:22.099999905,0.0,0.0,0.0,0.0630101746496487,0.0,20.283165923366653,-5.30867798861029,0.7777372904121391,1,0,none
2025-01-01 00:21:22.200000048,0.0,0.0,0.0,0.0783620128579106,0.0,38.65810100550445,-7.649546826288994,0.587001212639005,1,0,none
2025-01-01 00:21:22.299999952,0.0,0.0,0.0,0.0963674712174088,0.0,25.49268347700131,-6.653201351775644,0.6310660653624935,1,0,none
2025-01-01 00:21:22.400000095,0.0,0.0,0.0,0.0295080955258773,0.0,25.536315753101373,-6.761191170444392,0.708947820564322,1,0,none
2025-01-01 00:21:22.500000000,0.0,0.0,0.0,0.1160834924794149,0.0,25.14448415370643,-11.9643001963541,0.5531689434432663,1,0,none
2025-01-01 00:21:22.599999905,0.0,0.0,0.0,0.1043445226555566,0.0,25.64897668788765,-2.76729582526938,0.6925914797622884,1,0,none
2025-01-01 00:21:22.700000048,0.0,0.0,0.0,0.1190396320671768,0.0,38.05962454670836,-7.760250725381256,0.5585251639082923,1,0,none
2025-01-01 00:21:22.799999952,0.0,0.0,0.0,0.0947646259127088,0.0,14.937748394793568,-2.318247715605393,0.7628221486898191,1,0,none
2025-01-01 00:21:22.900000095,0.0,0.0,0.0,0.0913069324224914,0.0,38.26995727511869,-7.660590240281241,0.6037475319351964,1,0,none
2025-01-01 00:21:23.000000000,0.0,0.0,0.0,1.0151453303117288,0.0,2.661445853938446,-1.1832480890641826,-10.281663631107206,1,1,anchor_drag
2025-01-01 00:21:23.099999905,0.0,0.0,0.0,1.863843328963445,0.0,2.561672474069926,-2.1760030536064976,-10.173348514561363,1,1,cable_cut
2025-01-01 00:21:23.200000048,0.0,0.0,0.0,1.6359447376342307,0.0,4.965827927634118,-2.3897534050909153,-14.909996686403128,1,1,overheating
2025-01-01 00:21:23.299999952,0.0,0.0,0.0,1.9380843170219277,0.0,4.739281788600238,-1.4495636871797877,-10.618375020901022,1,1,cable_cut
2025-01-01 00:21:23.400000095,0.0,0.0,0.0,2.34271132521199,0.0,2.805037809629173,-2.443507172244639,-13.268515465893701,1,1,cable_cut
2025-01-01 00:21:23.500000000,0.0,0.0,0.0,1.218454141618307,0.0,2.5276485164363294,-1.152700515548603,-13.227394483766448,1,1,anchor_drag
2025-01-01 00:21:23.599999905,0.0,0.0,0.0,2.453118662361102,0.0,2.0087776913219635,-1.7049203429325996,-11.769924425835871,1,1,cable_cut
2025-01-01 00:21:23.700000048,0.0,0.0,0.0,0.0425546082524443,0.0,-0.1797908365871176,-15.055701640951966,0.6059021856235836,1,0,none
2025-01-01 00:21:23.799999952,0.0,0.0,0.0,0.042470323874939,0.0,16.618393225007,-3.1336814265082245,0.7375405119425803,1,0,none
2025-01-01 00:21:23.900000095,0.0,0.0,0.0,0.0784052337324209,0.0,25.10748994447983,-12.040278977793909,0.5252088881584275,1,0,none
2025-01-01 00:21:24.000000000,0.0,0.0,0.0,0.1039601580322424,0.0,16.14706930860114,-3.088212947758941,0.7487749779631153,1,0,none
2025-01-01 00:21:24.099999905,0.0,0.0,0.0,0.0451429260123172,0.0,38.24983715431569,-7.53234608666079,0.6152486220424881,1,0,none
2025-01-01 00:21:24.200000048,0.0,0.0,0.0,0.1696465133531117,0.0,16.58447502152575,-3.141136357790033,0.7571835920990235,1,0,none
2025-01-01 00:21:24.299999952,0.0,0.0,0.0,0.1897453532669726,0.0,38.54544198026295,-7.57820045328869,0.6989902301584728,1,0,none
2025-01-01 00:21:24.400000095,0.0,0.0,0.0,0.0239370834607725,0.0,20.84716476623432,-4.688317300727877,0.6204633858854444,1,0,none
2025-01-01 00:21:24.500000000,0.0,0.0,0.0,0.0667925922764037,0.0,20.110981096968924,-4.680203180568933,0.7088600536984531,1,0,none
2025-01-01 00:21:24.599999905,0.0,0.0,0.0,0.100336596557676,0.0,39.14427584831008,-7.643910845481733,0.566033152388132,1,0,none
2025-01-01 00:21:24.700000048,0.0,0.0,0.0,0.1079495858806494,0.0,19.848884920568697,-4.801409640372192,0.696980103750463,1,0,none
2025-01-01 00:21:24.799999952,0.0,0.0,0.0,0.0572754619516003,0.0,38.12803611813149,-7.755715051530115,0.5771089487050822,1,0,none
2025-01-01 00:21:24.900000095,0.0,0.0,0.0,0.1101873533440411,0.0,17.46397446024234,-3.6083194856631087,0.6144397985494006,1,0,none
2025-01-01 00:21:25.000000000,0.0,0.0,0.0,0.1529762475020863,0.0,38.85673893443604,-7.697581715444038,0.610245269434626,1,0,none
2025-01-01 00:21:25.099999905,0.0,0.0,0.0,0.1226502091010449,0.0,18.02683047690806,-3.5416022995920806,0.6311281675058551,1,0,none
2025-01-01 00:21:25.200000048,0.0,0.0,0.0,0.1408908624587756,0.0,24.76534616381421,-11.868285677926476,0.3518688361196211,1,0,none
2025-01-01 00:21:25.299999952,0.0,0.0,0.0,0.0892567827103804,0.0,17.161830191072134,-3.5069563311630216,0.7366444905514956,1,0,none
2025-01-01 00:21:25.400000095,0.0,0.0,0.0,0.0351872343564639,0.0,38.24930572693625,-7.926095722966879,0.5400441880775491,1,0,none
2025-01-01 00:21:25.500000000,0.0,0.0,0.0,0.1960708022903149,0.0,17.756508045864486,-4.015650588656286,0.7348807237357903,1,0,none
2025-01-01 00:21:25.599999905,0.0,0.0,0.0,0.118410762546069,0.0,38.81552350933299,-7.584800706656189,0.5389611698199436,1,0,none
2025-01-01 00:21:25.700000048,0.0,0.0,0.0,1.9737182028854598,0.0,3.1585720558152017,-2.983364162175664,-10.28957920850236,1,1,anchor_drag
2025-01-01 00:21:25.799999952,0.0,0.0,0.0,1.7310207100545323,0.0,3.7259833426735804,-1.7261640431993177,-12.668220290062902,1,1,cable_cut
2025-01-01 00:21:25.900000095,0.0,0.0,0.0,1.6621936405713402,0.0,4.037450630104242,-2.767227126795786,-12.95331270672331,1,1,cable_cut
2025-01-01 00:21:26.000000000,0.0,0.0,0.0,1.6875535185079595,0.0,2.882751791557874,-1.2349341749166236,-14.324405379485734,1,1,cable_cut
2025-01-01 00:21:26.099999905,0.0,0.0,0.0,1.6534064269346163,0.0,3.753118346700213,-2.2643764394209933,-12.455212534690979,1,1,overheating
2025-01-01 00:21:26.200000048,0.0,0.0,0.0,2.110578326204468,0.0,4.549239765490274,-1.5334114244496015,-13.77289449834549,1,1,anchor_drag
2025-01-01 00:21:26.299999952,0.0,0.0,0.0,2.221965462980791,0.0,2.7387844413504343,-1.555676136839753,-11.684628532298623,1,1,cable_cut
2025-01-01 00:21:26.400000095,0.0,0.0,0.0,1.2367311672635948,0.0,2.4588545748786355,-1.1992823148633371,-10.453773585517657,1,1,anchor_drag
2025-01-01 00:21:26.500000000,0.0,0.0,0.0,1.0805046845749642,0.0,2.2171860260943053,-1.087814939718118,-11.469498138246415,1,1,cable_cut
2025-01-01 00:21:26.599999905,0.0,0.0,0.0,1.8692077745100941,0.0,3.406326252374138,-2.3837037370295184,-12.652438222504482,1,1,cable_cut
2025-01-01 00:21:26.700000048,0.0,0.0,0.0,0.1170727030701644,0.0,0.0463945629709875,-15.093578200549585,0.6797023668207164,1,0,none
2025-01-01 00:21:26.799999952,0.0,0.0,0.0,0.0376812768818022,0.0,25.14835674761463,-11.966125729813356,0.6270917872420387,1,0,none
2025-01-01 00:21:26.900000095,0.0,0.0,0.0,0.0186788313704877,0.0,21.460843863190117,-5.369980006444088,0.7160927726804052,1,0,none
2025-01-01 00:21:27.000000000,0.0,0.0,0.0,0.0247757189649584,0.0,38.659211781631896,-7.682481160275427,0.4384616173426301,1,0,none
2025-01-01 00:21:27.099999905,0.0,0.0,0.0,0.0135825799592514,0.0,21.834127305044085,-5.651886781459888,0.6819540813495371,1,0,none
2025-01-01 00:21:27.200000048,0.0,0.0,0.0,0.1815695883371743,0.0,38.66950180525852,-7.605567444401576,0.4937634470986223,1,0,none
2025-01-01 00:21:27.299999952,0.0,0.0,0.0,0.0885285391020462,0.0,21.821703565195754,-15.094793528951776,-0.0442483813646406,1,0,none
2025-01-01 00:21:27.400000095,0.0,0.0,0.0,0.1419232628904622,0.0,38.21803616782599,-7.52029287496729,0.6605171240676243,1,0,none
2025-01-01 00:21:27.500000000,0.0,0.0,0.0,0.1397103312291133,0.0,11.604660074367308,-15.11792545698393,0.677592119060739,1,0,none
2025-01-01 00:21:27.599999905,0.0,0.0,0.0,0.1025320658774606,0.0,24.335719544234635,-11.923778401305036,0.4923701699391057,1,0,none
2025-01-01 00:21:27.700000048,0.0,0.0,0.0,0.1219935716451871,0.0,12.24526035295359,-2.243734780213232,0.7223126754978622,1,0,none
2025-01-01 00:21:27.799999952,0.0,0.0,0.0,0.1023072564132166,0.0,38.84829725292056,-7.899494811277247,0.6074970415304544,1,0,none
2025-01-01 00:21:27.900000095,0.0,0.0,0.0,0.086069131540295,0.0,12.253065087366636,-2.055476709434142,0.7268436081319922,1,0,none
2025-01-01 00:21:28.000000000,0.0,0.0,0.0,0.1153400738710676,0.0,38.69203698873844,-7.889510323432008,0.4273222214174788,1,0,none
2025-01-01 00:21:28.099999905,0.0,0.0,0.0,0.0153954093513071,0.0,15.260064234684569,-2.6241558488742336,-0.0557494751198507,1,0,none
2025-01-01 00:21:28.200000048,0.0,0.0,0.0,0.0700128536882481,0.0,38.29198685246442,-7.659757665088732,0.6273724265318102,1,0,none
2025-01-01 00:21:28.299999952,0.0,0.0,0.0,0.0890588603862002,0.0,15.851124625277937,-2.5566103571753453,0.7377850297367993,1,0,none
2025-01-01 00:21:28.400000095,0.0,0.0,0.0,0.0355009429396125,0.0,25.04065540083754,-12.01671933545958,0.5336362423030402,1,0,none
2025-01-01 00:21:28.500000000,0.0,0.0,0.0,0.0750150179163962,0.0,15.633175536054392,-2.703034523144042,0.7008621653579583,1,0,none
