timestamp,voltage,current,temperature,vibration,acoustic_strain,optical_osnr,optical_ber,optical_power,cable_distance_norm,cable_domain_id,label,fault_type
2026-06-01T12:00:00,220.4,4.986,18.19,0.0652,0.0,25.0,-12.0,1.5,0.0,0,0,none
2026-06-01T12:00:00.100000,219.81,4.977,18.47,0.0577,0.0,25.0,-12.0,1.5,0.0,0,0,none
2026-06-01T12:00:00.200000,219.62,5.054,17.86,0.0453,0.0,25.0,-12.0,1.5,0.0,0,0,none
2026-06-01T12:00:00.300000,220.19,4.809,17.48,0.0444,0.0,25.0,-12.0,1.5,0.0,0,0,none
2026-06-01T12:00:00.400000,219.19,5.031,17.73,0.0359,0.0,25.0,-12.0,1.5,0.0,0,0,none
2026-06-01T12:00:00.500000,221.17,4.977,18.02,0.0358,0.0,25.0,-12.0,1.5,0.0,0,0,none
2026-06-01T12:00:00.600000,219.56,5.011,17.65,0.0538,0.0,25.0,-12.0,1.5,0.0,0,0,none
2026-06-01T12:00:00.700000,219.52,4.971,17.82,0.0685,0.0,25.0,-12.0,1.5,0.0,0,0,none
2026-06-01T12:00:00.800000,219.99,4.894,18.25,0.0378,0.0,25.0,-12.0,1.5,0.0,0,0,none
2026-06-01T12:00:00.900000,220.17,4.804,17.6,0.052,0.0,25.0,-12.0,1.5,0.0,0,0,none
2026-06-01T12:00:01,220.59,5.017,17.97,0.047,0.0,25.0,-12.0,1.5,0.0,0,0,none
2026-06-01T12:00:01.100000,218.82,4.928,17.86,0.0606,0.0,25.0,-12.0,1.5,0.0,0,0,none
2026-06-01T12:00:01.200000,220.27,4.824,18.1,0.0461,0.0,25.0,-12.0,1.5,0.0,0,0,none
2026-06-01T12:00:01.300000,219.46,5.061,18.31,0.0593,0.0,25.0,-12.0,1.5,0.0,0,0,none
2026-06-01T12:00:01.400000,219.33,4.969,18.1,0.0598,0.0,25.0,-12.0,1.5,0.0,0,0,none
2026-06-01T12:00:01.500000,219.62,4.981,17.67,0.038,0.0,25.0,-12.0,1.5,0.0,0,0,none
2026-06-01T12:00:01.600000,220.65,5.136,17.98,0.06,0.0,25.0,-12.0,1.5,0.0,0,0,none
2026-06-01T12:00:01.700000,220.29,4.935,18.11,0.0654,0.0,25.0,-12.0,1.5,0.0,0,0,none
2026-06-01T12:00:01.800000,219.97,5.156,17.21,0.0582,0.0,25.0,-12.0,1.5,0.0,0,0,none
2026-06-01T12:00:01.900000,220.07,4.97,18.03,0.0301,0.0,25.0,-12.0,1.5,0.0,0,0,none
2026-06-01T12:00:02,219.82,5.036,18.44,0.0448,0.0,25.0,-12.0,1.5,0.0,0,0,none
2026-06-01T12:00:02.100000,219.35,4.95,18.27,0.0533,0.0,25.0,-12.0,1.5,0.0,0,0,none
2026-06-01T12:00:02.200000,219.58,5.051,18.03,0.0597,0.0,25.0,-12.0,1.5,0.0,0,0,none
2026-06-01T12:00:02.300000,219.44,4.967,17.88,0.0354,0.0,25.0,-12.0,1.5,0.0,0,0,none
2026-06-01T12:00:02.400000,220.24,5.026,18.0,0.0477,0.0,25.0,-12.0,1.5,0.0,0,0,none
2026-06-01T12:00:02.500000,218.87,4.958,17.9,0.042,0.0,25.0,-12.0,1.5,0.0,0,0,none
2026-06-01T12:00:02.600000,219.87,5.04,18.57,0.0517,0.0,25.0,-12.0,1.5,0.0,0,0,none
2026-06-01T12:00:02.700000,220.21,4.993,17.42,0.0497,0.0,25.0,-12.0,1.5,0.0,0,0,none
2026-06-01T12:00:02.800000,220.05,5.246,17.94,0.053,0.0,25.0,-12.0,1.5,0.0,0,0,none
2026-06-01T12:00:02.900000,219.97,4.883,18.34,0.0575,0.0,25.0,-12.0,1.5,0.0,0,0,none
2026-06-01T12:00:03,220.63,4.909,18.42,0.036,0.0,25.0,-12.0,1.5,0.0,0,0,none
2026-06-01T12:00:03.100000,220.47,5.219,17.7,0.0443,0.0,25.0,-12.0,1.5,0.0,0,0,none
2026-06-01T12:00:03.200000,220.08,4.95,17.53,0.0507,0.0,25.0,-12.0,1.5,0.0,0,0,none
2026-06-01T12:00:03.300000,219.15,5.047,17.72,0.0655,0.0,25.0,-12.0,1.5,0.0,0,0,none
2026-06-01T12:00:03.400000,219.37,4.968,18.24,0.0377,0.0,25.0,-12.0,1.5,0.0,0,0,none
2026-06-01T12:00:03.500000,220.18,5.131,17.52,0.0518,0.0,25.0,-12.0,1.5,0.0,0,0,none
2026-06-01T12:00:03.600000,220.21,5.078,17.63,0.0368,0.0,25.0,-12.0,1.5,0.0,0,0,none
2026-06-01T12:00:03.700000,220.42,5.03,18.08,0.0535,0.0,25.0,-12.0,1.5,0.0,0,0,none
2026-06-01T12:00:03.800000,219.46,5.023,18.09,0.0429,0.0,25.0,-12.0,1.5,0.0,0,0,none
2026-06-01T12:00:03.900000,221.49,5.047,17.64,0.0566,0.0,25.0,-12.0,1.5,0.0,0,0,none
2026-06-01T12:00:04,219.22,5.079,18.35,0.0418,0.0,25.0,-12.0,1.5,0.0,0,0,none
2026-06-01T12:00:04.100000,220.77,5.041,18.25,0.069,0.0,25.0,-12.0,1.5,0.0,0,0,none
2026-06-01T12:00:04.200000,219.8,4.925,17.73,0.0418,0.0,25.0,-12.0,1.5,0.0,0,0,none
2026-06-01T12:00:04.300000,219.94,5.034,18.08,0.0583,0.0,25.0,-12.0,1.5,0.0,0,0,none
2026-06-01T12:00:04.400000,220.01,5.145,17.92,0.0772,0.0,25.0,-12.0,1.5,0.0,0,0,none
2026-06-01T12:00:04.500000,220.5,4.914,17.68,0.0548,0.0,25.0,-12.0,1.5,0.0,0,0,none
2026-06-01T12:00:04.600000,219.82,5.071,18.14,0.0493,0.0,25.0,-12.0,1.5,0.0,0,0,none
2026-06-01T12:00:04.700000,219.32,4.849,17.87,0.0586,0.0,25.0,-12.0,1.5,0.0,0,0,none
2026-06-01T12:00:04.800000,220.17,4.875,18.05,0.0539,0.0,25.0,-12.0,1.5,0.0,0,0,none
2026-06-01T12:00:04.900000,219.29,5.015,18.02,0.0386,0.0,25.0,-12.0,1.5,0.0,0,0,none
2026-06-01T12:00:05,220.29,5.056,18.32,0.0605,0.0,25.0,-12.0,1.5,0.0,0,0,none
2026-06-01T12:00:05.100000,218.9,4.906,18.15,0.0551,0.0,25.0,-12.0,1.5,0.0,0,0,none
2026-06-01T12:00:05.200000,220.41,5.385,18.17,0.0614,0.0,25.0,-12.0,1.5,0.0,0,0,none
2026-06-01T12:00:05.300000,220.76,5.065,17.91,0.0576,0.0,25.0,-12.0,1.5,0.0,0,0,none
2026-06-01T12:00:05.400000,219.38,4.976,17.85,0.0508,0.0,25.0,-12.0,1.5,0.0,0,0,none
2026-06-01T12:00:05.500000,221.85,4.813,18.21,0.0339,0.0,25.0,-12.0,1.5,0.0,0,0,none
2026-06-01T12:00:05.600000,219.62,5.109,18.02,0.0392,0.0,25.0,-12.0,1.5,0.0,0,0,none
2026-06-01T12:00:05.700000,219.43,5.068,17.78,0.0522,0.0,25.0,-12.0,1.5,0.0,0,0,none
2026-06-01T12:00:05.800000,220.04,4.935,18.64,0.0563,0.0,25.0,-12.0,1.5,0.0,0,0,none
2026-06-01T12:00:05.900000,218.38,5.019,17.8,0.0585,0.0,25.0,-12.0,1.5,0.0,0,0,none
2026-06-01T12:00:06,219.37,4.989,18.15,0.0587,0.0,25.0,-12.0,1.5,0.0,0,0,none
2026-06-01T12:00:06.100000,219.04,4.967,17.86,0.0435,0.0,25.0,-12.0,1.5,0.0,0,0,none
2026-06-01T12:00:06.200000,221.41,5.04,17.62,0.0592,0.0,25.0,-12.0,1.5,0.0,0,0,none
2026-06-01T12:00:06.300000,221.7,5.103,17.54,0.0452,0.0,25.0,-12.0,1.5,0.0,0,0,none
2026-06-01T12:00:06.400000,221.01,4.929,18.13,0.0577,0.0,25.0,-12.0,1.5,0.0,0,0,none
2026-06-01T12:00:06.500000,219.26,4.994,17.03,0.0398,0.0,25.0,-12.0,1.5,0.0,0,0,none
2026-06-01T12:00:06.600000,219.8,4.875,18.49,0.0357,0.0,25.0,-12.0,1.5,0.0,0,0,none
2026-06-01T12:00:06.700000,219.65,5.013,18.43,0.0356,0.0,25.0,-12.0,1.5,0.0,0,0,none
2026-06-01T12:00:06.800000,220.93,5.001,17.71,0.0546,0.0,25.0,-12.0,1.5,0.0,0,0,none
2026-06-01T12:00:06.900000,220.16,4.94,18.02,0.0461,0.0,25.0,-12.0,1.5,0.0,0,0,none
2026-06-01T12:00:07,220.09,5.066,18.48,0.0376,0.0,25.0,-12.0,1.5,0.0,0,0,none
2026-06-01T12:00:07.100000,221.71,4.805,17.95,0.0559,0.0,25.0,-12.0,1.5,0.0,0,0,none
2026-06-01T12:00:07.200000,220.22,4.938,17.94,0.0451,0.0,25.0,-12.0,1.5,0.0,0,0,none
2026-06-01T12:00:07.300000,219.53,5.085,18.11,0.0431,0.0,25.0,-12.0,1.5,0.0,0,0,none
2026-06-01T12:00:07.400000,220.72,5.031,18.24,0.0563,0.0,25.0,-12.0,1.5,0.0,0,0,none
2026-06-01T12:00:07.500000,219.34,4.944,18.22,0.0561,0.0,25.0,-12.0,1.5,0.0,0,0,none
2026-06-01T12:00:07.600000,219.98,5.012,18.38,0.0441,0.0,25.0,-12.0,1.5,0.0,0,0,none
2026-06-01T12:00:07.700000,220.44,4.98,17.93,0.061,0.0,25.0,-12.0,1.5,0.0,0,0,none
2026-06-01T12:00:07.800000,220.66,5.081,18.39,0.0502,0.0,25.0,-12.0,1.5,0.0,0,0,none
2026-06-01T12:00:07.900000,220.55,4.969,18.1,0.0487,0.0,25.0,-12.0,1.5,0.0,0,0,none
2026-06-01T12:00:08,220.08,5.06,17.75,0.0709,0.0,25.0,-12.0,1.5,0.0,0,0,none
2026-06-01T12:00:08.100000,219.2,4.879,18.35,0.0579,0.0,25.0,-12.0,1.5,0.0,0,0,none
2026-06-01T12:00:08.200000,220.5,5.063,18.0,0.041,0.0,25.0,-12.0,1.5,0.0,0,0,none
2026-06-01T12:00:08.300000,220.06,4.932,18.29,0.0485,0.0,25.0,-12.0,1.5,0.0,0,0,none
2026-06-01T12:00:08.400000,219.34,4.968,18.12,0.0444,0.0,25.0,-12.0,1.5,0.0,0,0,none
2026-06-01T12:00:08.500000,219.34,5.024,18.07,0.0449,0.0,25.0,-12.0,1.5,0.0,0,0,none
2026-06-01T12:00:08.600000,219.62,5.023,17.57,0.0359,0.0,25.0,-12.0,1.5,0.0,0,0,none
2026-06-01T12:00:08.700000,219.43,4.979,18.09,0.0648,0.0,25.0,-12.0,1.5,0.0,0,0,none
2026-06-01T12:00:08.800000,220.69,4.984,17.99,0.04,0.0,25.0,-12.0,1.5,0.0,0,0,none
2026-06-01T12:00:08.900000,219.99,4.971,18.1,0.0417,0.0,25.0,-12.0,1.5,0.0,0,0,none
2026-06-01T12:00:09,220.42,5.153,17.97,0.054,0.0,25.0,-12.0,1.5,0.0,0,0,none
2026-06-01T12:00:09.100000,220.55,4.96,18.07,0.0501,0.0,25.0,-12.0,1.5,0.0,0,0,none
2026-06-01T12:00:09.200000,220.08,4.923,18.01,0.055,0.0,25.0,-12.0,1.5,0.0,0,0,none
2026-06-01T12:00:09.300000,221.16,5.096,18.65,0.0423,0.0,25.0,-12.0,1.5,0.0,0,0,none
2026-06-01T12:00:09.400000,220.7,5.018,18.66,0.0419,0.0,25.0,-12.0,1.5,0.0,0,0,none
2026-06-01T12:00:09.500000,219.33,4.94,17.36,0.0447,0.0,25.0,-12.0,1.5,0.0,0,0,none
2026-06-01T12:00:09.600000,219.39,5.015,18.1,0.0688,0.0,25.0,-12.0,1.5,0.0,0,0,none
2026-06-01T12:00:09.700000,220.76,4.942,17.73,0.0549,0.0,25.0,-12.0,1.5,0.0,0,0,none
2026-06-01T12:00:09.800000,218.94,5.183,18.35,0.0453,0.0,25.0,-12.0,1.5,0.0,0,0,none
2026-06-01T12:00:09.900000,218.63,5.135,17.97,0.0624,0.0,25.0,-12.0,1.5,0.0,0,0,none
2026-06-01T12:00:10,218.72,4.94,18.0,0.0505,0.0,25.0,-12.0,1.5,0.0,0,0,none
2026-06-01T12:00:10.100000,219.64,5.062,17.68,0.0486,0.0,25.0,-12.0,1.5,0.0,0,0,none
2026-06-01T12:00:10.200000,220.1,5.051,18.21,0.0388,0.0,25.0,-12.0,1.5,0.0,0,0,none
2026-06-01T12:00:10.300000,218.77,5.128,18.1,0.0425,0.0,25.0,-12.0,1.5,0.0,0,0,none
2026-06-01T12:00:10.400000,221.24,5.012,18.35,0.0507,0.0,25.0,-12.0,1.5,0.0,0,0,none
2026-06-01T12:00:10.500000,221.65,5.176,17.93,0.0597,0.0,25.0,-12.0,1.5,0.0,0,0,none
2026-06-01T12:00:10.600000,220.52,5.137,17.71,0.0569,0.0,25.0,-12.0,1.5,0.0,0,0,none
2026-06-01T12:00:10.700000,220.85,4.824,17.65,0.0296,0.0,25.0,-12.0,1.5,0.0,0,0,none
2026-06-01T12:00:10.800000,219.78,5.072,18.45,0.0507,0.0,25.0,-12.0,1.5,0.0,0,0,none
2026-06-01T12:00:10.900000,221.3,4.862,17.49,0.0494,0.0,25.0,-12.0,1.5,0.0,0,0,none
2026-06-01T12:00:11,220.31,4.997,17.38,0.0491,0.0,25.0,-12.0,1.5,0.0,0,0,none
2026-06-01T12:00:11.100000,218.96,5.067,18.11,0.0406,0.0,25.0,-12.0,1.5,0.0,0,0,none
2026-06-01T12:00:11.200000,219.59,4.894,17.98,0.0596,0.0,25.0,-12.0,1.5,0.0,0,0,none
2026-06-01T12:00:11.300000,219.21,5.05,17.84,0.0421,0.0,25.0,-12.0,1.5,0.0,0,0,none
2026-06-01T12:00:11.400000,219.91,4.896,17.83,0.038,0.0,25.0,-12.0,1.5,0.0,0,0,none
2026-06-01T12:00:11.500000,221.57,5.004,17.79,0.0521,0.0,25.0,-12.0,1.5,0.0,0,0,none
2026-06-01T12:00:11.600000,219.91,4.978,18.18,0.0576,0.0,25.0,-12.0,1.5,0.0,0,0,none
2026-06-01T12:00:11.700000,219.58,4.942,17.92,0.027,0.0,25.0,-12.0,1.5,0.0,0,0,none
2026-06-01T12:00:11.800000,218.79,5.137,18.49,0.0475,0.0,25.0,-12.0,1.5,0.0,0,0,none
2026-06-01T12:00:11.900000,220.46,5.031,18.92,0.0612,0.0,25.0,-12.0,1.5,0.0,0,0,none
2026-06-01T12:00:12,219.9,4.904,17.52,0.052,0.0,25.0,-12.0,1.5,0.0,0,0,none
2026-06-01T12:00:12.100000,219.39,4.858,17.81,0.0392,0.0,25.0,-12.0,1.5,0.0,0,0,none
2026-06-01T12:00:12.200000,221.35,5.088,18.0,0.0648,0.0,25.0,-12.0,1.5,0.0,0,0,none
2026-06-01T12:00:12.300000,220.06,4.914,18.46,0.0554,0.0,25.0,-12.0,1.5,0.0,0,0,none
2026-06-01T12:00:12.400000,219.17,4.981,17.74,0.0362,0.0,25.0,-12.0,1.5,0.0,0,0,none
2026-06-01T12:00:12.500000,220.74,5.191,17.58,0.0556,0.0,25.0,-12.0,1.5,0.0,0,0,none
2026-06-01T12:00:12.600000,219.48,4.951,17.82,0.0414,0.0,25.0,-12.0,1.5,0.0,0,0,none
2026-06-01T12:00:12.700000,220.04,4.917,18.08,0.0495,0.0,25.0,-12.0,1.5,0.0,0,0,none
2026-06-01T12:00:12.800000,219.81,4.909,17.83,0.0576,0.0,25.0,-12.0,1.5,0.0,0,0,none
2026-06-01T12:00:12.900000,220.4,4.902,18.03,0.0575,0.0,25.0,-12.0,1.5,0.0,0,0,none
2026-06-01T12:00:13,218.66,5.054,17.8,0.0557,0.0,25.0,-12.0,1.5,0.0,0,0,none
2026-06-01T12:00:13.100000,219.39,4.82,17.51,0.0505,0.0,25.0,-12.0,1.5,0.0,0,0,none
2026-06-01T12:00:13.200000,220.21,4.91,18.19,0.0334,0.0,25.0,-12.0,1.5,0.0,0,0,none
2026-06-01T12:00:13.300000,219.95,4.879,17.8,0.0505,0.0,25.0,-12.0,1.5,0.0,0,0,none
2026-06-01T12:00:13.400000,219.31,4.962,18.3,0.0442,0.0,25.0,-12.0,1.5,0.0,0,0,none
2026-06-01T12:00:13.500000,220.67,4.887,18.16,0.0644,0.0,25.0,-12.0,1.5,0.0,0,0,none
2026-06-01T12:00:13.600000,218.02,4.92,18.17,0.048,0.0,25.0,-12.0,1.5,0.0,0,0,none
2026-06-01T12:00:13.700000,220.3,4.94,18.03,0.0484,0.0,25.0,-12.0,1.5,0.0,0,0,none
2026-06-01T12:00:13.800000,220.93,5.025,18.1,0.0459,0.0,25.0,-12.0,1.5,0.0,0,0,none
2026-06-01T12:00:13.900000,219.61,4.957,18.12,0.0458,0.0,25.0,-12.0,1.5,0.0,0,0,none
2026-06-01T12:00:14,220.23,5.208,18.26,0.0467,0.0,25.0,-12.0,1.5,0.0,0,0,none
2026-06-01T12:00:14.100000,220.96,4.959,17.39,0.0399,0.0,25.0,-12.0,1.5,0.0,0,0,none
2026-06-01T12:00:14.200000,218.5,4.965,18.01,0.0668,0.0,25.0,-12.0,1.5,0.0,0,0,none
2026-06-01T12:00:14.300000,220.26,4.978,18.25,0.0279,0.0,25.0,-12.0,1.5,0.0,0,0,none
2026-06-01T12:00:14.400000,220.19,5.077,17.56,0.0614,0.0,25.0,-12.0,1.5,0.0,0,0,none
2026-06-01T12:00:14.500000,220.27,4.958,18.19,0.0727,0.0,25.0,-12.0,1.5,0.0,0,0,none
2026-06-01T12:00:14.600000,220.15,5.025,17.86,0.0415,0.0,25.0,-12.0,1.5,0.0,0,0,none
2026-06-01T12:00:14.700000,220.66,4.914,18.02,0.0452,0.0,25.0,-12.0,1.5,0.0,0,0,none
2026-06-01T12:00:14.800000,220.38,5.033,18.31,0.0449,0.0,25.0,-12.0,1.5,0.0,0,0,none
2026-06-01T12:00:14.900000,219.78,4.902,17.87,0.0538,0.0,25.0,-12.0,1.5,0.0,0,0,none
2026-06-01T12:00:15,220.61,4.908,18.26,0.0636,0.0,25.0,-12.0,1.5,0.0,0,0,none
2026-06-01T12:00:15.100000,220.33,5.188,17.77,0.0376,0.0,25.0,-12.0,1.5,0.0,0,0,none
2026-06-01T12:00:15.200000,218.58,5.15,18.2,0.0494,0.0,25.0,-12.0,1.5,0.0,0,0,none
2026-06-01T12:00:15.300000,220.22,4.887,18.73,0.0513,0.0,25.0,-12.0,1.5,0.0,0,0,none
2026-06-01T12:00:15.400000,220.09,5.073,18.14,0.0522,0.0,25.0,-12.0,1.5,0.0,0,0,none
2026-06-01T12:00:15.500000,219.37,5.047,18.56,0.0635,0.0,25.0,-12.0,1.5,0.0,0,0,none
2026-06-01T12:00:15.600000,221.27,4.949,17.7,0.0487,0.0,25.0,-12.0,1.5,0.0,0,0,none
2026-06-01T12:00:15.700000,220.04,5.109,17.49,0.0653,0.0,25.0,-12.0,1.5,0.0,0,0,none
2026-06-01T12:00:15.800000,219.87,4.957,17.7,0.0335,0.0,25.0,-12.0,1.5,0.0,0,0,none
2026-06-01T12:00:15.900000,220.66,5.007,17.61,0.037,0.0,25.0,-12.0,1.5,0.0,0,0,none
2026-06-01T12:00:16,219.73,5.167,17.92,0.035,0.0,25.0,-12.0,1.5,0.0,0,0,none
2026-06-01T12:00:16.100000,219.8,4.973,17.19,0.0495,0.0,25.0,-12.0,1.5,0.0,0,0,none
2026-06-01T12:00:16.200000,219.82,5.07,18.55,0.0613,0.0,25.0,-12.0,1.5,0.0,0,0,none
2026-06-01T12:00:16.300000,219.78,4.889,18.77,0.0506,0.0,25.0,-12.0,1.5,0.0,0,0,none
2026-06-01T12:00:16.400000,220.01,4.998,18.06,0.0486,0.0,25.0,-12.0,1.5,0.0,0,0,none
2026-06-01T12:00:16.500000,219.54,4.945,17.99,0.0446,0.0,25.0,-12.0,1.5,0.0,0,0,none
2026-06-01T12:00:16.600000,219.43,5.011,17.92,0.065,0.0,25.0,-12.0,1.5,0.0,0,0,none
2026-06-01T12:00:16.700000,217.88,5.109,18.37,0.0293,0.0,25.0,-12.0,1.5,0.0,0,0,none
2026-06-01T12:00:16.800000,219.73,4.963,17.58,0.0422,0.0,25.0,-12.0,1.5,0.0,0,0,none
2026-06-01T12:00:16.900000,219.11,5.175,18.28,0.0627,0.0,25.0,-12.0,1.5,0.0,0,0,none
2026-06-01T12:00:17,220.58,4.887,17.84,0.0549,0.0,25.0,-12.0,1.5,0.0,0,0,none
2026-06-01T12:00:17.100000,219.02,5.071,17.93,0.0463,0.0,25.0,-12.0,1.5,0.0,0,0,none
2026-06-01T12:00:17.200000,220.57,5.044,17.89,0.0616,0.0,25.0,-12.0,1.5,0.0,0,0,none
2026-06-01T12:00:17.300000,219.14,5.062,18.18,0.0469,0.0,25.0,-12.0,1.5,0.0,0,0,none
2026-06-01T12:00:17.400000,220.26,4.875,18.28,0.0482,0.0,25.0,-12.0,1.5,0.0,0,0,none
2026-06-01T12:00:17.500000,219.58,5.105,17.79,0.0359,0.0,25.0,-12.0,1.5,0.0,0,0,none
2026-06-01T12:00:17.600000,218.75,5.061,17.62,0.0675,0.0,25.0,-12.0,1.5,0.0,0,0,none
2026-06-01T12:00:17.700000,218.33,5.17,18.06,0.049,0.0,25.0,-12.0,1.5,0.0,0,0,none
2026-06-01T12:00:17.800000,219.56,5.04,17.99,0.061,0.0,25.0,-12.0,1.5,0.0,0,0,none
2026-06-01T12:00:17.900000,220.09,5.015,17.89,0.0494,0.0,25.0,-12.0,1.5,0.0,0,0,none
2026-06-01T12:00:18,220.25,4.829,17.6,0.0574,0.0,25.0,-12.0,1.5,0.0,0,0,none
2026-06-01T12:00:18.100000,220.14,4.982,18.01,0.0535,0.0,25.0,-12.0,1.5,0.0,0,0,none
2026-06-01T12:00:18.200000,219.57,4.922,18.06,0.0402,0.0,25.0,-12.0,1.5,0.0,0,0,none
2026-06-01T12:00:18.300000,220.33,4.83,18.31,0.0547,0.0,25.0,-12.0,1.5,0.0,0,0,none
2026-06-01T12:00:18.400000,220.2,5.098,18.5,0.0601,0.0,25.0,-12.0,1.5,0.0,0,0,none
2026-06-01T12:00:18.500000,218.53,4.872,17.81,0.0503,0.0,25.0,-12.0,1.5,0.0,0,0,none
2026-06-01T12:00:18.600000,220.41,4.927,18.06,0.0424,0.0,25.0,-12.0,1.5,0.0,0,0,none
2026-06-01T12:00:18.700000,219.51,4.859,17.72,0.0365,0.0,25.0,-12.0,1.5,0.0,0,0,none
2026-06-01T12:00:18.800000,219.22,5.105,17.72,0.0763,0.0,25.0,-12.0,1.5,0.0,0,0,none
2026-06-01T12:00:18.900000,220.39,5.018,17.74,0.057,0.0,25.0,-12.0,1.5,0.0,0,0,none
2026-06-01T12:00:19,219.54,5.012,18.77,0.049,0.0,25.0,-12.0,1.5,0.0,0,0,none
2026-06-01T12:00:19.100000,220.92,4.93,17.99,0.0677,0.0,25.0,-12.0,1.5,0.0,0,0,none
2026-06-01T12:00:19.200000,219.5,5.181,18.21,0.0444,0.0,25.0,-12.0,1.5,0.0,0,0,none
2026-06-01T12:00:19.300000,220.51,5.097,18.19,0.0343,0.0,25.0,-12.0,1.5,0.0,0,0,none
2026-06-01T12:00:19.400000,219.42,4.975,17.98,0.0562,0.0,25.0,-12.0,1.5,0.0,0,0,none
2026-06-01T12:00:19.500000,220.14,4.866,18.11,0.0561,0.0,25.0,-12.0,1.5,0.0,0,0,none
2026-06-01T12:00:19.600000,220.45,5.108,18.25,0.0546,0.0,25.0,-12.0,1.5,0.0,0,0,none
2026-06-01T12:00:19.700000,219.94,4.834,18.13,0.0521,0.0,25.0,-12.0,1.5,0.0,0,0,none
2026-06-01T12:00:19.800000,220.22,4.872,17.68,0.0605,0.0,25.0,-12.0,1.5,0.0,0,0,none
2026-06-01T12:00:19.900000,219.97,5.068,18.01,0.0503,0.0,25.0,-12.0,1.5,0.0,0,0,none
2026-06-01T12:00:20,220.75,4.948,18.03,0.0454,0.0,25.0,-12.0,1.5,0.0,0,0,none
2026-06-01T12:00:20.100000,219.65,4.969,18.07,0.0452,0.0,25.0,-12.0,1.5,0.0,0,0,none
2026-06-01T12:00:20.200000,221.0,4.911,17.94,0.0456,0.0,25.0,-12.0,1.5,0.0,0,0,none
2026-06-01T12:00:20.300000,221.16,5.02,18.31,0.0351,0.0,25.0,-12.0,1.5,0.0,0,0,none
2026-06-01T12:00:20.400000,220.21,5.089,18.02,0.0607,0.0,25.0,-12.0,1.5,0.0,0,0,none
2026-06-01T12:00:20.500000,219.59,5.141,18.69,0.0464,0.0,25.0,-12.0,1.5,0.0,0,0,none
2026-06-01T12:00:20.600000,219.64,5.145,18.47,0.0448,0.0,25.0,-12.0,1.5,0.0,0,0,none
2026-06-01T12:00:20.700000,219.66,4.972,17.6,0.0408,0.0,25.0,-12.0,1.5,0.0,0,0,none
2026-06-01T12:00:20.800000,219.2,4.923,17.99,0.0523,0.0,25.0,-12.0,1.5,0.0,0,0,none
2026-06-01T12:00:20.900000,221.24,4.9,18.3,0.0479,0.0,25.0,-12.0,1.5,0.0,0,0,none
2026-06-01T12:00:21,219.96,5.067,17.66,0.0538,0.0,25.0,-12.0,1.5,0.0,0,0,none
2026-06-01T12:00:21.100000,220.13,5.049,18.09,0.0746,0.0,25.0,-12.0,1.5,0.0,0,0,none
2026-06-01T12:00:21.200000,219.49,4.947,17.81,0.0444,0.0,25.0,-12.0,1.5,0.0,0,0,none
2026-06-01T12:00:21.300000,219.49,5.119,18.43,0.0443,0.0,25.0,-12.0,1.5,0.0,0,0,none
2026-06-01T12:00:21.400000,219.33,5.047,17.83,0.0563,0.0,25.0,-12.0,1.5,0.0,0,0,none
2026-06-01T12:00:21.500000,220.16,4.848,18.46,0.068,0.0,25.0,-12.0,1.5,0.0,0,0,none
2026-06-01T12:00:21.600000,219.51,4.961,18.09,0.0533,0.0,25.0,-12.0,1.5,0.0,0,0,none
2026-06-01T12:00:21.700000,220.53,5.201,17.95,0.042,0.0,25.0,-12.0,1.5,0.0,0,0,none
2026-06-01T12:00:21.800000,218.9,4.927,17.99,0.0679,0.0,25.0,-12.0,1.5,0.0,0,0,none
2026-06-01T12:00:21.900000,219.59,5.022,18.0,0.0619,0.0,25.0,-12.0,1.5,0.0,0,0,none
2026-06-01T12:00:22,222.02,4.947,17.85,0.0604,0.0,25.0,-12.0,1.5,0.0,0,0,none
2026-06-01T12:00:22.100000,220.55,5.185,18.18,0.0464,0.0,25.0,-12.0,1.5,0.0,0,0,none
2026-06-01T12:00:22.200000,220.47,5.111,18.25,0.0551,0.0,25.0,-12.0,1.5,0.0,0,0,none
2026-06-01T12:00:22.300000,220.85,5.117,18.41,0.0565,0.0,25.0,-12.0,1.5,0.0,0,0,none
2026-06-01T12:00:22.400000,219.87,5.015,18.36,0.0418,0.0,25.0,-12.0,1.5,0.0,0,0,none
2026-06-01T12:00:22.500000,220.29,4.961,18.01,0.0628,0.0,25.0,-12.0,1.5,0.0,0,0,none
2026-06-01T12:00:22.600000,220.15,5.005,17.59,0.0575,0.0,25.0,-12.0,1.5,0.0,0,0,none
2026-06-01T12:00:22.700000,220.52,5.216,17.91,0.0522,0.0,25.0,-12.0,1.5,0.0,0,0,none
2026-06-01T12:00:22.800000,220.2,5.158,17.97,0.0528,0.0,25.0,-12.0,1.5,0.0,0,0,none
2026-06-01T12:00:22.900000,220.49,5.019,17.87,0.0519,0.0,25.0,-12.0,1.5,0.0,0,0,none
2026-06-01T12:00:23,220.86,4.897,18.04,0.043,0.0,25.0,-12.0,1.5,0.0,0,0,none
2026-06-01T12:00:23.100000,220.96,4.848,17.83,0.0538,0.0,25.0,-12.0,1.5,0.0,0,0,none
2026-06-01T12:00:23.200000,221.25,4.993,17.83,0.0688,0.0,25.0,-12.0,1.5,0.0,0,0,none
2026-06-01T12:00:23.300000,218.84,4.78,18.13,0.045,0.0,25.0,-12.0,1.5,0.0,0,0,none
2026-06-01T12:00:23.400000,219.18,5.071,18.07,0.0444,0.0,25.0,-12.0,1.5,0.0,0,0,none
2026-06-01T12:00:23.500000,218.98,5.087,18.2,0.049,0.0,25.0,-12.0,1.5,0.0,0,0,none
2026-06-01T12:00:23.600000,221.48,4.893,17.54,0.0431,0.0,25.0,-12.0,1.5,0.0,0,0,none
2026-06-01T12:00:23.700000,219.96,5.024,17.93,0.0535,0.0,25.0,-12.0,1.5,0.0,0,0,none
2026-06-01T12:00:23.800000,219.0,5.144,17.98,0.0612,0.0,25.0,-12.0,1.5,0.0,0,0,none
2026-06-01T12:00:23.900000,220.27,5.046,18.17,0.0545,0.0,25.0,-12.0,1.5,0.0,0,0,none
2026-06-01T12:00:24,220.51,5.133,18.06,0.0571,0.0,25.0,-12.0,1.5,0.0,0,0,none
2026-06-01T12:00:24.100000,219.93,5.144,17.8,0.068,0.0,25.0,-12.0,1.5,0.0,0,0,none
2026-06-01T12:00:24.200000,219.97,4.857,18.04,0.0432,0.0,25.0,-12.0,1.5,0.0,0,0,none
2026-06-01T12:00:24.300000,220.67,4.935,17.87,0.0311,0.0,25.0,-12.0,1.5,0.0,0,0,none
2026-06-01T12:00:24.400000,219.64,4.758,17.52,0.0576,0.0,25.0,-12.0,1.5,0.0,0,0,none
2026-06-01T12:00:24.500000,220.63,5.043,17.71,0.0495,0.0,25.0,-12.0,1.5,0.0,0,0,none
2026-06-01T12:00:24.600000,220.0,4.884,18.45,0.0588,0.0,25.0,-12.0,1.5,0.0,0,0,none
2026-06-01T12:00:24.700000,219.82,5.003,18.06,0.0296,0.0,25.0,-12.0,1.5,0.0,0,0,none
2026-06-01T12:00:24.800000,219.8,4.932,17.7,0.0472,0.0,25.0,-12.0,1.5,0.0,0,0,none
2026-06-01T12:00:24.900000,221.44,5.064,17.83,0.0557,0.0,25.0,-12.0,1.5,0.0,0,0,none
2026-06-01T12:00:25,221.12,5.092,18.02,0.0435,0.0,25.0,-12.0,1.5,0.0,0,0,none
2026-06-01T12:00:25.100000,220.56,5.039,18.27,0.0564,0.0,25.0,-12.0,1.5,0.0,0,0,none
2026-06-01T12:00:25.200000,220.84,4.946,18.4,0.052,0.0,25.0,-12.0,1.5,0.0,0,0,none
2026-06-01T12:00:25.300000,221.66,4.931,18.52,0.052,0.0,25.0,-12.0,1.5,0.0,0,0,none
2026-06-01T12:00:25.400000,219.48,4.952,17.9,0.0542,0.0,25.0,-12.0,1.5,0.0,0,0,none
2026-06-01T12:00:25.500000,220.42,4.943,17.99,0.0714,0.0,25.0,-12.0,1.5,0.0,0,0,none
2026-06-01T12:00:25.600000,221.38,5.044,18.01,0.0512,0.0,25.0,-12.0,1.5,0.0,0,0,none
2026-06-01T12:00:25.700000,220.49,4.898,17.92,0.0333,0.0,25.0,-12.0,1.5,0.0,0,0,none
2026-06-01T12:00:25.800000,220.32,5.065,17.86,0.0657,0.0,25.0,-12.0,1.5,0.0,0,0,none
2026-06-01T12:00:25.900000,219.02,4.854,18.07,0.0605,0.0,25.0,-12.0,1.5,0.0,0,0,none
2026-06-01T12:00:26,221.35,4.954,18.32,0.0496,0.0,25.0,-12.0,1.5,0.0,0,0,none
2026-06-01T12:00:26.100000,219.86,5.088,18.2,0.0342,0.0,25.0,-12.0,1.5,0.0,0,0,none
2026-06-01T12:00:26.200000,221.18,5.138,17.81,0.054,0.0,25.0,-12.0,1.5,0.0,0,0,none
2026-06-01T12:00:26.300000,220.4,5.026,17.83,0.0433,0.0,25.0,-12.0,1.5,0.0,0,0,none
2026-06-01T12:00:26.400000,219.98,5.117,18.16,0.0463,0.0,25.0,-12.0,1.5,0.0,0,0,none
2026-06-01T12:00:26.500000,220.62,4.715,18.34,0.0326,0.0,25.0,-12.0,1.5,0.0,0,0,none
2026-06-01T12:00:26.600000,219.71,4.888,17.61,0.0616,0.0,25.0,-12.0,1.5,0.0,0,0,none
2026-06-01T12:00:26.700000,219.63,5.035,17.99,0.0548,0.0,25.0,-12.0,1.5,0.0,0,0,none
2026-06-01T12:00:26.800000,220.06,4.872,18.3,0.0451,0.0,25.0,-12.0,1.5,0.0,0,0,none
2026-06-01T12:00:26.900000,218.75,4.957,18.45,0.0585,0.0,25.0,-12.0,1.5,0.0,0,0,none
2026-06-01T12:00:27,219.72,4.965,17.9,0.0708,0.0,25.0,-12.0,1.5,0.0,0,0,none
2026-06-01T12:00:27.100000,220.31,5.043,18.31,0.0524,0.0,25.0,-12.0,1.5,0.0,0,0,none
2026-06-01T12:00:27.200000,219.79,4.98,17.98,0.0496,0.0,25.0,-12.0,1.5,0.0,0,0,none
2026-06-01T12:00:27.300000,220.58,5.005,18.22,0.0492,0.0,25.0,-12.0,1.5,0.0,0,0,none
2026-06-01T12:00:27.400000,220.06,4.8,18.27,0.0535,0.0,25.0,-12.0,1.5,0.0,0,0,none
2026-06-01T12:00:27.500000,220.8,4.71,18.63,0.0486,0.0,25.0,-12.0,1.5,0.0,0,0,none
2026-06-01T12:00:27.600000,220.89,4.896,18.18,0.0395,0.0,25.0,-12.0,1.5,0.0,0,0,none
2026-06-01T12:00:27.700000,219.5,5.191,17.94,0.0522,0.0,25.0,-12.0,1.5,0.0,0,0,none
2026-06-01T12:00:27.800000,220.7,5.05,18.05,0.0536,0.0,25.0,-12.0,1.5,0.0,0,0,none
2026-06-01T12:00:27.900000,221.92,4.994,18.06,0.0605,0.0,25.0,-12.0,1.5,0.0,0,0,none
2026-06-01T12:00:28,220.88,5.119,18.19,0.0386,0.0,25.0,-12.0,1.5,0.0,0,0,none
2026-06-01T12:00:28.100000,221.31,4.885,18.09,0.0425,0.0,25.0,-12.0,1.5,0.0,0,0,none
2026-06-01T12:00:28.200000,219.95,5.033,18.1,0.0542,0.0,25.0,-12.0,1.5,0.0,0,0,none
2026-06-01T12:00:28.300000,221.29,5.045,17.93,0.0596,0.0,25.0,-12.0,1.5,0.0,0,0,none
2026-06-01T12:00:28.400000,220.95,4.877,18.18,0.057,0.0,25.0,-12.0,1.5,0.0,0,0,none
2026-06-01T12:00:28.500000,219.76,5.138,17.95,0.0513,0.0,25.0,-12.0,1.5,0.0,0,0,none
2026-06-01T12:00:28.600000,219.86,5.002,17.67,0.0356,0.0,25.0,-12.0,1.5,0.0,0,0,none
2026-06-01T12:00:28.700000,221.28,4.915,17.7,0.0285,0.0,25.0,-12.0,1.5,0.0,0,0,none
2026-06-01T12:00:28.800000,219.49,4.868,18.49,0.0601,0.0,25.0,-12.0,1.5,0.0,0,0,none
2026-06-01T12:00:28.900000,219.45,5.225,18.29,0.0468,0.0,25.0,-12.0,1.5,0.0,0,0,none
2026-06-01T12:00:29,218.0,5.229,17.58,0.0335,0.0,25.0,-12.0,1.5,0.0,0,0,none
2026-06-01T12:00:29.100000,220.82,5.244,18.42,0.0556,0.0,25.0,-12.0,1.5,0.0,0,0,none
2026-06-01T12:00:29.200000,220.48,5.085,18.23,0.0528,0.0,25.0,-12.0,1.5,0.0,0,0,none
2026-06-01T12:00:29.300000,220.08,4.994,17.77,0.0472,0.0,25.0,-12.0,1.5,0.0,0,0,none
2026-06-01T12:00:29.400000,218.65,4.99,17.7,0.039,0.0,25.0,-12.0,1.5,0.0,0,0,none
2026-06-01T12:00:29.500000,220.14,5.139,18.28,0.0343,0.0,25.0,-12.0,1.5,0.0,0,0,none
2026-06-01T12:00:29.600000,219.21,5.094,17.71,0.0478,0.0,25.0,-12.0,1.5,0.0,0,0,none
2026-06-01T12:00:29.700000,220.44,4.903,18.03,0.0367,0.0,25.0,-12.0,1.5,0.0,0,0,none
2026-06-01T12:00:29.800000,219.52,5.032,17.52,0.0544,0.0,25.0,-12.0,1.5,0.0,0,0,none
2026-06-01T12:00:29.900000,219.98,5.055,18.07,0.0636,0.0,25.0,-12.0,1.5,0.0,0,0,none
2026-06-01T12:00:30,220.1,4.957,18.04,0.0554,0.0,25.0,-12.0,1.5,0.0,0,0,none
2026-06-01T12:00:30.100000,220.04,5.004,17.79,0.0434,0.0,25.0,-12.0,1.5,0.0,0,0,none
2026-06-01T12:00:30.200000,218.88,5.175,17.63,0.0431,0.0,25.0,-12.0,1.5,0.0,0,0,none
2026-06-01T12:00:30.300000,219.43,5.089,17.91,0.0625,0.0,25.0,-12.0,1.5,0.0,0,0,none
2026-06-01T12:00:30.400000,219.46,5.028,17.75,0.0715,0.0,25.0,-12.0,1.5,0.0,0,0,none
2026-06-01T12:00:30.500000,219.05,5.031,18.19,0.0541,0.0,25.0,-12.0,1.5,0.0,0,0,none
2026-06-01T12:00:30.600000,219.85,4.987,18.01,0.0485,0.0,25.0,-12.0,1.5,0.0,0,0,none
2026-06-01T12:00:30.700000,220.77,5.221,17.83,0.0363,0.0,25.0,-12.0,1.5,0.0,0,0,none
2026-06-01T12:00:30.800000,219.93,5.258,17.76,0.0664,0.0,25.0,-12.0,1.5,0.0,0,0,none
2026-06-01T12:00:30.900000,221.34,4.945,18.17,0.0663,0.0,25.0,-12.0,1.5,0.0,0,0,none
2026-06-01T12:00:31,219.7,4.98,17.83,0.0399,0.0,25.0,-12.0,1.5,0.0,0,0,none
2026-06-01T12:00:31.100000,219.48,4.878,18.01,0.0423,0.0,25.0,-12.0,1.5,0.0,0,0,none
2026-06-01T12:00:31.200000,220.19,4.844,18.1,0.0583,0.0,25.0,-12.0,1.5,0.0,0,0,none
2026-06-01T12:00:31.300000,218.41,5.037,18.37,0.0379,0.0,25.0,-12.0,1.5,0.0,0,0,none
2026-06-01T12:00:31.400000,221.34,5.042,17.79,0.0494,0.0,25.0,-12.0,1.5,0.0,0,0,none
2026-06-01T12:00:31.500000,220.45,5.008,18.16,0.0408,0.0,25.0,-12.0,1.5,0.0,0,0,none
2026-06-01T12:00:31.600000,220.14,4.859,17.97,0.041,0.0,25.0,-12.0,1.5,0.0,0,0,none
2026-06-01T12:00:31.700000,219.41,5.124,18.33,0.0561,0.0,25.0,-12.0,1.5,0.0,0,0,none
2026-06-01T12:00:31.800000,219.13,4.968,18.36,0.0514,0.0,25.0,-12.0,1.5,0.0,0,0,none
2026-06-01T12:00:31.900000,221.86,5.039,18.06,0.0469,0.0,25.0,-12.0,1.5,0.0,0,0,none
2026-06-01T12:00:32,220.11,4.985,18.21,0.0596,0.0,25.0,-12.0,1.5,0.0,0,0,none
2026-06-01T12:00:32.100000,219.37,4.867,17.45,0.0551,0.0,25.0,-12.0,1.5,0.0,0,0,none
2026-06-01T12:00:32.200000,219.12,4.785,18.12,0.0749,0.0,25.0,-12.0,1.5,0.0,0,0,none
2026-06-01T12:00:32.300000,220.0,5.084,18.02,0.049,0.0,25.0,-12.0,1.5,0.0,0,0,none
2026-06-01T12:00:32.400000,220.74,4.971,18.08,0.0532,0.0,25.0,-12.0,1.5,0.0,0,0,none
2026-06-01T12:00:32.500000,219.47,5.099,17.95,0.0424,0.0,25.0,-12.0,1.5,0.0,0,0,none
2026-06-01T12:00:32.600000,220.43,4.91,18.01,0.0499,0.0,25.0,-12.0,1.5,0.0,0,0,none
2026-06-01T12:00:32.700000,220.87,5.047,17.99,0.0582,0.0,25.0,-12.0,1.5,0.0,0,0,none
2026-06-01T12:00:32.800000,221.11,5.056,18.0,0.0369,0.0,25.0,-12.0,1.5,0.0,0,0,none
2026-06-01T12:00:32.900000,219.15,4.969,17.82,0.0481,0.0,25.0,-12.0,1.5,0.0,0,0,none
2026-06-01T12:00:33,220.05,5.053,17.98,0.0549,0.0,25.0,-12.0,1.5,0.0,0,0,none
2026-06-01T12:00:33.100000,220.05,4.802,17.72,0.0486,0.0,25.0,-12.0,1.5,0.0,0,0,none
2026-06-01T12:00:33.200000,219.03,5.06,18.46,0.0622,0.0,25.0,-12.0,1.5,0.0,0,0,none
2026-06-01T12:00:33.300000,219.83,5.149,18.04,0.0466,0.0,25.0,-12.0,1.5,0.0,0,0,none
2026-06-01T12:00:33.400000,219.51,4.97,17.88,0.0517,0.0,25.0,-12.0,1.5,0.0,0,0,none
2026-06-01T12:00:33.500000,220.13,5.0,18.13,0.0619,0.0,25.0,-12.0,1.5,0.0,0,0,none
2026-06-01T12:00:33.600000,220.76,4.852,17.23,0.0593,0.0,25.0,-12.0,1.5,0.0,0,0,none
2026-06-01T12:00:33.700000,218.91,4.978,17.65,0.032,0.0,25.0,-12.0,1.5,0.0,0,0,none
2026-06-01T12:00:33.800000,220.43,5.076,17.83,0.0241,0.0,25.0,-12.0,1.5,0.0,0,0,none
2026-06-01T12:00:33.900000,219.56,5.039,17.56,0.0518,0.0,25.0,-12.0,1.5,0.0,0,0,none
2026-06-01T12:00:34,219.99,5.058,18.04,0.0403,0.0,25.0,-12.0,1.5,0.0,0,0,none
2026-06-01T12:00:34.100000,220.96,4.984,17.99,0.0407,0.0,25.0,-12.0,1.5,0.0,0,0,none
2026-06-01T12:00:34.200000,219.65,4.912,17.95,0.0671,0.0,25.0,-12.0,1.5,0.0,0,0,none
2026-06-01T12:00:34.300000,218.9,4.839,18.44,0.0479,0.0,25.0,-12.0,1.5,0.0,0,0,none
2026-06-01T12:00:34.400000,219.46,5.104,17.82,0.0683,0.0,25.0,-12.0,1.5,0.0,0,0,none
2026-06-01T12:00:34.500000,220.54,4.951,18.65,0.0439,0.0,25.0,-12.0,1.5,0.0,0,0,none
2026-06-01T12:00:34.600000,220.59,5.03,18.39,0.0656,0.0,25.0,-12.0,1.5,0.0,0,0,none
2026-06-01T12:00:34.700000,220.03,4.925,18.14,0.0432,0.0,25.0,-12.0,1.5,0.0,0,0,none
2026-06-01T12:00:34.800000,221.61,5.014,17.89,0.0518,0.0,25.0,-12.0,1.5,0.0,0,0,none
2026-06-01T12:00:34.900000,218.92,4.903,18.36,0.0434,0.0,25.0,-12.0,1.5,0.0,0,0,none
2026-06-01T12:00:35,219.16,5.054,18.36,0.0572,0.0,25.0,-12.0,1.5,0.0,0,0,none
2026-06-01T12:00:35.100000,220.8,4.924,17.57,0.065,0.0,25.0,-12.0,1.5,0.0,0,0,none
2026-06-01T12:00:35.200000,219.74,4.975,18.4,0.0556,0.0,25.0,-12.0,1.5,0.0,0,0,none
2026-06-01T12:00:35.300000,220.36,5.217,17.81,0.0593,0.0,25.0,-12.0,1.5,0.0,0,0,none
2026-06-01T12:00:35.400000,220.05,5.027,18.46,0.0551,0.0,25.0,-12.0,1.5,0.0,0,0,none
2026-06-01T12:00:35.500000,220.43,5.107,17.89,0.0416,0.0,25.0,-12.0,1.5,0.0,0,0,none
2026-06-01T12:00:35.600000,219.16,4.803,18.62,0.039,0.0,25.0,-12.0,1.5,0.0,0,0,none
2026-06-01T12:00:35.700000,219.82,4.972,18.09,0.0582,0.0,25.0,-12.0,1.5,0.0,0,0,none
2026-06-01T12:00:35.800000,220.69,4.942,17.95,0.0528,0.0,25.0,-12.0,1.5,0.0,0,0,none
2026-06-01T12:00:35.900000,219.8,5.161,18.15,0.0573,0.0,25.0,-12.0,1.5,0.0,0,0,none
2026-06-01T12:00:36,220.53,5.117,18.05,0.037,0.0,25.0,-12.0,1.5,0.0,0,0,none
2026-06-01T12:00:36.100000,220.32,4.935,17.84,0.0559,0.0,25.0,-12.0,1.5,0.0,0,0,none
2026-06-01T12:00:36.200000,220.99,5.002,18.09,0.067,0.0,25.0,-12.0,1.5,0.0,0,0,none
2026-06-01T12:00:36.300000,220.19,5.26,18.17,0.0324,0.0,25.0,-12.0,1.5,0.0,0,0,none
2026-06-01T12:00:36.400000,220.6,5.038,18.39,0.0567,0.0,25.0,-12.0,1.5,0.0,0,0,none
2026-06-01T12:00:36.500000,219.89,4.878,17.94,0.0415,0.0,25.0,-12.0,1.5,0.0,0,0,none
2026-06-01T12:00:36.600000,219.54,5.059,18.5,0.0539,0.0,25.0,-12.0,1.5,0.0,0,0,none
2026-06-01T12:00:36.700000,219.04,5.044,18.36,0.0439,0.0,25.0,-12.0,1.5,0.0,0,0,none
2026-06-01T12:00:36.800000,219.89,5.001,17.76,0.0565,0.0,25.0,-12.0,1.5,0.0,0,0,none
2026-06-01T12:00:36.900000,219.9,5.042,17.73,0.0456,0.0,25.0,-12.0,1.5,0.0,0,0,none
2026-06-01T12:00:37,220.58,4.963,18.52,0.046,0.0,25.0,-12.0,1.5,0.0,0,0,none
2026-06-01T12:00:37.100000,220.18,5.093,17.57,0.0324,0.0,25.0,-12.0,1.5,0.0,0,0,none
2026-06-01T12:00:37.200000,218.78,5.126,17.83,0.0756,0.0,25.0,-12.0,1.5,0.0,0,0,none
2026-06-01T12:00:37.300000,219.55,5.018,18.46,0.0701,0.0,25.0,-12.0,1.5,0.0,0,0,none
2026-06-01T12:00:37.400000,221.65,5.121,18.31,0.0559,0.0,25.0,-12.0,1.5,0.0,0,0,none
2026-06-01T12:00:37.500000,220.62,4.945,17.75,0.05,0.0,25.0,-12.0,1.5,0.0,0,0,none
2026-06-01T12:00:37.600000,219.86,4.955,18.21,0.0596,0.0,25.0,-12.0,1.5,0.0,0,0,none
2026-06-01T12:00:37.700000,220.07,5.148,17.66,0.0481,0.0,25.0,-12.0,1.5,0.0,0,0,none
2026-06-01T12:00:37.800000,219.43,4.813,17.98,0.0488,0.0,25.0,-12.0,1.5,0.0,0,0,none
2026-06-01T12:00:37.900000,221.21,5.063,17.69,0.0685,0.0,25.0,-12.0,1.5,0.0,0,0,none
2026-06-01T12:00:38,220.98,5.058,17.93,0.0404,0.0,25.0,-12.0,1.5,0.0,0,0,none
2026-06-01T12:00:38.100000,219.7,5.109,18.57,0.0654,0.0,25.0,-12.0,1.5,0.0,0,0,none
2026-06-01T12:00:38.200000,219.61,4.888,18.04,0.0323,0.0,25.0,-12.0,1.5,0.0,0,0,none
2026-06-01T12:00:38.300000,220.26,4.985,17.86,0.0341,0.0,25.0,-12.0,1.5,0.0,0,0,none
2026-06-01T12:00:38.400000,220.41,4.947,17.65,0.0213,0.0,25.0,-12.0,1.5,0.0,0,0,none
2026-06-01T12:00:38.500000,219.98,5.177,18.5,0.0454,0.0,25.0,-12.0,1.5,0.0,0,0,none
2026-06-01T12:00:38.600000,219.52,5.047,17.7,0.053,0.0,25.0,-12.0,1.5,0.0,0,0,none
2026-06-01T12:00:38.700000,220.61,5.123,17.97,0.048,0.0,25.0,-12.0,1.5,0.0,0,0,none
2026-06-01T12:00:38.800000,219.3,4.917,17.93,0.0537,0.0,25.0,-12.0,1.5,0.0,0,0,none
2026-06-01T12:00:38.900000,220.73,4.92,18.45,0.0473,0.0,25.0,-12.0,1.5,0.0,0,0,none
2026-06-01T12:00:39,219.98,4.925,17.27,0.0588,0.0,25.0,-12.0,1.5,0.0,0,0,none
2026-06-01T12:00:39.100000,220.59,4.972,18.02,0.0552,0.0,25.0,-12.0,1.5,0.0,0,0,none
2026-06-01T12:00:39.200000,218.75,4.947,18.24,0.0375,0.0,25.0,-12.0,1.5,0.0,0,0,none
2026-06-01T12:00:39.300000,220.23,4.864,18.14,0.0496,0.0,25.0,-12.0,1.5,0.0,0,0,none
2026-06-01T12:00:39.400000,218.71,5.116,17.78,0.0419,0.0,25.0,-12.0,1.5,0.0,0,0,none
2026-06-01T12:00:39.500000,220.16,5.115,17.7,0.0506,0.0,25.0,-12.0,1.5,0.0,0,0,none
2026-06-01T12:00:39.600000,220.34,5.069,18.05,0.0463,0.0,25.0,-12.0,1.5,0.0,0,0,none
2026-06-01T12:00:39.700000,219.34,5.009,17.68,0.0208,0.0,25.0,-12.0,1.5,0.0,0,0,none
2026-06-01T12:00:39.800000,220.35,5.09,17.29,0.0399,0.0,25.0,-12.0,1.5,0.0,0,0,none
2026-06-01T12:00:39.900000,220.5,5.206,18.01,0.0427,0.0,25.0,-12.0,1.5,0.0,0,0,none
2026-06-01T12:00:40,219.82,5.275,17.68,0.042,0.0,25.0,-12.0,1.5,0.35,0,1,overheating
2026-06-01T12:00:40.100000,219.5,4.814,18.15,0.0664,0.0,25.0,-12.0,1.5,0.35,0,1,overheating
2026-06-01T12:00:40.200000,220.29,4.96,18.03,0.0347,0.0,25.0,-12.0,1.5,0.35,0,1,overheating
2026-06-01T12:00:40.300000,220.83,4.999,18.18,0.0824,0.0,25.0,-12.0,1.5,0.35,0,1,overheating
2026-06-01T12:00:40.400000,220.23,4.87,18.15,0.0622,0.0,25.0,-12.0,1.5,0.35,0,1,overheating
2026-06-01T12:00:40.500000,220.03,4.737,18.91,0.0442,0.0,25.0,-12.0,1.5,0.35,0,1,overheating
2026-06-01T12:00:40.600000,221.77,5.246,18.32,0.0638,0.0,25.0,-12.0,1.5,0.35,0,1,overheating
2026-06-01T12:00:40.700000,219.95,5.206,18.87,0.0427,0.0,25.0,-12.0,1.5,0.35,0,1,overheating
2026-06-01T12:00:40.800000,219.22,5.246,18.55,0.0473,0.0,25.0,-12.0,1.5,0.35,0,1,overheating
2026-06-01T12:00:40.900000,218.89,5.13,19.84,0.0408,0.0,25.0,-12.0,1.5,0.35,0,1,overheating
2026-06-01T12:00:41,219.86,5.332,18.86,0.0562,0.0,25.0,-12.0,1.5,0.35,0,1,overheating
2026-06-01T12:00:41.100000,218.75,5.141,18.9,0.0617,0.0,25.0,-12.0,1.5,0.35,0,1,overheating
2026-06-01T12:00:41.200000,220.99,5.578,19.37,0.0553,0.0,25.0,-12.0,1.5,0.35,0,1,overheating
2026-06-01T12:00:41.300000,219.98,4.994,19.34,0.0492,0.0,25.0,-12.0,1.5,0.35,0,1,overheating
2026-06-01T12:00:41.400000,219.94,5.334,18.76,0.0637,0.0,25.0,-12.0,1.5,0.35,0,1,overheating
2026-06-01T12:00:41.500000,221.07,5.051,18.29,0.0464,0.0,25.0,-12.0,1.5,0.35,0,1,overheating
2026-06-01T12:00:41.600000,221.03,5.075,18.94,0.0476,0.0,25.0,-12.0,1.5,0.35,0,1,overheating
2026-06-01T12:00:41.700000,220.56,5.194,19.41,0.0492,0.0,25.0,-12.0,1.5,0.35,0,1,overheating
2026-06-01T12:00:41.800000,219.31,4.906,20.43,0.0498,0.0,25.0,-12.0,1.5,0.35,0,1,overheating
2026-06-01T12:00:41.900000,220.9,5.399,20.21,0.0489,0.0,25.0,-12.0,1.5,0.35,0,1,overheating
2026-06-01T12:00:42,220.07,5.095,19.35,0.0566,0.0,25.0,-12.0,1.5,0.35,0,1,overheating
2026-06-01T12:00:42.100000,218.47,5.343,19.66,0.0555,0.0,25.0,-12.0,1.5,0.35,0,1,overheating
2026-06-01T12:00:42.200000,219.92,5.058,20.27,0.0489,0.0,25.0,-12.0,1.5,0.35,0,1,overheating
2026-06-01T12:00:42.300000,220.49,4.846,20.13,0.0732,0.0,25.0,-12.0,1.5,0.35,0,1,overheating
2026-06-01T12:00:42.400000,218.6,4.984,20.42,0.0558,0.0,25.0,-12.0,1.5,0.35,0,1,overheating
2026-06-01T12:00:42.500000,219.93,5.223,20.57,0.0653,0.0,25.0,-12.0,1.5,0.35,0,1,overheating
2026-06-01T12:00:42.600000,219.98,5.082,20.68,0.0733,0.0,25.0,-12.0,1.5,0.35,0,1,overheating
2026-06-01T12:00:42.700000,219.42,4.94,20.98,0.0533,0.0,25.0,-12.0,1.5,0.35,0,1,overheating
2026-06-01T12:00:42.800000,217.36,5.309,20.25,0.0538,0.0,25.0,-12.0,1.5,0.35,0,1,overheating
2026-06-01T12:00:42.900000,219.85,5.183,20.96,0.0505,0.0,25.0,-12.0,1.5,0.35,0,1,overheating
2026-06-01T12:00:43,220.01,5.098,21.07,0.0612,0.0,25.0,-12.0,1.5,0.35,0,1,overheating
2026-06-01T12:00:43.100000,218.55,5.372,20.52,0.0632,0.0,25.0,-12.0,1.5,0.35,0,1,overheating
2026-06-01T12:00:43.200000,219.83,5.528,20.77,0.0518,0.0,25.0,-12.0,1.5,0.35,0,1,overheating
2026-06-01T12:00:43.300000,219.43,5.104,21.37,0.0393,0.0,25.0,-12.0,1.5,0.35,0,1,overheating
2026-06-01T12:00:43.400000,218.38,4.956,21.54,0.0728,0.0,25.0,-12.0,1.5,0.35,0,1,overheating
2026-06-01T12:00:43.500000,219.31,5.141,21.19,0.0675,0.0,25.0,-12.0,1.5,0.35,0,1,overheating
2026-06-01T12:00:43.600000,218.47,5.228,21.73,0.061,0.0,25.0,-12.0,1.5,0.35,0,1,overheating
2026-06-01T12:00:43.700000,219.57,5.385,19.98,0.0629,0.0,25.0,-12.0,1.5,0.35,0,1,overheating
2026-06-01T12:00:43.800000,218.71,4.824,21.68,0.0701,0.0,25.0,-12.0,1.5,0.35,0,1,overheating
2026-06-01T12:00:43.900000,219.21,5.386,22.32,0.0696,0.0,25.0,-12.0,1.5,0.35,0,1,overheating
2026-06-01T12:00:44,220.97,5.348,21.64,0.0406,0.0,25.0,-12.0,1.5,0.35,0,1,overheating
2026-06-01T12:00:44.100000,219.07,5.036,22.78,0.0551,0.0,25.0,-12.0,1.5,0.35,0,1,overheating
2026-06-01T12:00:44.200000,219.42,5.32,21.8,0.074,0.0,25.0,-12.0,1.5,0.35,0,1,overheating
2026-06-01T12:00:44.300000,218.66,5.254,21.5,0.044,0.0,25.0,-12.0,1.5,0.35,0,1,overheating
2026-06-01T12:00:44.400000,218.65,5.213,21.75,0.0504,0.0,25.0,-12.0,1.5,0.35,0,1,overheating
2026-06-01T12:00:44.500000,217.84,5.208,21.3,0.0651,0.0,25.0,-12.0,1.5,0.35,0,1,overheating
2026-06-01T12:00:44.600000,219.32,4.938,21.99,0.0501,0.0,25.0,-12.0,1.5,0.35,0,1,overheating
2026-06-01T12:00:44.700000,219.54,5.503,21.29,0.059,0.0,25.0,-12.0,1.5,0.35,0,1,overheating
2026-06-01T12:00:44.800000,219.04,5.374,22.43,0.0505,0.0,25.0,-12.0,1.5,0.35,0,1,overheating
2026-06-01T12:00:44.900000,218.86,5.086,22.95,0.0584,0.0,25.0,-12.0,1.5,0.35,0,1,overheating
2026-06-01T12:00:45,221.07,5.238,22.15,0.0432,0.0,25.0,-12.0,1.5,0.35,0,1,overheating
2026-06-01T12:00:45.100000,217.35,4.938,22.72,0.0636,0.0,25.0,-12.0,1.5,0.35,0,1,overheating
2026-06-01T12:00:45.200000,217.55,5.439,22.44,0.0601,0.0,25.0,-12.0,1.5,0.35,0,1,overheating
2026-06-01T12:00:45.300000,220.73,5.444,22.64,0.0499,0.0,25.0,-12.0,1.5,0.35,0,1,overheating
2026-06-01T12:00:45.400000,216.95,5.126,22.75,0.0491,0.0,25.0,-12.0,1.5,0.35,0,1,overheating
2026-06-01T12:00:45.500000,218.95,5.29,22.84,0.0527,0.0,25.0,-12.0,1.5,0.35,0,1,overheating
2026-06-01T12:00:45.600000,219.24,5.368,22.49,0.0734,0.0,25.0,-12.0,1.5,0.35,0,1,overheating
2026-06-01T12:00:45.700000,218.95,5.289,23.48,0.0618,0.0,25.0,-12.0,1.5,0.35,0,1,overheating
2026-06-01T12:00:45.800000,219.99,5.347,22.91,0.0633,0.0,25.0,-12.0,1.5,0.35,0,1,overheating
2026-06-01T12:00:45.900000,217.87,5.317,23.29,0.0578,0.0,25.0,-12.0,1.5,0.35,0,1,overheating
2026-06-01T12:00:46,218.87,4.924,23.13,0.0609,0.0,25.0,-12.0,1.5,0.35,0,1,overheating
2026-06-01T12:00:46.100000,219.14,5.099,24.12,0.0515,0.0,25.0,-12.0,1.5,0.35,0,1,overheating
2026-06-01T12:00:46.200000,219.94,5.395,23.26,0.0781,0.0,25.0,-12.0,1.5,0.35,0,1,overheating
2026-06-01T12:00:46.300000,217.76,5.499,24.17,0.0538,0.0,25.0,-12.0,1.5,0.35,0,1,overheating
2026-06-01T12:00:46.400000,220.33,5.27,23.9,0.0633,0.0,25.0,-12.0,1.5,0.35,0,1,overheating
2026-06-01T12:00:46.500000,218.78,5.487,24.25,0.0433,0.0,25.0,-12.0,1.5,0.35,0,1,overheating
2026-06-01T12:00:46.600000,220.2,4.998,24.46,0.0723,0.0,25.0,-12.0,1.5,0.35,0,1,overheating
2026-06-01T12:00:46.700000,217.79,5.253,23.48,0.059,0.0,25.0,-12.0,1.5,0.35,0,1,overheating
2026-06-01T12:00:46.800000,218.56,5.496,24.78,0.0753,0.0,25.0,-12.0,1.5,0.35,0,1,overheating
2026-06-01T12:00:46.900000,218.29,5.303,23.37,0.0534,0.0,25.0,-12.0,1.5,0.35,0,1,overheating
2026-06-01T12:00:47,219.8,5.673,23.68,0.0557,0.0,25.0,-12.0,1.5,0.35,0,1,overheating
2026-06-01T12:00:47.100000,218.79,5.411,23.99,0.0661,0.0,25.0,-12.0,1.5,0.35,0,1,overheating
2026-06-01T12:00:47.200000,218.33,5.357,24.75,0.0621,0.0,25.0,-12.0,1.5,0.35,0,1,overheating
2026-06-01T12:00:47.300000,218.35,5.343,24.53,0.0585,0.0,25.0,-12.0,1.5,0.35,0,1,overheating
2026-06-01T12:00:47.400000,218.51,5.69,24.94,0.0594,0.0,25.0,-12.0,1.5,0.35,0,1,overheating
2026-06-01T12:00:47.500000,219.45,5.308,25.34,0.0662,0.0,25.0,-12.0,1.5,0.35,0,1,overheating
2026-06-01T12:00:47.600000,218.63,5.47,24.05,0.0514,0.0,25.0,-12.0,1.5,0.35,0,1,overheating
2026-06-01T12:00:47.700000,217.52,5.414,25.8,0.0851,0.0,25.0,-12.0,1.5,0.35,0,1,overheating
2026-06-01T12:00:47.800000,219.34,5.49,24.12,0.0576,0.0,25.0,-12.0,1.5,0.35,0,1,overheating
2026-06-01T12:00:47.900000,217.9,5.271,25.03,0.0584,0.0,25.0,-12.0,1.5,0.35,0,1,overheating
2026-06-01T12:00:48,216.69,5.55,24.66,0.0657,0.0,25.0,-12.0,1.5,0.35,0,1,overheating
2026-06-01T12:00:48.100000,220.72,5.221,24.02,0.0606,0.0,25.0,-12.0,1.5,0.35,0,1,overheating
2026-06-01T12:00:48.200000,219.73,5.802,24.77,0.0686,0.0,25.0,-12.0,1.5,0.35,0,1,overheating
2026-06-01T12:00:48.300000,218.15,5.394,26.79,0.0488,0.0,25.0,-12.0,1.5,0.35,0,1,overheating
2026-06-01T12:00:48.400000,218.85,5.514,26.1,0.065,0.0,25.0,-12.0,1.5,0.35,0,1,overheating
2026-06-01T12:00:48.500000,218.89,5.347,25.78,0.0607,0.0,25.0,-12.0,1.5,0.35,0,1,overheating
2026-06-01T12:00:48.600000,219.19,5.356,25.93,0.064,0.0,25.0,-12.0,1.5,0.35,0,1,overheating
2026-06-01T12:00:48.700000,219.68,5.425,24.94,0.0771,0.0,25.0,-12.0,1.5,0.35,0,1,overheating
2026-06-01T12:00:48.800000,217.63,5.309,25.62,0.0784,0.0,25.0,-12.0,1.5,0.35,0,1,overheating
2026-06-01T12:00:48.900000,216.38,6.073,26.54,0.0671,0.0,25.0,-12.0,1.5,0.35,0,1,overheating
2026-06-01T12:00:49,218.45,5.507,26.36,0.0715,0.0,25.0,-12.0,1.5,0.35,0,1,overheating
2026-06-01T12:00:49.100000,219.04,5.473,26.09,0.0637,0.0,25.0,-12.0,1.5,0.35,0,1,overheating
2026-06-01T12:00:49.200000,218.27,5.687,26.58,0.0359,0.0,25.0,-12.0,1.5,0.35,0,1,overheating
2026-06-01T12:00:49.300000,219.11,5.504,26.36,0.0616,0.0,25.0,-12.0,1.5,0.35,0,1,overheating
2026-06-01T12:00:49.400000,219.56,5.66,26.07,0.0697,0.0,25.0,-12.0,1.5,0.35,0,1,overheating
2026-06-01T12:00:49.500000,217.45,5.199,26.24,0.0745,0.0,25.0,-12.0,1.5,0.35,0,1,overheating
2026-06-01T12:00:49.600000,219.35,5.583,27.0,0.0712,0.0,25.0,-12.0,1.5,0.35,0,1,overheating
2026-06-01T12:00:49.700000,217.74,5.571,27.13,0.0737,0.0,25.0,-12.0,1.5,0.35,0,1,overheating
2026-06-01T12:00:49.800000,219.56,5.632,27.0,0.077,0.0,25.0,-12.0,1.5,0.35,0,1,overheating
2026-06-01T12:00:49.900000,218.32,5.319,26.83,0.0591,0.0,25.0,-12.0,1.5,0.35,0,1,overheating
2026-06-01T12:00:50,217.66,5.471,26.6,0.0636,0.0,25.0,-12.0,1.5,0.35,0,1,overheating
2026-06-01T12:00:50.100000,216.42,5.548,27.09,0.0587,0.0,25.0,-12.0,1.5,0.35,0,1,overheating
2026-06-01T12:00:50.200000,218.96,5.698,26.38,0.0594,0.0,25.0,-12.0,1.5,0.35,0,1,overheating
2026-06-01T12:00:50.300000,217.51,5.327,27.68,0.0652,0.0,25.0,-12.0,1.5,0.35,0,1,overheating
2026-06-01T12:00:50.400000,218.0,5.119,27.68,0.0549,0.0,25.0,-12.0,1.5,0.35,0,1,overheating
2026-06-01T12:00:50.500000,218.31,5.58,28.13,0.0544,0.0,25.0,-12.0,1.5,0.35,0,1,overheating
2026-06-01T12:00:50.600000,215.21,5.567,28.44,0.0801,0.0,25.0,-12.0,1.5,0.35,0,1,overheating
2026-06-01T12:00:50.700000,218.43,5.437,28.03,0.0581,0.0,25.0,-12.0,1.5,0.35,0,1,overheating
2026-06-01T12:00:50.800000,218.68,5.641,28.25,0.0956,0.0,25.0,-12.0,1.5,0.35,0,1,overheating
2026-06-01T12:00:50.900000,218.58,5.443,27.8,0.0505,0.0,25.0,-12.0,1.5,0.35,0,1,overheating
2026-06-01T12:00:51,217.47,5.468,27.64,0.0699,0.0,25.0,-12.0,1.5,0.35,0,1,overheating
2026-06-01T12:00:51.100000,217.33,5.779,27.99,0.0684,0.0,25.0,-12.0,1.5,0.35,0,1,overheating
2026-06-01T12:00:51.200000,217.81,5.591,28.49,0.06,0.0,25.0,-12.0,1.5,0.35,0,1,overheating
2026-06-01T12:00:51.300000,217.46,5.504,27.5,0.0606,0.0,25.0,-12.0,1.5,0.35,0,1,overheating
2026-06-01T12:00:51.400000,217.62,5.745,28.39,0.0709,0.0,25.0,-12.0,1.5,0.35,0,1,overheating
2026-06-01T12:00:51.500000,218.93,5.548,28.55,0.0681,0.0,25.0,-12.0,1.5,0.35,0,1,overheating
2026-06-01T12:00:51.600000,218.33,5.463,27.22,0.068,0.0,25.0,-12.0,1.5,0.35,0,1,overheating
2026-06-01T12:00:51.700000,219.47,5.77,29.01,0.0819,0.0,25.0,-12.0,1.5,0.35,0,1,overheating
2026-06-01T12:00:51.800000,218.12,5.629,28.31,0.0665,0.0,25.0,-12.0,1.5,0.35,0,1,overheating
2026-06-01T12:00:51.900000,218.63,5.836,28.64,0.0653,0.0,25.0,-12.0,1.5,0.35,0,1,overheating
2026-06-01T12:00:52,218.0,5.72,28.08,0.047,0.0,25.0,-12.0,1.5,0.35,0,1,overheating
2026-06-01T12:00:52.100000,217.43,5.361,28.64,0.0687,0.0,25.0,-12.0,1.5,0.35,0,1,overheating
2026-06-01T12:00:52.200000,217.51,5.9,29.14,0.0733,0.0,25.0,-12.0,1.5,0.35,0,1,overheating
2026-06-01T12:00:52.300000,218.57,5.387,29.59,0.0697,0.0,25.0,-12.0,1.5,0.35,0,1,overheating
2026-06-01T12:00:52.400000,218.6,5.406,28.38,0.0788,0.0,25.0,-12.0,1.5,0.35,0,1,overheating
2026-06-01T12:00:52.500000,218.29,5.445,28.82,0.0821,0.0,25.0,-12.0,1.5,0.35,0,1,overheating
2026-06-01T12:00:52.600000,216.71,5.959,28.89,0.0774,0.0,25.0,-12.0,1.5,0.35,0,1,overheating
2026-06-01T12:00:52.700000,217.55,5.756,29.16,0.0695,0.0,25.0,-12.0,1.5,0.35,0,1,overheating
2026-06-01T12:00:52.800000,217.91,5.44,29.89,0.0662,0.0,25.0,-12.0,1.5,0.35,0,1,overheating
2026-06-01T12:00:52.900000,217.62,5.446,28.33,0.0696,0.0,25.0,-12.0,1.5,0.35,0,1,overheating
2026-06-01T12:00:53,220.25,5.807,29.69,0.069,0.0,25.0,-12.0,1.5,0.35,0,1,overheating
2026-06-01T12:00:53.100000,217.84,5.764,29.2,0.083,0.0,25.0,-12.0,1.5,0.35,0,1,overheating
2026-06-01T12:00:53.200000,218.52,5.804,30.1,0.0722,0.0,25.0,-12.0,1.5,0.35,0,1,overheating
2026-06-01T12:00:53.300000,218.46,5.783,29.79,0.0664,0.0,25.0,-12.0,1.5,0.35,0,1,overheating
2026-06-01T12:00:53.400000,217.87,5.98,29.44,0.0577,0.0,25.0,-12.0,1.5,0.35,0,1,overheating
2026-06-01T12:00:53.500000,217.91,5.685,30.24,0.0749,0.0,25.0,-12.0,1.5,0.35,0,1,overheating
2026-06-01T12:00:53.600000,217.51,5.978,29.44,0.0644,0.0,25.0,-12.0,1.5,0.35,0,1,overheating
2026-06-01T12:00:53.700000,217.61,5.356,30.24,0.0894,0.0,25.0,-12.0,1.5,0.35,0,1,overheating
2026-06-01T12:00:53.800000,217.72,5.736,29.79,0.0668,0.0,25.0,-12.0,1.5,0.35,0,1,overheating
2026-06-01T12:00:53.900000,217.31,5.631,31.15,0.0787,0.0,25.0,-12.0,1.5,0.35,0,1,overheating
2026-06-01T12:00:54,216.56,5.749,30.85,0.0847,0.0,25.0,-12.0,1.5,0.35,0,1,overheating
2026-06-01T12:00:54.100000,219.23,5.502,30.28,0.0609,0.0,25.0,-12.0,1.5,0.35,0,1,overheating
2026-06-01T12:00:54.200000,217.4,5.803,31.27,0.0729,0.0,25.0,-12.0,1.5,0.35,0,1,overheating
2026-06-01T12:00:54.300000,217.3,5.745,30.45,0.0947,0.0,25.0,-12.0,1.5,0.35,0,1,overheating
2026-06-01T12:00:54.400000,215.99,5.757,31.97,0.0741,0.0,25.0,-12.0,1.5,0.35,0,1,overheating
2026-06-01T12:00:54.500000,217.39,5.654,30.96,0.0879,0.0,25.0,-12.0,1.5,0.35,0,1,overheating
2026-06-01T12:00:54.600000,215.35,6.037,30.43,0.0717,0.0,25.0,-12.0,1.5,0.35,0,1,overheating
2026-06-01T12:00:54.700000,217.12,5.853,30.43,0.0791,0.0,25.0,-12.0,1.5,0.35,0,1,overheating
2026-06-01T12:00:54.800000,219.56,5.467,31.41,0.068,0.0,25.0,-12.0,1.5,0.35,0,1,overheating
2026-06-01T12:00:54.900000,217.94,5.749,31.09,0.0797,0.0,25.0,-12.0,1.5,0.35,0,1,overheating
2026-06-01T12:00:55,219.3,5.712,31.86,0.0621,0.0,25.0,-12.0,1.5,0.35,0,1,overheating
2026-06-01T12:00:55.100000,216.53,5.849,32.33,0.0787,0.0,25.0,-12.0,1.5,0.35,0,1,overheating
2026-06-01T12:00:55.200000,217.15,5.76,31.05,0.0814,0.0,25.0,-12.0,1.5,0.35,0,1,overheating
2026-06-01T12:00:55.300000,218.33,5.675,31.53,0.0782,0.0,25.0,-12.0,1.5,0.35,0,1,overheating
2026-06-01T12:00:55.400000,217.0,5.757,32.91,0.0732,0.0,25.0,-12.0,1.5,0.35,0,1,overheating
2026-06-01T12:00:55.500000,217.06,5.645,32.32,0.074,0.0,25.0,-12.0,1.5,0.35,0,1,overheating
2026-06-01T12:00:55.600000,216.75,6.044,32.75,0.07,0.0,25.0,-12.0,1.5,0.35,0,1,overheating
2026-06-01T12:00:55.700000,215.52,5.987,31.79,0.0841,0.0,25.0,-12.0,1.5,0.35,0,1,overheating
2026-06-01T12:00:55.800000,215.4,5.969,31.61,0.0836,0.0,25.0,-12.0,1.5,0.35,0,1,overheating
2026-06-01T12:00:55.900000,217.36,5.604,32.11,0.0834,0.0,25.0,-12.0,1.5,0.35,0,1,overheating
2026-06-01T12:00:56,217.44,5.917,33.39,0.061,0.0,25.0,-12.0,1.5,0.35,0,1,overheating
2026-06-01T12:00:56.100000,218.93,5.826,32.04,0.0635,0.0,25.0,-12.0,1.5,0.35,0,1,overheating
2026-06-01T12:00:56.200000,217.11,5.994,32.52,0.0921,0.0,25.0,-12.0,1.5,0.35,0,1,overheating
2026-06-01T12:00:56.300000,215.83,5.813,32.04,0.0808,0.0,25.0,-12.0,1.5,0.35,0,1,overheating
2026-06-01T12:00:56.400000,218.15,5.736,31.46,0.0793,0.0,25.0,-12.0,1.5,0.35,0,1,overheating
2026-06-01T12:00:56.500000,217.69,5.906,33.47,0.0668,0.0,25.0,-12.0,1.5,0.35,0,1,overheating
2026-06-01T12:00:56.600000,217.91,6.069,32.05,0.0809,0.0,25.0,-12.0,1.5,0.35,0,1,overheating
2026-06-01T12:00:56.700000,216.71,5.819,33.2,0.073,0.0,25.0,-12.0,1.5,0.35,0,1,overheating
2026-06-01T12:00:56.800000,216.52,5.847,32.58,0.0671,0.0,25.0,-12.0,1.5,0.35,0,1,overheating
2026-06-01T12:00:56.900000,217.86,5.615,33.54,0.0828,0.0,25.0,-12.0,1.5,0.35,0,1,overheating
2026-06-01T12:00:57,215.44,5.714,33.9,0.0685,0.0,25.0,-12.0,1.5,0.35,0,1,overheating
2026-06-01T12:00:57.100000,216.69,5.947,33.78,0.076,0.0,25.0,-12.0,1.5,0.35,0,1,overheating
2026-06-01T12:00:57.200000,216.54,6.144,34.35,0.0885,0.0,25.0,-12.0,1.5,0.35,0,1,overheating
2026-06-01T12:00:57.300000,217.2,5.703,33.15,0.0841,0.0,25.0,-12.0,1.5,0.35,0,1,overheating
2026-06-01T12:00:57.400000,217.52,6.15,33.99,0.064,0.0,25.0,-12.0,1.5,0.35,0,1,overheating
2026-06-01T12:00:57.500000,218.14,5.675,33.56,0.0817,0.0,25.0,-12.0,1.5,0.35,0,1,overheating
2026-06-01T12:00:57.600000,219.06,6.502,34.14,0.0775,0.0,25.0,-12.0,1.5,0.35,0,1,overheating
2026-06-01T12:00:57.700000,217.58,6.063,33.77,0.0975,0.0,25.0,-12.0,1.5,0.35,0,1,overheating
2026-06-01T12:00:57.800000,217.26,5.99,34.35,0.0839,0.0,25.0,-12.0,1.5,0.35,0,1,overheating
2026-06-01T12:00:57.900000,217.86,5.772,33.83,0.0688,0.0,25.0,-12.0,1.5,0.35,0,1,overheating
2026-06-01T12:00:58,217.44,6.056,34.43,0.0967,0.0,25.0,-12.0,1.5,0.35,0,1,overheating
2026-06-01T12:00:58.100000,216.98,6.039,33.74,0.0763,0.0,25.0,-12.0,1.5,0.35,0,1,overheating
2026-06-01T12:00:58.200000,217.66,6.08,34.23,0.0796,0.0,25.0,-12.0,1.5,0.35,0,1,overheating
2026-06-01T12:00:58.300000,215.43,5.844,34.92,0.0863,0.0,25.0,-12.0,1.5,0.35,0,1,overheating
2026-06-01T12:00:58.400000,217.43,5.93,34.56,0.0741,0.0,25.0,-12.0,1.5,0.35,0,1,overheating
2026-06-01T12:00:58.500000,217.62,6.009,34.9,0.0756,0.0,25.0,-12.0,1.5,0.35,0,1,overheating
2026-06-01T12:00:58.600000,214.75,6.149,34.5,0.0724,0.0,25.0,-12.0,1.5,0.35,0,1,overheating
2026-06-01T12:00:58.700000,217.58,5.857,35.36,0.0873,0.0,25.0,-12.0,1.5,0.35,0,1,overheating
2026-06-01T12:00:58.800000,217.55,5.667,35.53,0.0839,0.0,25.0,-12.0,1.5,0.35,0,1,overheating
2026-06-01T12:00:58.900000,216.48,5.974,34.12,0.0856,0.0,25.0,-12.0,1.5,0.35,0,1,overheating
2026-06-01T12:00:59,215.8,5.679,34.34,0.0928,0.0,25.0,-12.0,1.5,0.35,0,1,overheating
2026-06-01T12:00:59.100000,216.19,6.262,34.92,0.0648,0.0,25.0,-12.0,1.5,0.35,0,1,overheating
2026-06-01T12:00:59.200000,215.68,6.207,35.2,0.0765,0.0,25.0,-12.0,1.5,0.35,0,1,overheating
2026-06-01T12:00:59.300000,216.94,6.065,35.93,0.0967,0.0,25.0,-12.0,1.5,0.35,0,1,overheating
2026-06-01T12:00:59.400000,216.41,5.705,35.25,0.0849,0.0,25.0,-12.0,1.5,0.35,0,1,overheating
2026-06-01T12:00:59.500000,215.79,5.784,35.72,0.082,0.0,25.0,-12.0,1.5,0.35,0,1,overheating
2026-06-01T12:00:59.600000,216.77,5.828,35.52,0.0734,0.0,25.0,-12.0,1.5,0.35,0,1,overheating
2026-06-01T12:00:59.700000,217.61,6.192,34.81,0.0735,0.0,25.0,-12.0,1.5,0.35,0,1,overheating
2026-06-01T12:00:59.800000,215.2,5.86,35.78,0.0685,0.0,25.0,-12.0,1.5,0.35,0,1,overheating
2026-06-01T12:00:59.900000,215.76,5.794,36.01,0.0839,0.0,25.0,-12.0,1.5,0.35,0,1,overheating
2026-06-01T12:01:00,215.94,6.035,35.73,0.0806,0.0,25.0,-12.0,1.5,0.35,0,1,overheating
2026-06-01T12:01:00.100000,218.32,6.273,35.44,0.0918,0.0,25.0,-12.0,1.5,0.35,0,1,overheating
2026-06-01T12:01:00.200000,217.44,5.78,36.59,0.099,0.0,25.0,-12.0,1.5,0.35,0,1,overheating
2026-06-01T12:01:00.300000,215.49,5.831,36.78,0.0865,0.0,25.0,-12.0,1.5,0.35,0,1,overheating
2026-06-01T12:01:00.400000,217.15,6.088,36.56,0.0707,0.0,25.0,-12.0,1.5,0.35,0,1,overheating
2026-06-01T12:01:00.500000,217.63,6.259,36.34,0.0837,0.0,25.0,-12.0,1.5,0.35,0,1,overheating
2026-06-01T12:01:00.600000,215.04,6.133,36.83,0.0837,0.0,25.0,-12.0,1.5,0.35,0,1,overheating
2026-06-01T12:01:00.700000,217.67,5.968,36.91,0.0743,0.0,25.0,-12.0,1.5,0.35,0,1,overheating
2026-06-01T12:01:00.800000,216.51,6.005,36.83,0.081,0.0,25.0,-12.0,1.5,0.35,0,1,overheating
2026-06-01T12:01:00.900000,216.39,6.21,36.59,0.0688,0.0,25.0,-12.0,1.5,0.35,0,1,overheating
2026-06-01T12:01:01,218.25,6.326,36.25,0.0919,0.0,25.0,-12.0,1.5,0.35,0,1,overheating
2026-06-01T12:01:01.100000,215.98,6.108,37.14,0.0828,0.0,25.0,-12.0,1.5,0.35,0,1,overheating
2026-06-01T12:01:01.200000,215.68,5.922,36.62,0.077,0.0,25.0,-12.0,1.5,0.35,0,1,overheating
2026-06-01T12:01:01.300000,216.38,5.922,37.51,0.1004,0.0,25.0,-12.0,1.5,0.35,0,1,overheating
2026-06-01T12:01:01.400000,215.85,6.118,37.51,0.0904,0.0,25.0,-12.0,1.5,0.35,0,1,overheating
2026-06-01T12:01:01.500000,216.49,6.224,37.59,0.0735,0.0,25.0,-12.0,1.5,0.35,0,1,overheating
2026-06-01T12:01:01.600000,217.27,6.257,37.06,0.0864,0.0,25.0,-12.0,1.5,0.35,0,1,overheating
2026-06-01T12:01:01.700000,217.07,6.043,38.07,0.1098,0.0,25.0,-12.0,1.5,0.35,0,1,overheating
2026-06-01T12:01:01.800000,215.58,5.814,37.77,0.0935,0.0,25.0,-12.0,1.5,0.35,0,1,overheating
2026-06-01T12:01:01.900000,216.12,6.386,37.04,0.0934,0.0,25.0,-12.0,1.5,0.35,0,1,overheating
2026-06-01T12:01:02,215.73,6.444,38.8,0.079,0.0,25.0,-12.0,1.5,0.35,0,1,overheating
2026-06-01T12:01:02.100000,215.77,6.277,37.7,0.0864,0.0,25.0,-12.0,1.5,0.35,0,1,overheating
2026-06-01T12:01:02.200000,216.33,5.726,37.97,0.0801,0.0,25.0,-12.0,1.5,0.35,0,1,overheating
2026-06-01T12:01:02.300000,215.79,6.404,37.44,0.0953,0.0,25.0,-12.0,1.5,0.35,0,1,overheating
2026-06-01T12:01:02.400000,215.99,6.064,38.56,0.0907,0.0,25.0,-12.0,1.5,0.35,0,1,overheating
2026-06-01T12:01:02.500000,216.82,6.319,38.08,0.0814,0.0,25.0,-12.0,1.5,0.35,0,1,overheating
2026-06-01T12:01:02.600000,215.15,5.965,39.81,0.1001,0.0,25.0,-12.0,1.5,0.35,0,1,overheating
2026-06-01T12:01:02.700000,214.87,5.871,38.67,0.0933,0.0,25.0,-12.0,1.5,0.35,0,1,overheating
2026-06-01T12:01:02.800000,216.75,6.089,38.46,0.0913,0.0,25.0,-12.0,1.5,0.35,0,1,overheating
2026-06-01T12:01:02.900000,216.27,5.701,38.5,0.0797,0.0,25.0,-12.0,1.5,0.35,0,1,overheating
2026-06-01T12:01:03,216.34,6.747,38.88,0.0852,0.0,25.0,-12.0,1.5,0.35,0,1,overheating
2026-06-01T12:01:03.100000,217.07,6.252,39.0,0.0946,0.0,25.0,-12.0,1.5,0.35,0,1,overheating
2026-06-01T12:01:03.200000,218.19,5.934,39.12,0.0794,0.0,25.0,-12.0,1.5,0.35,0,1,overheating
2026-06-01T12:01:03.300000,216.67,5.981,38.76,0.0859,0.0,25.0,-12.0,1.5,0.35,0,1,overheating
2026-06-01T12:01:03.400000,217.08,6.354,38.44,0.0895,0.0,25.0,-12.0,1.5,0.35,0,1,overheating
2026-06-01T12:01:03.500000,215.37,5.923,39.04,0.0861,0.0,25.0,-12.0,1.5,0.35,0,1,overheating
2026-06-01T12:01:03.600000,218.49,6.267,38.55,0.0837,0.0,25.0,-12.0,1.5,0.35,0,1,overheating
2026-06-01T12:01:03.700000,217.07,6.603,38.54,0.0707,0.0,25.0,-12.0,1.5,0.35,0,1,overheating
2026-06-01T12:01:03.800000,217.9,6.268,38.99,0.095,0.0,25.0,-12.0,1.5,0.35,0,1,overheating
2026-06-01T12:01:03.900000,213.38,6.196,39.67,0.0991,0.0,25.0,-12.0,1.5,0.35,0,1,overheating
2026-06-01T12:01:04,214.99,6.217,39.14,0.0926,0.0,25.0,-12.0,1.5,0.35,0,1,overheating
2026-06-01T12:01:04.100000,215.09,6.123,39.19,0.0967,0.0,25.0,-12.0,1.5,0.35,0,1,overheating
2026-06-01T12:01:04.200000,216.83,6.163,39.8,0.0758,0.0,25.0,-12.0,1.5,0.35,0,1,overheating
2026-06-01T12:01:04.300000,215.65,6.205,41.18,0.0794,0.0,25.0,-12.0,1.5,0.35,0,1,overheating
2026-06-01T12:01:04.400000,217.4,6.419,40.1,0.1083,0.0,25.0,-12.0,1.5,0.35,0,1,overheating
2026-06-01T12:01:04.500000,216.29,6.303,40.02,0.1031,0.0,25.0,-12.0,1.5,0.35,0,1,overheating
2026-06-01T12:01:04.600000,217.0,6.105,39.48,0.089,0.0,25.0,-12.0,1.5,0.35,0,1,overheating
2026-06-01T12:01:04.700000,215.08,6.222,40.85,0.0866,0.0,25.0,-12.0,1.5,0.35,0,1,overheating
2026-06-01T12:01:04.800000,215.82,6.252,40.74,0.0689,0.0,25.0,-12.0,1.5,0.35,0,1,overheating
2026-06-01T12:01:04.900000,215.24,6.287,41.01,0.0866,0.0,25.0,-12.0,1.5,0.35,0,1,overheating
2026-06-01T12:01:05,213.96,6.374,40.18,0.0798,0.0,25.0,-12.0,1.5,0.35,0,1,overheating
2026-06-01T12:01:05.100000,215.19,6.218,40.29,0.0698,0.0,25.0,-12.0,1.5,0.35,0,1,overheating
2026-06-01T12:01:05.200000,216.7,6.515,41.01,0.0806,0.0,25.0,-12.0,1.5,0.35,0,1,overheating
2026-06-01T12:01:05.300000,215.58,6.264,41.07,0.0989,0.0,25.0,-12.0,1.5,0.35,0,1,overheating
2026-06-01T12:01:05.400000,215.03,6.286,41.09,0.1069,0.0,25.0,-12.0,1.5,0.35,0,1,overheating
2026-06-01T12:01:05.500000,216.45,6.433,40.99,0.1066,0.0,25.0,-12.0,1.5,0.35,0,1,overheating
2026-06-01T12:01:05.600000,216.14,6.108,41.74,0.0996,0.0,25.0,-12.0,1.5,0.35,0,1,overheating
2026-06-01T12:01:05.700000,215.27,6.189,41.28,0.0975,0.0,25.0,-12.0,1.5,0.35,0,1,overheating
2026-06-01T12:01:05.800000,215.9,6.352,42.07,0.1037,0.0,25.0,-12.0,1.5,0.35,0,1,overheating
2026-06-01T12:01:05.900000,215.87,6.483,40.79,0.0971,0.0,25.0,-12.0,1.5,0.35,0,1,overheating
2026-06-01T12:01:06,217.48,6.256,40.98,0.0868,0.0,25.0,-12.0,1.5,0.35,0,1,overheating
2026-06-01T12:01:06.100000,214.56,6.148,41.3,0.0794,0.0,25.0,-12.0,1.5,0.35,0,1,overheating
2026-06-01T12:01:06.200000,215.65,6.49,41.13,0.1089,0.0,25.0,-12.0,1.5,0.35,0,1,overheating
2026-06-01T12:01:06.300000,216.13,6.521,41.34,0.1024,0.0,25.0,-12.0,1.5,0.35,0,1,overheating
2026-06-01T12:01:06.400000,214.51,6.498,41.85,0.0995,0.0,25.0,-12.0,1.5,0.35,0,1,overheating
2026-06-01T12:01:06.500000,214.41,6.146,42.15,0.0847,0.0,25.0,-12.0,1.5,0.35,0,1,overheating
2026-06-01T12:01:06.600000,216.03,6.057,42.36,0.082,0.0,25.0,-12.0,1.5,0.35,0,1,overheating
2026-06-01T12:01:06.700000,216.1,6.46,41.68,0.1003,0.0,25.0,-12.0,1.5,0.35,0,1,overheating
2026-06-01T12:01:06.800000,215.79,6.232,41.62,0.075,0.0,25.0,-12.0,1.5,0.35,0,1,overheating
2026-06-01T12:01:06.900000,215.87,6.032,42.26,0.0922,0.0,25.0,-12.0,1.5,0.35,0,1,overheating
2026-06-01T12:01:07,216.18,6.29,42.14,0.1023,0.0,25.0,-12.0,1.5,0.35,0,1,overheating
2026-06-01T12:01:07.100000,215.82,6.418,42.62,0.0798,0.0,25.0,-12.0,1.5,0.35,0,1,overheating
2026-06-01T12:01:07.200000,216.22,6.482,41.97,0.0929,0.0,25.0,-12.0,1.5,0.35,0,1,overheating
2026-06-01T12:01:07.300000,215.41,6.338,42.74,0.1098,0.0,25.0,-12.0,1.5,0.35,0,1,overheating
2026-06-01T12:01:07.400000,216.52,6.108,42.97,0.109,0.0,25.0,-12.0,1.5,0.35,0,1,overheating
2026-06-01T12:01:07.500000,215.8,6.593,43.76,0.1061,0.0,25.0,-12.0,1.5,0.35,0,1,overheating
2026-06-01T12:01:07.600000,215.65,6.589,42.91,0.0962,0.0,25.0,-12.0,1.5,0.35,0,1,overheating
2026-06-01T12:01:07.700000,215.03,6.698,42.52,0.1115,0.0,25.0,-12.0,1.5,0.35,0,1,overheating
2026-06-01T12:01:07.800000,215.87,6.11,43.2,0.0753,0.0,25.0,-12.0,1.5,0.35,0,1,overheating
2026-06-01T12:01:07.900000,215.98,6.572,42.81,0.0977,0.0,25.0,-12.0,1.5,0.35,0,1,overheating
2026-06-01T12:01:08,217.29,6.299,42.67,0.1115,0.0,25.0,-12.0,1.5,0.35,0,1,overheating
2026-06-01T12:01:08.100000,217.28,6.406,43.8,0.1102,0.0,25.0,-12.0,1.5,0.35,0,1,overheating
2026-06-01T12:01:08.200000,214.56,6.313,44.0,0.1139,0.0,25.0,-12.0,1.5,0.35,0,1,overheating
2026-06-01T12:01:08.300000,215.85,6.239,44.46,0.0919,0.0,25.0,-12.0,1.5,0.35,0,1,overheating
2026-06-01T12:01:08.400000,214.93,6.488,44.34,0.1059,0.0,25.0,-12.0,1.5,0.35,0,1,overheating
2026-06-01T12:01:08.500000,215.66,6.518,43.67,0.1031,0.0,25.0,-12.0,1.5,0.35,0,1,overheating
2026-06-01T12:01:08.600000,212.7,6.371,43.86,0.0862,0.0,25.0,-12.0,1.5,0.35,0,1,overheating
2026-06-01T12:01:08.700000,215.6,6.394,44.71,0.1136,0.0,25.0,-12.0,1.5,0.35,0,1,overheating
2026-06-01T12:01:08.800000,214.73,6.41,43.88,0.0935,0.0,25.0,-12.0,1.5,0.35,0,1,overheating
2026-06-01T12:01:08.900000,215.38,6.293,43.44,0.1044,0.0,25.0,-12.0,1.5,0.35,0,1,overheating
2026-06-01T12:01:09,215.8,6.289,44.55,0.092,0.0,25.0,-12.0,1.5,0.35,0,1,overheating
2026-06-01T12:01:09.100000,215.4,6.619,44.17,0.103,0.0,25.0,-12.0,1.5,0.35,0,1,overheating
2026-06-01T12:01:09.200000,214.62,6.421,44.18,0.0912,0.0,25.0,-12.0,1.5,0.35,0,1,overheating
2026-06-01T12:01:09.300000,214.94,6.155,44.12,0.096,0.0,25.0,-12.0,1.5,0.35,0,1,overheating
2026-06-01T12:01:09.400000,214.84,6.422,44.43,0.1038,0.0,25.0,-12.0,1.5,0.35,0,1,overheating
2026-06-01T12:01:09.500000,215.96,6.345,43.95,0.0887,0.0,25.0,-12.0,1.5,0.35,0,1,overheating
2026-06-01T12:01:09.600000,214.58,6.41,44.26,0.0864,0.0,25.0,-12.0,1.5,0.35,0,1,overheating
2026-06-01T12:01:09.700000,214.59,6.521,45.03,0.0939,0.0,25.0,-12.0,1.5,0.35,0,1,overheating
2026-06-01T12:01:09.800000,214.62,6.305,44.8,0.0912,0.0,25.0,-12.0,1.5,0.35,0,1,overheating
2026-06-01T12:01:09.900000,215.59,6.138,44.73,0.1028,0.0,25.0,-12.0,1.5,0.35,0,1,overheating
2026-06-01T12:01:10,140.37,12.308,55.28,0.0999,0.0,25.0,-12.0,1.5,0.35,0,1,insulation_failure
2026-06-01T12:01:10.100000,139.81,10.967,54.94,0.1033,0.0,25.0,-12.0,1.5,0.35,0,1,insulation_failure
2026-06-01T12:01:10.200000,141.83,11.335,54.91,0.1073,0.0,25.0,-12.0,1.5,0.35,0,1,insulation_failure
2026-06-01T12:01:10.300000,143.48,11.404,56.47,0.1363,0.0,25.0,-12.0,1.5,0.35,0,1,insulation_failure
2026-06-01T12:01:10.400000,140.96,11.611,55.32,0.0814,0.0,25.0,-12.0,1.5,0.35,0,1,insulation_failure
2026-06-01T12:01:10.500000,139.44,11.754,54.96,0.0919,0.0,25.0,-12.0,1.5,0.35,0,1,insulation_failure
2026-06-01T12:01:10.600000,139.9,12.011,56.0,0.1188,0.0,25.0,-12.0,1.5,0.35,0,1,insulation_failure
2026-06-01T12:01:10.700000,141.9,11.39,53.64,0.1015,0.0,25.0,-12.0,1.5,0.35,0,1,insulation_failure
2026-06-01T12:01:10.800000,143.13,11.418,54.81,0.114,0.0,25.0,-12.0,1.5,0.35,0,1,insulation_failure
2026-06-01T12:01:10.900000,143.81,11.988,56.78,0.1168,0.0,25.0,-12.0,1.5,0.35,0,1,insulation_failure
2026-06-01T12:01:11,140.59,11.045,56.18,0.0966,0.0,25.0,-12.0,1.5,0.35,0,1,insulation_failure
2026-06-01T12:01:11.100000,140.43,11.171,54.53,0.1033,0.0,25.0,-12.0,1.5,0.35,0,1,insulation_failure
2026-06-01T12:01:11.200000,138.78,11.338,54.56,0.1367,0.0,25.0,-12.0,1.5,0.35,0,1,insulation_failure
2026-06-01T12:01:11.300000,137.79,11.566,55.97,0.1097,0.0,25.0,-12.0,1.5,0.35,0,1,insulation_failure
2026-06-01T12:01:11.400000,138.56,11.431,55.94,0.1239,0.0,25.0,-12.0,1.5,0.35,0,1,insulation_failure
2026-06-01T12:01:11.500000,138.94,11.645,54.12,0.1336,0.0,25.0,-12.0,1.5,0.35,0,1,insulation_failure
2026-06-01T12:01:11.600000,140.82,11.408,54.33,0.1023,0.0,25.0,-12.0,1.5,0.35,0,1,insulation_failure
2026-06-01T12:01:11.700000,141.07,11.869,54.49,0.1292,0.0,25.0,-12.0,1.5,0.35,0,1,insulation_failure
2026-06-01T12:01:11.800000,135.83,11.325,54.98,0.1018,0.0,25.0,-12.0,1.5,0.35,0,1,insulation_failure
2026-06-01T12:01:11.900000,138.13,11.3,55.23,0.1163,0.0,25.0,-12.0,1.5,0.35,0,1,insulation_failure
2026-06-01T12:01:12,135.52,10.864,54.51,0.1292,0.0,25.0,-12.0,1.5,0.35,0,1,insulation_failure
2026-06-01T12:01:12.100000,134.5,11.35,54.58,0.1478,0.0,25.0,-12.0,1.5,0.35,0,1,insulation_failure
2026-06-01T12:01:12.200000,139.23,11.615,55.11,0.0774,0.0,25.0,-12.0,1.5,0.35,0,1,insulation_failure
2026-06-01T12:01:12.300000,141.54,11.565,55.41,0.1985,0.0,25.0,-12.0,1.5,0.35,0,1,insulation_failure
2026-06-01T12:01:12.400000,135.83,12.017,54.77,0.1257,0.0,25.0,-12.0,1.5,0.35,0,1,insulation_failure
2026-06-01T12:01:12.500000,139.91,11.373,54.54,0.1266,0.0,25.0,-12.0,1.5,0.35,0,1,insulation_failure
2026-06-01T12:01:12.600000,136.97,11.725,54.67,0.0974,0.0,25.0,-12.0,1.5,0.35,0,1,insulation_failure
2026-06-01T12:01:12.700000,139.1,11.877,54.57,0.1272,0.0,25.0,-12.0,1.5,0.35,0,1,insulation_failure
2026-06-01T12:01:12.800000,138.54,11.727,55.55,0.157,0.0,25.0,-12.0,1.5,0.35,0,1,insulation_failure
2026-06-01T12:01:12.900000,139.65,11.701,55.08,0.1459,0.0,25.0,-12.0,1.5,0.35,0,1,insulation_failure
2026-06-01T12:01:13,138.56,11.724,54.84,0.1187,0.0,25.0,-12.0,1.5,0.35,0,1,insulation_failure
2026-06-01T12:01:13.100000,140.18,11.576,54.91,0.1243,0.0,25.0,-12.0,1.5,0.35,0,1,insulation_failure
2026-06-01T12:01:13.200000,143.16,11.796,55.7,0.1109,0.0,25.0,-12.0,1.5,0.35,0,1,insulation_failure
2026-06-01T12:01:13.300000,138.22,11.787,55.7,0.1495,0.0,25.0,-12.0,1.5,0.35,0,1,insulation_failure
2026-06-01T12:01:13.400000,138.79,11.431,53.69,0.1122,0.0,25.0,-12.0,1.5,0.35,0,1,insulation_failure
2026-06-01T12:01:13.500000,141.99,11.36,55.51,0.1162,0.0,25.0,-12.0,1.5,0.35,0,1,insulation_failure
2026-06-01T12:01:13.600000,140.65,11.156,55.07,0.0602,0.0,25.0,-12.0,1.5,0.35,0,1,insulation_failure
2026-06-01T12:01:13.700000,139.63,11.011,55.96,0.1355,0.0,25.0,-12.0,1.5,0.35,0,1,insulation_failure
2026-06-01T12:01:13.800000,140.93,11.956,54.24,0.1549,0.0,25.0,-12.0,1.5,0.35,0,1,insulation_failure
2026-06-01T12:01:13.900000,141.86,11.429,55.91,0.0979,0.0,25.0,-12.0,1.5,0.35,0,1,insulation_failure
2026-06-01T12:01:14,138.35,11.317,54.58,0.0989,0.0,25.0,-12.0,1.5,0.35,0,1,insulation_failure
2026-06-01T12:01:14.100000,142.45,11.422,55.28,0.1086,0.0,25.0,-12.0,1.5,0.35,0,1,insulation_failure
2026-06-01T12:01:14.200000,136.36,11.581,53.47,0.1186,0.0,25.0,-12.0,1.5,0.35,0,1,insulation_failure
2026-06-01T12:01:14.300000,137.26,12.096,55.73,0.1221,0.0,25.0,-12.0,1.5,0.35,0,1,insulation_failure
2026-06-01T12:01:14.400000,142.53,11.246,55.43,0.124,0.0,25.0,-12.0,1.5,0.35,0,1,insulation_failure
2026-06-01T12:01:14.500000,140.53,11.882,55.59,0.1258,0.0,25.0,-12.0,1.5,0.35,0,1,insulation_failure
2026-06-01T12:01:14.600000,136.69,11.212,54.9,0.1219,0.0,25.0,-12.0,1.5,0.35,0,1,insulation_failure
2026-06-01T12:01:14.700000,137.74,12.224,56.21,0.132,0.0,25.0,-12.0,1.5,0.35,0,1,insulation_failure
2026-06-01T12:01:14.800000,140.14,11.436,54.24,0.1215,0.0,25.0,-12.0,1.5,0.35,0,1,insulation_failure
2026-06-01T12:01:14.900000,140.52,11.127,55.27,0.1169,0.0,25.0,-12.0,1.5,0.35,0,1,insulation_failure
2026-06-01T12:01:15,136.18,11.242,54.67,0.1578,0.0,25.0,-12.0,1.5,0.35,0,1,insulation_failure
2026-06-01T12:01:15.100000,141.11,11.099,55.39,0.0891,0.0,25.0,-12.0,1.5,0.35,0,1,insulation_failure
2026-06-01T12:01:15.200000,142.17,11.359,54.93,0.1465,0.0,25.0,-12.0,1.5,0.35,0,1,insulation_failure
2026-06-01T12:01:15.300000,137.43,11.081,54.53,0.1408,0.0,25.0,-12.0,1.5,0.35,0,1,insulation_failure
2026-06-01T12:01:15.400000,136.96,10.65,54.64,0.131,0.0,25.0,-12.0,1.5,0.35,0,1,insulation_failure
2026-06-01T12:01:15.500000,142.4,11.361,54.67,0.1431,0.0,25.0,-12.0,1.5,0.35,0,1,insulation_failure
2026-06-01T12:01:15.600000,136.26,11.383,55.15,0.129,0.0,25.0,-12.0,1.5,0.35,0,1,insulation_failure
2026-06-01T12:01:15.700000,138.98,11.51,53.01,0.1068,0.0,25.0,-12.0,1.5,0.35,0,1,insulation_failure
2026-06-01T12:01:15.800000,140.91,11.205,55.05,0.1289,0.0,25.0,-12.0,1.5,0.35,0,1,insulation_failure
2026-06-01T12:01:15.900000,139.31,11.551,54.23,0.1159,0.0,25.0,-12.0,1.5,0.35,0,1,insulation_failure
2026-06-01T12:01:16,141.22,11.547,54.53,0.1245,0.0,25.0,-12.0,1.5,0.35,0,1,insulation_failure
2026-06-01T12:01:16.100000,141.43,10.885,55.93,0.1133,0.0,25.0,-12.0,1.5,0.35,0,1,insulation_failure
2026-06-01T12:01:16.200000,140.85,11.859,53.9,0.1058,0.0,25.0,-12.0,1.5,0.35,0,1,insulation_failure
2026-06-01T12:01:16.300000,139.42,11.265,56.39,0.1029,0.0,25.0,-12.0,1.5,0.35,0,1,insulation_failure
2026-06-01T12:01:16.400000,138.89,11.561,54.04,0.1121,0.0,25.0,-12.0,1.5,0.35,0,1,insulation_failure
2026-06-01T12:01:16.500000,140.63,11.4,54.93,0.1094,0.0,25.0,-12.0,1.5,0.35,0,1,insulation_failure
2026-06-01T12:01:16.600000,136.97,11.596,56.4,0.1204,0.0,25.0,-12.0,1.5,0.35,0,1,insulation_failure
2026-06-01T12:01:16.700000,140.45,11.708,53.98,0.1541,0.0,25.0,-12.0,1.5,0.35,0,1,insulation_failure
2026-06-01T12:01:16.800000,140.4,11.99,54.41,0.1564,0.0,25.0,-12.0,1.5,0.35,0,1,insulation_failure
2026-06-01T12:01:16.900000,141.55,11.666,55.19,0.115,0.0,25.0,-12.0,1.5,0.35,0,1,insulation_failure
2026-06-01T12:01:17,142.4,11.542,53.43,0.0977,0.0,25.0,-12.0,1.5,0.35,0,1,insulation_failure
2026-06-01T12:01:17.100000,139.63,11.593,54.95,0.1444,0.0,25.0,-12.0,1.5,0.35,0,1,insulation_failure
2026-06-01T12:01:17.200000,136.1,11.543,53.55,0.1352,0.0,25.0,-12.0,1.5,0.35,0,1,insulation_failure
2026-06-01T12:01:17.300000,139.81,11.626,54.31,0.1456,0.0,25.0,-12.0,1.5,0.35,0,1,insulation_failure
2026-06-01T12:01:17.400000,142.08,11.675,54.9,0.1316,0.0,25.0,-12.0,1.5,0.35,0,1,insulation_failure
2026-06-01T12:01:17.500000,138.59,11.757,56.32,0.1414,0.0,25.0,-12.0,1.5,0.35,0,1,insulation_failure
2026-06-01T12:01:17.600000,138.54,11.608,53.97,0.1314,0.0,25.0,-12.0,1.5,0.35,0,1,insulation_failure
2026-06-01T12:01:17.700000,140.9,10.939,54.07,0.1143,0.0,25.0,-12.0,1.5,0.35,0,1,insulation_failure
2026-06-01T12:01:17.800000,139.4,11.137,55.31,0.125,0.0,25.0,-12.0,1.5,0.35,0,1,insulation_failure
2026-06-01T12:01:17.900000,139.61,11.273,55.84,0.1531,0.0,25.0,-12.0,1.5,0.35,0,1,insulation_failure
2026-06-01T12:01:18,139.03,11.316,55.39,0.1128,0.0,25.0,-12.0,1.5,0.35,0,1,insulation_failure
2026-06-01T12:01:18.100000,139.72,11.722,53.47,0.1464,0.0,25.0,-12.0,1.5,0.35,0,1,insulation_failure
2026-06-01T12:01:18.200000,140.15,11.377,54.93,0.1192,0.0,25.0,-12.0,1.5,0.35,0,1,insulation_failure
2026-06-01T12:01:18.300000,136.54,11.948,55.03,0.1289,0.0,25.0,-12.0,1.5,0.35,0,1,insulation_failure
2026-06-01T12:01:18.400000,141.9,11.194,55.38,0.1146,0.0,25.0,-12.0,1.5,0.35,0,1,insulation_failure
2026-06-01T12:01:18.500000,141.69,10.862,54.92,0.1079,0.0,25.0,-12.0,1.5,0.35,0,1,insulation_failure
2026-06-01T12:01:18.600000,140.86,11.641,54.43,0.1058,0.0,25.0,-12.0,1.5,0.35,0,1,insulation_failure
2026-06-01T12:01:18.700000,139.78,11.231,55.67,0.1126,0.0,25.0,-12.0,1.5,0.35,0,1,insulation_failure
2026-06-01T12:01:18.800000,134.19,11.388,54.17,0.0874,0.0,25.0,-12.0,1.5,0.35,0,1,insulation_failure
2026-06-01T12:01:18.900000,137.53,11.533,56.06,0.1263,0.0,25.0,-12.0,1.5,0.35,0,1,insulation_failure
2026-06-01T12:01:19,138.79,11.637,54.63,0.1061,0.0,25.0,-12.0,1.5,0.35,0,1,insulation_failure
2026-06-01T12:01:19.100000,137.69,10.974,54.69,0.1232,0.0,25.0,-12.0,1.5,0.35,0,1,insulation_failure
2026-06-01T12:01:19.200000,139.81,11.375,54.24,0.1322,0.0,25.0,-12.0,1.5,0.35,0,1,insulation_failure
2026-06-01T12:01:19.300000,137.37,11.733,54.2,0.105,0.0,25.0,-12.0,1.5,0.35,0,1,insulation_failure
2026-06-01T12:01:19.400000,137.07,11.35,55.78,0.1303,0.0,25.0,-12.0,1.5,0.35,0,1,insulation_failure
2026-06-01T12:01:19.500000,141.96,11.657,54.12,0.1134,0.0,25.0,-12.0,1.5,0.35,0,1,insulation_failure
2026-06-01T12:01:19.600000,138.44,11.899,54.04,0.1379,0.0,25.0,-12.0,1.5,0.35,0,1,insulation_failure
2026-06-01T12:01:19.700000,141.79,12.049,54.67,0.1342,0.0,25.0,-12.0,1.5,0.35,0,1,insulation_failure
2026-06-01T12:01:19.800000,144.56,11.315,53.77,0.0824,0.0,25.0,-12.0,1.5,0.35,0,1,insulation_failure
2026-06-01T12:01:19.900000,141.43,10.935,54.7,0.1287,0.0,25.0,-12.0,1.5,0.35,0,1,insulation_failure
2026-06-01T12:01:20,140.37,11.628,55.18,0.1456,0.0,25.0,-12.0,1.5,0.35,0,1,insulation_failure
2026-06-01T12:01:20.100000,138.1,11.297,54.38,0.1366,0.0,25.0,-12.0,1.5,0.35,0,1,insulation_failure
2026-06-01T12:01:20.200000,141.8,11.635,55.95,0.0964,0.0,25.0,-12.0,1.5,0.35,0,1,insulation_failure
2026-06-01T12:01:20.300000,143.33,11.957,55.59,0.1556,0.0,25.0,-12.0,1.5,0.35,0,1,insulation_failure
2026-06-01T12:01:20.400000,136.69,11.343,54.41,0.1344,0.0,25.0,-12.0,1.5,0.35,0,1,insulation_failure
2026-06-01T12:01:20.500000,137.9,11.727,56.1,0.1339,0.0,25.0,-12.0,1.5,0.35,0,1,insulation_failure
2026-06-01T12:01:20.600000,140.57,11.204,54.32,0.145,0.0,25.0,-12.0,1.5,0.35,0,1,insulation_failure
2026-06-01T12:01:20.700000,141.56,11.488,54.67,0.0795,0.0,25.0,-12.0,1.5,0.35,0,1,insulation_failure
2026-06-01T12:01:20.800000,137.86,12.073,53.98,0.1238,0.0,25.0,-12.0,1.5,0.35,0,1,insulation_failure
2026-06-01T12:01:20.900000,142.01,11.124,55.15,0.1388,0.0,25.0,-12.0,1.5,0.35,0,1,insulation_failure
2026-06-01T12:01:21,140.02,12.361,53.67,0.1412,0.0,25.0,-12.0,1.5,0.35,0,1,insulation_failure
2026-06-01T12:01:21.100000,139.65,11.732,55.35,0.1053,0.0,25.0,-12.0,1.5,0.35,0,1,insulation_failure
2026-06-01T12:01:21.200000,140.46,10.943,55.48,0.126,0.0,25.0,-12.0,1.5,0.35,0,1,insulation_failure
2026-06-01T12:01:21.300000,141.28,11.817,55.29,0.123,0.0,25.0,-12.0,1.5,0.35,0,1,insulation_failure
2026-06-01T12:01:21.400000,138.24,11.286,55.95,0.1487,0.0,25.0,-12.0,1.5,0.35,0,1,insulation_failure
2026-06-01T12:01:21.500000,139.52,11.514,54.28,0.1435,0.0,25.0,-12.0,1.5,0.35,0,1,insulation_failure
2026-06-01T12:01:21.600000,141.33,12.082,54.3,0.1124,0.0,25.0,-12.0,1.5,0.35,0,1,insulation_failure
2026-06-01T12:01:21.700000,140.46,11.694,54.83,0.1025,0.0,25.0,-12.0,1.5,0.35,0,1,insulation_failure
2026-06-01T12:01:21.800000,141.76,11.716,54.27,0.1471,0.0,25.0,-12.0,1.5,0.35,0,1,insulation_failure
2026-06-01T12:01:21.900000,142.34,11.54,55.06,0.1311,0.0,25.0,-12.0,1.5,0.35,0,1,insulation_failure
2026-06-01T12:01:22,138.28,11.509,53.28,0.1375,0.0,25.0,-12.0,1.5,0.35,0,1,insulation_failure
2026-06-01T12:01:22.100000,136.88,11.951,54.74,0.1158,0.0,25.0,-12.0,1.5,0.35,0,1,insulation_failure
2026-06-01T12:01:22.200000,138.74,11.414,56.13,0.0702,0.0,25.0,-12.0,1.5,0.35,0,1,insulation_failure
2026-06-01T12:01:22.300000,142.55,11.601,54.03,0.0985,0.0,25.0,-12.0,1.5,0.35,0,1,insulation_failure
2026-06-01T12:01:22.400000,143.35,11.216,54.08,0.1427,0.0,25.0,-12.0,1.5,0.35,0,1,insulation_failure
2026-06-01T12:01:22.500000,140.68,11.219,55.17,0.0995,0.0,25.0,-12.0,1.5,0.35,0,1,insulation_failure
2026-06-01T12:01:22.600000,142.2,11.818,55.43,0.1272,0.0,25.0,-12.0,1.5,0.35,0,1,insulation_failure
2026-06-01T12:01:22.700000,143.52,11.5,54.05,0.129,0.0,25.0,-12.0,1.5,0.35,0,1,insulation_failure
2026-06-01T12:01:22.800000,144.17,11.196,54.71,0.1283,0.0,25.0,-12.0,1.5,0.35,0,1,insulation_failure
2026-06-01T12:01:22.900000,139.89,11.205,55.9,0.1664,0.0,25.0,-12.0,1.5,0.35,0,1,insulation_failure
2026-06-01T12:01:23,140.39,11.229,53.76,0.1252,0.0,25.0,-12.0,1.5,0.35,0,1,insulation_failure
2026-06-01T12:01:23.100000,142.21,11.643,55.0,0.1082,0.0,25.0,-12.0,1.5,0.35,0,1,insulation_failure
2026-06-01T12:01:23.200000,137.82,11.75,55.73,0.0891,0.0,25.0,-12.0,1.5,0.35,0,1,insulation_failure
2026-06-01T12:01:23.300000,143.18,11.672,56.12,0.0932,0.0,25.0,-12.0,1.5,0.35,0,1,insulation_failure
2026-06-01T12:01:23.400000,137.27,11.455,55.4,0.1559,0.0,25.0,-12.0,1.5,0.35,0,1,insulation_failure
2026-06-01T12:01:23.500000,141.41,11.427,54.18,0.1446,0.0,25.0,-12.0,1.5,0.35,0,1,insulation_failure
2026-06-01T12:01:23.600000,138.07,11.989,54.77,0.1518,0.0,25.0,-12.0,1.5,0.35,0,1,insulation_failure
2026-06-01T12:01:23.700000,141.36,11.459,54.58,0.1132,0.0,25.0,-12.0,1.5,0.35,0,1,insulation_failure
2026-06-01T12:01:23.800000,140.86,11.523,54.52,0.1167,0.0,25.0,-12.0,1.5,0.35,0,1,insulation_failure
2026-06-01T12:01:23.900000,140.16,10.861,55.37,0.1004,0.0,25.0,-12.0,1.5,0.35,0,1,insulation_failure
2026-06-01T12:01:24,137.69,10.994,53.56,0.0929,0.0,25.0,-12.0,1.5,0.35,0,1,insulation_failure
2026-06-01T12:01:24.100000,138.58,12.086,54.58,0.1236,0.0,25.0,-12.0,1.5,0.35,0,1,insulation_failure
2026-06-01T12:01:24.200000,140.8,11.539,54.94,0.0961,0.0,25.0,-12.0,1.5,0.35,0,1,insulation_failure
2026-06-01T12:01:24.300000,142.9,12.042,53.65,0.0995,0.0,25.0,-12.0,1.5,0.35,0,1,insulation_failure
2026-06-01T12:01:24.400000,139.44,11.211,55.4,0.1054,0.0,25.0,-12.0,1.5,0.35,0,1,insulation_failure
2026-06-01T12:01:24.500000,144.33,11.857,55.17,0.1405,0.0,25.0,-12.0,1.5,0.35,0,1,insulation_failure
2026-06-01T12:01:24.600000,142.21,11.331,54.35,0.1216,0.0,25.0,-12.0,1.5,0.35,0,1,insulation_failure
2026-06-01T12:01:24.700000,141.72,11.542,53.74,0.1039,0.0,25.0,-12.0,1.5,0.35,0,1,insulation_failure
2026-06-01T12:01:24.800000,139.85,11.477,56.58,0.0923,0.0,25.0,-12.0,1.5,0.35,0,1,insulation_failure
2026-06-01T12:01:24.900000,141.01,11.947,56.82,0.1119,0.0,25.0,-12.0,1.5,0.35,0,1,insulation_failure
2026-06-01T12:01:25,140.98,11.671,55.16,0.118,0.0,25.0,-12.0,1.5,0.35,0,1,insulation_failure
2026-06-01T12:01:25.100000,140.87,10.74,55.55,0.1225,0.0,25.0,-12.0,1.5,0.35,0,1,insulation_failure
2026-06-01T12:01:25.200000,139.56,12.114,54.46,0.1119,0.0,25.0,-12.0,1.5,0.35,0,1,insulation_failure
2026-06-01T12:01:25.300000,143.98,11.25,54.56,0.1171,0.0,25.0,-12.0,1.5,0.35,0,1,insulation_failure
2026-06-01T12:01:25.400000,141.68,11.562,53.97,0.1094,0.0,25.0,-12.0,1.5,0.35,0,1,insulation_failure
2026-06-01T12:01:25.500000,138.79,11.477,55.34,0.1284,0.0,25.0,-12.0,1.5,0.35,0,1,insulation_failure
2026-06-01T12:01:25.600000,136.45,11.819,55.2,0.1477,0.0,25.0,-12.0,1.5,0.35,0,1,insulation_failure
2026-06-01T12:01:25.700000,140.89,11.83,55.37,0.1469,0.0,25.0,-12.0,1.5,0.35,0,1,insulation_failure
2026-06-01T12:01:25.800000,141.04,11.471,56.82,0.1378,0.0,25.0,-12.0,1.5,0.35,0,1,insulation_failure
2026-06-01T12:01:25.900000,141.15,11.117,53.97,0.1259,0.0,25.0,-12.0,1.5,0.35,0,1,insulation_failure
2026-06-01T12:01:26,140.29,11.316,55.11,0.1518,0.0,25.0,-12.0,1.5,0.35,0,1,insulation_failure
2026-06-01T12:01:26.100000,141.39,11.158,54.91,0.1039,0.0,25.0,-12.0,1.5,0.35,0,1,insulation_failure
2026-06-01T12:01:26.200000,139.22,11.376,54.62,0.0949,0.0,25.0,-12.0,1.5,0.35,0,1,insulation_failure
2026-06-01T12:01:26.300000,139.74,11.332,52.66,0.1611,0.0,25.0,-12.0,1.5,0.35,0,1,insulation_failure
2026-06-01T12:01:26.400000,142.18,11.387,55.02,0.0966,0.0,25.0,-12.0,1.5,0.35,0,1,insulation_failure
2026-06-01T12:01:26.500000,143.39,12.069,55.13,0.1405,0.0,25.0,-12.0,1.5,0.35,0,1,insulation_failure
2026-06-01T12:01:26.600000,140.35,11.099,54.67,0.1226,0.0,25.0,-12.0,1.5,0.35,0,1,insulation_failure
2026-06-01T12:01:26.700000,139.09,11.434,54.93,0.1184,0.0,25.0,-12.0,1.5,0.35,0,1,insulation_failure
2026-06-01T12:01:26.800000,140.1,11.182,54.43,0.0943,0.0,25.0,-12.0,1.5,0.35,0,1,insulation_failure
2026-06-01T12:01:26.900000,141.96,10.868,55.92,0.1477,0.0,25.0,-12.0,1.5,0.35,0,1,insulation_failure
2026-06-01T12:01:27,139.4,10.719,54.71,0.1187,0.0,25.0,-12.0,1.5,0.35,0,1,insulation_failure
2026-06-01T12:01:27.100000,137.98,11.345,56.22,0.1333,0.0,25.0,-12.0,1.5,0.35,0,1,insulation_failure
2026-06-01T12:01:27.200000,138.15,11.021,54.74,0.1157,0.0,25.0,-12.0,1.5,0.35,0,1,insulation_failure
2026-06-01T12:01:27.300000,140.99,11.339,55.41,0.1587,0.0,25.0,-12.0,1.5,0.35,0,1,insulation_failure
2026-06-01T12:01:27.400000,141.63,11.486,54.85,0.1129,0.0,25.0,-12.0,1.5,0.35,0,1,insulation_failure
2026-06-01T12:01:27.500000,142.36,11.312,55.04,0.121,0.0,25.0,-12.0,1.5,0.35,0,1,insulation_failure
2026-06-01T12:01:27.600000,139.0,11.088,55.26,0.1188,0.0,25.0,-12.0,1.5,0.35,0,1,insulation_failure
2026-06-01T12:01:27.700000,141.0,11.34,55.98,0.1025,0.0,25.0,-12.0,1.5,0.35,0,1,insulation_failure
2026-06-01T12:01:27.800000,143.42,10.976,55.35,0.1295,0.0,25.0,-12.0,1.5,0.35,0,1,insulation_failure
2026-06-01T12:01:27.900000,138.41,11.627,56.02,0.0757,0.0,25.0,-12.0,1.5,0.35,0,1,insulation_failure
2026-06-01T12:01:28,141.01,10.752,54.23,0.1526,0.0,25.0,-12.0,1.5,0.35,0,1,insulation_failure
2026-06-01T12:01:28.100000,138.84,11.148,54.84,0.1614,0.0,25.0,-12.0,1.5,0.35,0,1,insulation_failure
2026-06-01T12:01:28.200000,136.34,11.185,56.2,0.1572,0.0,25.0,-12.0,1.5,0.35,0,1,insulation_failure
2026-06-01T12:01:28.300000,139.79,11.128,56.68,0.1519,0.0,25.0,-12.0,1.5,0.35,0,1,insulation_failure
2026-06-01T12:01:28.400000,141.36,11.256,54.96,0.1168,0.0,25.0,-12.0,1.5,0.35,0,1,insulation_failure
2026-06-01T12:01:28.500000,140.66,11.935,55.7,0.0985,0.0,25.0,-12.0,1.5,0.35,0,1,insulation_failure
2026-06-01T12:01:28.600000,142.75,11.594,55.55,0.1493,0.0,25.0,-12.0,1.5,0.35,0,1,insulation_failure
2026-06-01T12:01:28.700000,137.78,11.489,54.57,0.0886,0.0,25.0,-12.0,1.5,0.35,0,1,insulation_failure
2026-06-01T12:01:28.800000,140.69,12.253,53.53,0.1194,0.0,25.0,-12.0,1.5,0.35,0,1,insulation_failure
2026-06-01T12:01:28.900000,141.28,11.537,54.91,0.094,0.0,25.0,-12.0,1.5,0.35,0,1,insulation_failure
2026-06-01T12:01:29,140.47,11.273,53.25,0.1439,0.0,25.0,-12.0,1.5,0.35,0,1,insulation_failure
2026-06-01T12:01:29.100000,141.92,11.515,55.18,0.1415,0.0,25.0,-12.0,1.5,0.35,0,1,insulation_failure
2026-06-01T12:01:29.200000,140.45,11.771,54.76,0.1462,0.0,25.0,-12.0,1.5,0.35,0,1,insulation_failure
2026-06-01T12:01:29.300000,140.64,11.558,53.98,0.1257,0.0,25.0,-12.0,1.5,0.35,0,1,insulation_failure
2026-06-01T12:01:29.400000,138.34,11.309,54.35,0.0987,0.0,25.0,-12.0,1.5,0.35,0,1,insulation_failure
2026-06-01T12:01:29.500000,144.25,11.899,56.54,0.0955,0.0,25.0,-12.0,1.5,0.35,0,1,insulation_failure
2026-06-01T12:01:29.600000,140.14,11.112,54.44,0.1016,0.0,25.0,-12.0,1.5,0.35,0,1,insulation_failure
2026-06-01T12:01:29.700000,142.48,11.381,55.85,0.1321,0.0,25.0,-12.0,1.5,0.35,0,1,insulation_failure
2026-06-01T12:01:29.800000,144.61,11.056,56.01,0.1429,0.0,25.0,-12.0,1.5,0.35,0,1,insulation_failure
2026-06-01T12:01:29.900000,138.05,11.802,55.27,0.1155,0.0,25.0,-12.0,1.5,0.35,0,1,insulation_failure
2026-06-01T12:01:30,138.35,11.284,56.64,0.12,0.0,25.0,-12.0,1.5,0.35,0,1,insulation_failure
2026-06-01T12:01:30.100000,141.56,11.263,54.38,0.1416,0.0,25.0,-12.0,1.5,0.35,0,1,insulation_failure
2026-06-01T12:01:30.200000,137.3,11.375,55.03,0.1222,0.0,25.0,-12.0,1.5,0.35,0,1,insulation_failure
2026-06-01T12:01:30.300000,139.64,11.619,55.55,0.1347,0.0,25.0,-12.0,1.5,0.35,0,1,insulation_failure
2026-06-01T12:01:30.400000,138.03,11.415,55.96,0.1379,0.0,25.0,-12.0,1.5,0.35,0,1,insulation_failure
2026-06-01T12:01:30.500000,137.25,11.605,53.42,0.1209,0.0,25.0,-12.0,1.5,0.35,0,1,insulation_failure
2026-06-01T12:01:30.600000,143.8,11.216,54.33,0.1353,0.0,25.0,-12.0,1.5,0.35,0,1,insulation_failure
2026-06-01T12:01:30.700000,136.91,11.31,55.48,0.1073,0.0,25.0,-12.0,1.5,0.35,0,1,insulation_failure
2026-06-01T12:01:30.800000,139.53,11.723,55.34,0.1253,0.0,25.0,-12.0,1.5,0.35,0,1,insulation_failure
2026-06-01T12:01:30.900000,139.32,11.611,54.9,0.1292,0.0,25.0,-12.0,1.5,0.35,0,1,insulation_failure
2026-06-01T12:01:31,139.01,11.445,54.21,0.1193,0.0,25.0,-12.0,1.5,0.35,0,1,insulation_failure
2026-06-01T12:01:31.100000,138.38,11.166,55.21,0.1243,0.0,25.0,-12.0,1.5,0.35,0,1,insulation_failure
2026-06-01T12:01:31.200000,141.57,11.371,55.33,0.131,0.0,25.0,-12.0,1.5,0.35,0,1,insulation_failure
2026-06-01T12:01:31.300000,140.89,11.252,55.12,0.1273,0.0,25.0,-12.0,1.5,0.35,0,1,insulation_failure
2026-06-01T12:01:31.400000,140.01,10.874,55.13,0.1643,0.0,25.0,-12.0,1.5,0.35,0,1,insulation_failure
2026-06-01T12:01:31.500000,139.28,11.282,55.3,0.1262,0.0,25.0,-12.0,1.5,0.35,0,1,insulation_failure
2026-06-01T12:01:31.600000,142.39,11.123,55.59,0.1318,0.0,25.0,-12.0,1.5,0.35,0,1,insulation_failure
2026-06-01T12:01:31.700000,139.72,11.602,55.82,0.1374,0.0,25.0,-12.0,1.5,0.35,0,1,insulation_failure
2026-06-01T12:01:31.800000,137.71,11.746,54.95,0.1215,0.0,25.0,-12.0,1.5,0.35,0,1,insulation_failure
2026-06-01T12:01:31.900000,140.15,11.455,55.95,0.1183,0.0,25.0,-12.0,1.5,0.35,0,1,insulation_failure
2026-06-01T12:01:32,137.76,11.382,55.14,0.1446,0.0,25.0,-12.0,1.5,0.35,0,1,insulation_failure
2026-06-01T12:01:32.100000,141.21,11.245,56.99,0.1253,0.0,25.0,-12.0,1.5,0.35,0,1,insulation_failure
2026-06-01T12:01:32.200000,142.55,11.454,55.43,0.1368,0.0,25.0,-12.0,1.5,0.35,0,1,insulation_failure
2026-06-01T12:01:32.300000,142.44,11.817,55.7,0.1137,0.0,25.0,-12.0,1.5,0.35,0,1,insulation_failure
2026-06-01T12:01:32.400000,138.86,11.6,55.75,0.1155,0.0,25.0,-12.0,1.5,0.35,0,1,insulation_failure
2026-06-01T12:01:32.500000,142.13,11.936,54.27,0.1033,0.0,25.0,-12.0,1.5,0.35,0,1,insulation_failure
2026-06-01T12:01:32.600000,139.72,11.592,54.58,0.147,0.0,25.0,-12.0,1.5,0.35,0,1,insulation_failure
2026-06-01T12:01:32.700000,140.85,11.512,53.85,0.0937,0.0,25.0,-12.0,1.5,0.35,0,1,insulation_failure
2026-06-01T12:01:32.800000,140.56,10.86,55.81,0.1168,0.0,25.0,-12.0,1.5,0.35,0,1,insulation_failure
2026-06-01T12:01:32.900000,146.49,12.192,54.85,0.1179,0.0,25.0,-12.0,1.5,0.35,0,1,insulation_failure
2026-06-01T12:01:33,141.99,12.011,53.69,0.0843,0.0,25.0,-12.0,1.5,0.35,0,1,insulation_failure
2026-06-01T12:01:33.100000,138.76,11.675,55.4,0.1414,0.0,25.0,-12.0,1.5,0.35,0,1,insulation_failure
2026-06-01T12:01:33.200000,137.6,10.805,55.69,0.1034,0.0,25.0,-12.0,1.5,0.35,0,1,insulation_failure
2026-06-01T12:01:33.300000,135.96,11.544,55.63,0.1176,0.0,25.0,-12.0,1.5,0.35,0,1,insulation_failure
2026-06-01T12:01:33.400000,139.08,11.452,54.7,0.093,0.0,25.0,-12.0,1.5,0.35,0,1,insulation_failure
2026-06-01T12:01:33.500000,138.57,11.656,55.26,0.1234,0.0,25.0,-12.0,1.5,0.35,0,1,insulation_failure
2026-06-01T12:01:33.600000,138.01,11.446,53.26,0.1236,0.0,25.0,-12.0,1.5,0.35,0,1,insulation_failure
2026-06-01T12:01:33.700000,142.86,11.058,54.53,0.1266,0.0,25.0,-12.0,1.5,0.35,0,1,insulation_failure
2026-06-01T12:01:33.800000,142.51,11.366,54.45,0.0806,0.0,25.0,-12.0,1.5,0.35,0,1,insulation_failure
2026-06-01T12:01:33.900000,140.21,12.113,55.22,0.1196,0.0,25.0,-12.0,1.5,0.35,0,1,insulation_failure
2026-06-01T12:01:34,140.64,11.497,54.35,0.1365,0.0,25.0,-12.0,1.5,0.35,0,1,insulation_failure
2026-06-01T12:01:34.100000,140.45,11.505,54.22,0.1461,0.0,25.0,-12.0,1.5,0.35,0,1,insulation_failure
2026-06-01T12:01:34.200000,141.33,11.334,55.8,0.11,0.0,25.0,-12.0,1.5,0.35,0,1,insulation_failure
2026-06-01T12:01:34.300000,138.44,11.272,53.58,0.1294,0.0,25.0,-12.0,1.5,0.35,0,1,insulation_failure
2026-06-01T12:01:34.400000,136.34,11.131,53.34,0.1183,0.0,25.0,-12.0,1.5,0.35,0,1,insulation_failure
2026-06-01T12:01:34.500000,139.7,11.402,54.17,0.0966,0.0,25.0,-12.0,1.5,0.35,0,1,insulation_failure
2026-06-01T12:01:34.600000,140.93,11.335,55.25,0.1023,0.0,25.0,-12.0,1.5,0.35,0,1,insulation_failure
2026-06-01T12:01:34.700000,140.36,11.891,55.47,0.1118,0.0,25.0,-12.0,1.5,0.35,0,1,insulation_failure
2026-06-01T12:01:34.800000,140.51,11.428,55.01,0.1135,0.0,25.0,-12.0,1.5,0.35,0,1,insulation_failure
2026-06-01T12:01:34.900000,139.67,11.564,54.21,0.0997,0.0,25.0,-12.0,1.5,0.35,0,1,insulation_failure
2026-06-01T12:01:35,137.22,11.02,54.03,0.1232,0.0,25.0,-12.0,1.5,0.35,0,1,insulation_failure
2026-06-01T12:01:35.100000,138.21,11.654,55.03,0.0806,0.0,25.0,-12.0,1.5,0.35,0,1,insulation_failure
2026-06-01T12:01:35.200000,141.31,11.743,54.2,0.1284,0.0,25.0,-12.0,1.5,0.35,0,1,insulation_failure
2026-06-01T12:01:35.300000,138.29,11.529,53.99,0.0841,0.0,25.0,-12.0,1.5,0.35,0,1,insulation_failure
2026-06-01T12:01:35.400000,139.23,11.463,54.68,0.0963,0.0,25.0,-12.0,1.5,0.35,0,1,insulation_failure
2026-06-01T12:01:35.500000,139.2,11.581,54.96,0.1237,0.0,25.0,-12.0,1.5,0.35,0,1,insulation_failure
2026-06-01T12:01:35.600000,138.66,11.852,54.06,0.1298,0.0,25.0,-12.0,1.5,0.35,0,1,insulation_failure
2026-06-01T12:01:35.700000,142.36,11.644,54.84,0.1094,0.0,25.0,-12.0,1.5,0.35,0,1,insulation_failure
2026-06-01T12:01:35.800000,142.07,11.073,54.22,0.112,0.0,25.0,-12.0,1.5,0.35,0,1,insulation_failure
2026-06-01T12:01:35.900000,142.48,11.614,54.23,0.1138,0.0,25.0,-12.0,1.5,0.35,0,1,insulation_failure
2026-06-01T12:01:36,138.77,11.287,55.78,0.0926,0.0,25.0,-12.0,1.5,0.35,0,1,insulation_failure
2026-06-01T12:01:36.100000,143.22,11.748,55.87,0.1107,0.0,25.0,-12.0,1.5,0.35,0,1,insulation_failure
2026-06-01T12:01:36.200000,139.7,11.07,54.58,0.1299,0.0,25.0,-12.0,1.5,0.35,0,1,insulation_failure
2026-06-01T12:01:36.300000,142.59,11.168,54.71,0.117,0.0,25.0,-12.0,1.5,0.35,0,1,insulation_failure
2026-06-01T12:01:36.400000,137.21,11.677,54.42,0.1161,0.0,25.0,-12.0,1.5,0.35,0,1,insulation_failure
2026-06-01T12:01:36.500000,139.1,11.263,54.99,0.1157,0.0,25.0,-12.0,1.5,0.35,0,1,insulation_failure
2026-06-01T12:01:36.600000,139.26,11.281,55.26,0.1531,0.0,25.0,-12.0,1.5,0.35,0,1,insulation_failure
2026-06-01T12:01:36.700000,140.28,11.799,53.89,0.1232,0.0,25.0,-12.0,1.5,0.35,0,1,insulation_failure
2026-06-01T12:01:36.800000,137.81,11.057,54.41,0.1438,0.0,25.0,-12.0,1.5,0.35,0,1,insulation_failure
2026-06-01T12:01:36.900000,141.9,11.573,53.77,0.1161,0.0,25.0,-12.0,1.5,0.35,0,1,insulation_failure
2026-06-01T12:01:37,140.6,11.553,53.52,0.1022,0.0,25.0,-12.0,1.5,0.35,0,1,insulation_failure
2026-06-01T12:01:37.100000,139.87,11.661,53.24,0.1168,0.0,25.0,-12.0,1.5,0.35,0,1,insulation_failure
2026-06-01T12:01:37.200000,140.29,11.755,55.55,0.1317,0.0,25.0,-12.0,1.5,0.35,0,1,insulation_failure
2026-06-01T12:01:37.300000,138.4,10.928,54.69,0.14,0.0,25.0,-12.0,1.5,0.35,0,1,insulation_failure
2026-06-01T12:01:37.400000,142.79,11.713,55.34,0.1276,0.0,25.0,-12.0,1.5,0.35,0,1,insulation_failure
2026-06-01T12:01:37.500000,138.89,11.461,56.34,0.1011,0.0,25.0,-12.0,1.5,0.35,0,1,insulation_failure
2026-06-01T12:01:37.600000,143.23,11.403,56.06,0.0919,0.0,25.0,-12.0,1.5,0.35,0,1,insulation_failure
2026-06-01T12:01:37.700000,141.17,11.279,53.87,0.1244,0.0,25.0,-12.0,1.5,0.35,0,1,insulation_failure
2026-06-01T12:01:37.800000,142.02,11.247,53.8,0.1182,0.0,25.0,-12.0,1.5,0.35,0,1,insulation_failure
2026-06-01T12:01:37.900000,139.83,11.664,55.76,0.1188,0.0,25.0,-12.0,1.5,0.35,0,1,insulation_failure
2026-06-01T12:01:38,143.71,11.567,54.72,0.0878,0.0,25.0,-12.0,1.5,0.35,0,1,insulation_failure
2026-06-01T12:01:38.100000,139.47,11.399,55.77,0.1292,0.0,25.0,-12.0,1.5,0.35,0,1,insulation_failure
2026-06-01T12:01:38.200000,137.64,11.552,55.54,0.1506,0.0,25.0,-12.0,1.5,0.35,0,1,insulation_failure
2026-06-01T12:01:38.300000,141.78,11.728,55.05,0.1278,0.0,25.0,-12.0,1.5,0.35,0,1,insulation_failure
2026-06-01T12:01:38.400000,142.5,11.1,54.72,0.1045,0.0,25.0,-12.0,1.5,0.35,0,1,insulation_failure
2026-06-01T12:01:38.500000,140.76,11.869,54.52,0.0722,0.0,25.0,-12.0,1.5,0.35,0,1,insulation_failure
2026-06-01T12:01:38.600000,139.18,11.774,55.43,0.1286,0.0,25.0,-12.0,1.5,0.35,0,1,insulation_failure
2026-06-01T12:01:38.700000,139.44,11.116,55.41,0.1033,0.0,25.0,-12.0,1.5,0.35,0,1,insulation_failure
2026-06-01T12:01:38.800000,144.37,11.671,54.54,0.1078,0.0,25.0,-12.0,1.5,0.35,0,1,insulation_failure
2026-06-01T12:01:38.900000,139.81,11.428,55.89,0.1237,0.0,25.0,-12.0,1.5,0.35,0,1,insulation_failure
2026-06-01T12:01:39,138.54,12.067,55.04,0.1354,0.0,25.0,-12.0,1.5,0.35,0,1,insulation_failure
2026-06-01T12:01:39.100000,138.78,11.609,55.25,0.0822,0.0,25.0,-12.0,1.5,0.35,0,1,insulation_failure
2026-06-01T12:01:39.200000,144.03,11.887,54.68,0.098,0.0,25.0,-12.0,1.5,0.35,0,1,insulation_failure
2026-06-01T12:01:39.300000,140.7,11.526,55.28,0.1238,0.0,25.0,-12.0,1.5,0.35,0,1,insulation_failure
2026-06-01T12:01:39.400000,141.01,11.934,55.45,0.099,0.0,25.0,-12.0,1.5,0.35,0,1,insulation_failure
2026-06-01T12:01:39.500000,142.73,11.992,57.52,0.0975,0.0,25.0,-12.0,1.5,0.35,0,1,insulation_failure
2026-06-01T12:01:39.600000,140.49,10.875,55.44,0.109,0.0,25.0,-12.0,1.5,0.35,0,1,insulation_failure
2026-06-01T12:01:39.700000,143.85,11.268,53.65,0.1106,0.0,25.0,-12.0,1.5,0.35,0,1,insulation_failure
2026-06-01T12:01:39.800000,136.05,11.725,53.35,0.1206,0.0,25.0,-12.0,1.5,0.35,0,1,insulation_failure
2026-06-01T12:01:39.900000,135.84,11.404,56.31,0.1272,0.0,25.0,-12.0,1.5,0.35,0,1,insulation_failure
2026-06-01T12:01:40,9.85,0.059,22.01,0.0284,0.0,25.0,-12.0,1.5,0.35,0,1,cable_cut
2026-06-01T12:01:40.100000,7.37,0.098,22.19,0.0229,0.0,25.0,-12.0,1.5,0.35,0,1,cable_cut
2026-06-01T12:01:40.200000,5.75,0.061,21.8,0.0158,0.0,25.0,-12.0,1.5,0.35,0,1,cable_cut
2026-06-01T12:01:40.300000,10.05,0.127,22.25,0.0119,0.0,25.0,-12.0,1.5,0.35,0,1,cable_cut
2026-06-01T12:01:40.400000,10.77,0.062,21.97,0.0353,0.0,25.0,-12.0,1.5,0.35,0,1,cable_cut
2026-06-01T12:01:40.500000,7.62,0.092,21.77,0.0112,0.0,25.0,-12.0,1.5,0.35,0,1,cable_cut
2026-06-01T12:01:40.600000,9.49,0.108,21.26,0.0195,0.0,25.0,-12.0,1.5,0.35,0,1,cable_cut
2026-06-01T12:01:40.700000,6.07,0.087,22.31,0.013,0.0,25.0,-12.0,1.5,0.35,0,1,cable_cut
2026-06-01T12:01:40.800000,12.67,0.147,22.64,0.0186,0.0,25.0,-12.0,1.5,0.35,0,1,cable_cut
2026-06-01T12:01:40.900000,11.31,0.096,22.32,0.0245,0.0,25.0,-12.0,1.5,0.35,0,1,cable_cut
2026-06-01T12:01:41,12.58,0.078,22.21,0.0117,0.0,25.0,-12.0,1.5,0.35,0,1,cable_cut
2026-06-01T12:01:41.100000,9.86,0.141,21.91,0.0283,0.0,25.0,-12.0,1.5,0.35,0,1,cable_cut
2026-06-01T12:01:41.200000,10.46,0.075,22.37,0.0268,0.0,25.0,-12.0,1.5,0.35,0,1,cable_cut
2026-06-01T12:01:41.300000,10.15,0.06,21.83,0.0105,0.0,25.0,-12.0,1.5,0.35,0,1,cable_cut
2026-06-01T12:01:41.400000,14.64,0.088,21.7,0.0305,0.0,25.0,-12.0,1.5,0.35,0,1,cable_cut
2026-06-01T12:01:41.500000,14.33,0.108,22.07,0.0138,0.0,25.0,-12.0,1.5,0.35,0,1,cable_cut
2026-06-01T12:01:41.600000,10.82,0.127,22.38,0.0295,0.0,25.0,-12.0,1.5,0.35,0,1,cable_cut
2026-06-01T12:01:41.700000,13.99,0.112,21.91,0.0139,0.0,25.0,-12.0,1.5,0.35,0,1,cable_cut
2026-06-01T12:01:41.800000,8.1,0.07,22.08,0.0303,0.0,25.0,-12.0,1.5,0.35,0,1,cable_cut
2026-06-01T12:01:41.900000,8.01,0.068,22.12,0.0327,0.0,25.0,-12.0,1.5,0.35,0,1,cable_cut
2026-06-01T12:01:42,9.74,0.073,21.82,0.0198,0.0,25.0,-12.0,1.5,0.35,0,1,cable_cut
2026-06-01T12:01:42.100000,9.69,0.065,22.05,0.0395,0.0,25.0,-12.0,1.5,0.35,0,1,cable_cut
2026-06-01T12:01:42.200000,7.09,0.063,22.25,0.0228,0.0,25.0,-12.0,1.5,0.35,0,1,cable_cut
2026-06-01T12:01:42.300000,10.65,0.052,21.72,0.011,0.0,25.0,-12.0,1.5,0.35,0,1,cable_cut
2026-06-01T12:01:42.400000,9.46,0.132,22.34,0.0216,0.0,25.0,-12.0,1.5,0.35,0,1,cable_cut
2026-06-01T12:01:42.500000,13.3,0.063,22.03,0.0381,0.0,25.0,-12.0,1.5,0.35,0,1,cable_cut
2026-06-01T12:01:42.600000,12.51,0.144,21.56,0.0381,0.0,25.0,-12.0,1.5,0.35,0,1,cable_cut
2026-06-01T12:01:42.700000,7.76,0.083,22.57,0.031,0.0,25.0,-12.0,1.5,0.35,0,1,cable_cut
2026-06-01T12:01:42.800000,12.65,0.143,22.24,0.0322,0.0,25.0,-12.0,1.5,0.35,0,1,cable_cut
2026-06-01T12:01:42.900000,5.64,0.089,21.76,0.0185,0.0,25.0,-12.0,1.5,0.35,0,1,cable_cut
2026-06-01T12:01:43,8.04,0.148,22.54,0.0393,0.0,25.0,-12.0,1.5,0.35,0,1,cable_cut
2026-06-01T12:01:43.100000,8.77,0.13,22.35,0.023,0.0,25.0,-12.0,1.5,0.35,0,1,cable_cut
2026-06-01T12:01:43.200000,13.7,0.068,22.46,0.0218,0.0,25.0,-12.0,1.5,0.35,0,1,cable_cut
2026-06-01T12:01:43.300000,11.08,0.094,21.69,0.0323,0.0,25.0,-12.0,1.5,0.35,0,1,cable_cut
2026-06-01T12:01:43.400000,7.28,0.056,21.9,0.015,0.0,25.0,-12.0,1.5,0.35,0,1,cable_cut
2026-06-01T12:01:43.500000,8.55,0.09,21.24,0.0117,0.0,25.0,-12.0,1.5,0.35,0,1,cable_cut
2026-06-01T12:01:43.600000,10.83,0.138,22.12,0.0299,0.0,25.0,-12.0,1.5,0.35,0,1,cable_cut
2026-06-01T12:01:43.700000,9.19,0.12,21.56,0.0223,0.0,25.0,-12.0,1.5,0.35,0,1,cable_cut
2026-06-01T12:01:43.800000,10.05,0.051,22.43,0.0112,0.0,25.0,-12.0,1.5,0.35,0,1,cable_cut
2026-06-01T12:01:43.900000,8.68,0.148,22.51,0.0226,0.0,25.0,-12.0,1.5,0.35,0,1,cable_cut
2026-06-01T12:01:44,10.02,0.141,22.25,0.0339,0.0,25.0,-12.0,1.5,0.35,0,1,cable_cut
2026-06-01T12:01:44.100000,13.64,0.096,22.66,0.0243,0.0,25.0,-12.0,1.5,0.35,0,1,cable_cut
2026-06-01T12:01:44.200000,8.86,0.147,21.79,0.0359,0.0,25.0,-12.0,1.5,0.35,0,1,cable_cut
2026-06-01T12:01:44.300000,9.81,0.057,22.1,0.0265,0.0,25.0,-12.0,1.5,0.35,0,1,cable_cut
2026-06-01T12:01:44.400000,9.17,0.138,22.21,0.0267,0.0,25.0,-12.0,1.5,0.35,0,1,cable_cut
2026-06-01T12:01:44.500000,5.55,0.147,21.81,0.0254,0.0,25.0,-12.0,1.5,0.35,0,1,cable_cut
2026-06-01T12:01:44.600000,7.91,0.097,21.83,0.0158,0.0,25.0,-12.0,1.5,0.35,0,1,cable_cut
2026-06-01T12:01:44.700000,6.29,0.08,22.32,0.0334,0.0,25.0,-12.0,1.5,0.35,0,1,cable_cut
2026-06-01T12:01:44.800000,9.72,0.073,21.81,0.0382,0.0,25.0,-12.0,1.5,0.35,0,1,cable_cut
2026-06-01T12:01:44.900000,8.43,0.149,21.61,0.0246,0.0,25.0,-12.0,1.5,0.35,0,1,cable_cut
2026-06-01T12:01:45,6.79,0.139,22.73,0.0395,0.0,25.0,-12.0,1.5,0.35,0,1,cable_cut
2026-06-01T12:01:45.100000,5.5,0.06,21.86,0.0316,0.0,25.0,-12.0,1.5,0.35,0,1,cable_cut
2026-06-01T12:01:45.200000,7.82,0.068,21.81,0.024,0.0,25.0,-12.0,1.5,0.35,0,1,cable_cut
2026-06-01T12:01:45.300000,11.06,0.093,22.14,0.0108,0.0,25.0,-12.0,1.5,0.35,0,1,cable_cut
2026-06-01T12:01:45.400000,12.84,0.051,22.16,0.023,0.0,25.0,-12.0,1.5,0.35,0,1,cable_cut
2026-06-01T12:01:45.500000,10.36,0.098,22.11,0.0217,0.0,25.0,-12.0,1.5,0.35,0,1,cable_cut
2026-06-01T12:01:45.600000,13.87,0.139,22.44,0.0378,0.0,25.0,-12.0,1.5,0.35,0,1,cable_cut
2026-06-01T12:01:45.700000,14.62,0.101,21.37,0.0236,0.0,25.0,-12.0,1.5,0.35,0,1,cable_cut
2026-06-01T12:01:45.800000,7.79,0.146,22.1,0.0185,0.0,25.0,-12.0,1.5,0.35,0,1,cable_cut
2026-06-01T12:01:45.900000,7.79,0.09,21.56,0.04,0.0,25.0,-12.0,1.5,0.35,0,1,cable_cut
2026-06-01T12:01:46,5.55,0.108,22.2,0.0178,0.0,25.0,-12.0,1.5,0.35,0,1,cable_cut
2026-06-01T12:01:46.100000,8.16,0.059,20.86,0.0191,0.0,25.0,-12.0,1.5,0.35,0,1,cable_cut
2026-06-01T12:01:46.200000,14.67,0.144,22.32,0.0373,0.0,25.0,-12.0,1.5,0.35,0,1,cable_cut
2026-06-01T12:01:46.300000,5.06,0.131,21.26,0.0385,0.0,25.0,-12.0,1.5,0.35,0,1,cable_cut
2026-06-01T12:01:46.400000,5.91,0.066,22.02,0.0104,0.0,25.0,-12.0,1.5,0.35,0,1,cable_cut
2026-06-01T12:01:46.500000,7.58,0.095,22.22,0.0308,0.0,25.0,-12.0,1.5,0.35,0,1,cable_cut
2026-06-01T12:01:46.600000,12.33,0.15,22.13,0.026,0.0,25.0,-12.0,1.5,0.35,0,1,cable_cut
2026-06-01T12:01:46.700000,9.06,0.067,21.28,0.0393,0.0,25.0,-12.0,1.5,0.35,0,1,cable_cut
2026-06-01T12:01:46.800000,13.53,0.1,21.45,0.0263,0.0,25.0,-12.0,1.5,0.35,0,1,cable_cut
2026-06-01T12:01:46.900000,11.95,0.102,22.21,0.0397,0.0,25.0,-12.0,1.5,0.35,0,1,cable_cut
2026-06-01T12:01:47,11.11,0.087,21.76,0.0215,0.0,25.0,-12.0,1.5,0.35,0,1,cable_cut
2026-06-01T12:01:47.100000,8.47,0.093,22.2,0.0335,0.0,25.0,-12.0,1.5,0.35,0,1,cable_cut
2026-06-01T12:01:47.200000,9.84,0.129,21.26,0.0343,0.0,25.0,-12.0,1.5,0.35,0,1,cable_cut
2026-06-01T12:01:47.300000,7.38,0.072,22.36,0.0251,0.0,25.0,-12.0,1.5,0.35,0,1,cable_cut
2026-06-01T12:01:47.400000,7.61,0.051,22.07,0.0234,0.0,25.0,-12.0,1.5,0.35,0,1,cable_cut
2026-06-01T12:01:47.500000,14.67,0.107,22.88,0.0359,0.0,25.0,-12.0,1.5,0.35,0,1,cable_cut
2026-06-01T12:01:47.600000,6.39,0.107,22.09,0.0315,0.0,25.0,-12.0,1.5,0.35,0,1,cable_cut
2026-06-01T12:01:47.700000,8.72,0.059,22.41,0.0237,0.0,25.0,-12.0,1.5,0.35,0,1,cable_cut
2026-06-01T12:01:47.800000,8.94,0.137,22.3,0.039,0.0,25.0,-12.0,1.5,0.35,0,1,cable_cut
2026-06-01T12:01:47.900000,9.43,0.082,21.88,0.0258,0.0,25.0,-12.0,1.5,0.35,0,1,cable_cut
2026-06-01T12:01:48,11.88,0.077,21.95,0.0206,0.0,25.0,-12.0,1.5,0.35,0,1,cable_cut
2026-06-01T12:01:48.100000,8.16,0.099,21.79,0.0196,0.0,25.0,-12.0,1.5,0.35,0,1,cable_cut
2026-06-01T12:01:48.200000,6.92,0.081,21.97,0.0233,0.0,25.0,-12.0,1.5,0.35,0,1,cable_cut
2026-06-01T12:01:48.300000,10.77,0.148,22.15,0.0172,0.0,25.0,-12.0,1.5,0.35,0,1,cable_cut
2026-06-01T12:01:48.400000,11.81,0.122,21.69,0.0303,0.0,25.0,-12.0,1.5,0.35,0,1,cable_cut
2026-06-01T12:01:48.500000,5.64,0.11,22.08,0.0322,0.0,25.0,-12.0,1.5,0.35,0,1,cable_cut
2026-06-01T12:01:48.600000,7.11,0.134,21.41,0.014,0.0,25.0,-12.0,1.5,0.35,0,1,cable_cut
2026-06-01T12:01:48.700000,14.53,0.057,21.92,0.016,0.0,25.0,-12.0,1.5,0.35,0,1,cable_cut
2026-06-01T12:01:48.800000,8.48,0.112,21.58,0.0187,0.0,25.0,-12.0,1.5,0.35,0,1,cable_cut
2026-06-01T12:01:48.900000,7.39,0.071,22.05,0.0223,0.0,25.0,-12.0,1.5,0.35,0,1,cable_cut
2026-06-01T12:01:49,12.04,0.072,21.48,0.0393,0.0,25.0,-12.0,1.5,0.35,0,1,cable_cut
2026-06-01T12:01:49.100000,14.55,0.13,21.36,0.0172,0.0,25.0,-12.0,1.5,0.35,0,1,cable_cut
2026-06-01T12:01:49.200000,5.68,0.082,22.02,0.0333,0.0,25.0,-12.0,1.5,0.35,0,1,cable_cut
2026-06-01T12:01:49.300000,13.58,0.134,21.3,0.0208,0.0,25.0,-12.0,1.5,0.35,0,1,cable_cut
2026-06-01T12:01:49.400000,11.87,0.081,22.06,0.0103,0.0,25.0,-12.0,1.5,0.35,0,1,cable_cut
2026-06-01T12:01:49.500000,9.09,0.083,21.87,0.0308,0.0,25.0,-12.0,1.5,0.35,0,1,cable_cut
2026-06-01T12:01:49.600000,12.66,0.08,21.76,0.0234,0.0,25.0,-12.0,1.5,0.35,0,1,cable_cut
2026-06-01T12:01:49.700000,12.27,0.119,22.36,0.0396,0.0,25.0,-12.0,1.5,0.35,0,1,cable_cut
2026-06-01T12:01:49.800000,7.25,0.116,22.3,0.0147,0.0,25.0,-12.0,1.5,0.35,0,1,cable_cut
2026-06-01T12:01:49.900000,12.52,0.107,22.08,0.0182,0.0,25.0,-12.0,1.5,0.35,0,1,cable_cut
2026-06-01T12:01:50,9.74,0.083,22.38,0.0271,0.0,25.0,-12.0,1.5,0.35,0,1,cable_cut
2026-06-01T12:01:50.100000,11.32,0.102,22.08,0.0115,0.0,25.0,-12.0,1.5,0.35,0,1,cable_cut
2026-06-01T12:01:50.200000,7.33,0.099,21.62,0.0251,0.0,25.0,-12.0,1.5,0.35,0,1,cable_cut
2026-06-01T12:01:50.300000,8.23,0.076,21.78,0.0239,0.0,25.0,-12.0,1.5,0.35,0,1,cable_cut
2026-06-01T12:01:50.400000,6.33,0.143,22.16,0.0132,0.0,25.0,-12.0,1.5,0.35,0,1,cable_cut
2026-06-01T12:01:50.500000,12.76,0.131,22.29,0.033,0.0,25.0,-12.0,1.5,0.35,0,1,cable_cut
2026-06-01T12:01:50.600000,6.14,0.114,22.11,0.0294,0.0,25.0,-12.0,1.5,0.35,0,1,cable_cut
2026-06-01T12:01:50.700000,9.58,0.103,22.48,0.011,0.0,25.0,-12.0,1.5,0.35,0,1,cable_cut
2026-06-01T12:01:50.800000,11.39,0.058,21.3,0.0264,0.0,25.0,-12.0,1.5,0.35,0,1,cable_cut
2026-06-01T12:01:50.900000,6.33,0.119,21.78,0.0339,0.0,25.0,-12.0,1.5,0.35,0,1,cable_cut
2026-06-01T12:01:51,6.63,0.06,21.05,0.0132,0.0,25.0,-12.0,1.5,0.35,0,1,cable_cut
2026-06-01T12:01:51.100000,11.5,0.137,22.82,0.0348,0.0,25.0,-12.0,1.5,0.35,0,1,cable_cut
2026-06-01T12:01:51.200000,11.26,0.058,21.76,0.0178,0.0,25.0,-12.0,1.5,0.35,0,1,cable_cut
2026-06-01T12:01:51.300000,8.85,0.144,21.84,0.0283,0.0,25.0,-12.0,1.5,0.35,0,1,cable_cut
2026-06-01T12:01:51.400000,13.35,0.121,22.13,0.0183,0.0,25.0,-12.0,1.5,0.35,0,1,cable_cut
2026-06-01T12:01:51.500000,11.39,0.084,21.79,0.0399,0.0,25.0,-12.0,1.5,0.35,0,1,cable_cut
2026-06-01T12:01:51.600000,7.64,0.078,22.43,0.0351,0.0,25.0,-12.0,1.5,0.35,0,1,cable_cut
2026-06-01T12:01:51.700000,14.74,0.148,22.38,0.012,0.0,25.0,-12.0,1.5,0.35,0,1,cable_cut
2026-06-01T12:01:51.800000,13.22,0.115,21.65,0.0295,0.0,25.0,-12.0,1.5,0.35,0,1,cable_cut
2026-06-01T12:01:51.900000,14.82,0.141,22.14,0.0232,0.0,25.0,-12.0,1.5,0.35,0,1,cable_cut
2026-06-01T12:01:52,5.4,0.086,22.22,0.0238,0.0,25.0,-12.0,1.5,0.35,0,1,cable_cut
2026-06-01T12:01:52.100000,5.55,0.093,22.35,0.0241,0.0,25.0,-12.0,1.5,0.35,0,1,cable_cut
2026-06-01T12:01:52.200000,14.29,0.114,22.1,0.012,0.0,25.0,-12.0,1.5,0.35,0,1,cable_cut
2026-06-01T12:01:52.300000,14.73,0.086,21.22,0.0243,0.0,25.0,-12.0,1.5,0.35,0,1,cable_cut
2026-06-01T12:01:52.400000,8.55,0.118,22.5,0.018,0.0,25.0,-12.0,1.5,0.35,0,1,cable_cut
2026-06-01T12:01:52.500000,8.16,0.063,22.38,0.0297,0.0,25.0,-12.0,1.5,0.35,0,1,cable_cut
2026-06-01T12:01:52.600000,5.4,0.11,21.29,0.0123,0.0,25.0,-12.0,1.5,0.35,0,1,cable_cut
2026-06-01T12:01:52.700000,11.71,0.132,21.11,0.0173,0.0,25.0,-12.0,1.5,0.35,0,1,cable_cut
2026-06-01T12:01:52.800000,9.21,0.134,21.86,0.0265,0.0,25.0,-12.0,1.5,0.35,0,1,cable_cut
2026-06-01T12:01:52.900000,6.92,0.06,22.2,0.0373,0.0,25.0,-12.0,1.5,0.35,0,1,cable_cut
2026-06-01T12:01:53,13.21,0.126,21.23,0.0264,0.0,25.0,-12.0,1.5,0.35,0,1,cable_cut
2026-06-01T12:01:53.100000,5.91,0.126,21.7,0.0275,0.0,25.0,-12.0,1.5,0.35,0,1,cable_cut
2026-06-01T12:01:53.200000,6.87,0.069,22.46,0.0105,0.0,25.0,-12.0,1.5,0.35,0,1,cable_cut
2026-06-01T12:01:53.300000,5.49,0.107,22.12,0.0346,0.0,25.0,-12.0,1.5,0.35,0,1,cable_cut
2026-06-01T12:01:53.400000,8.27,0.085,21.38,0.0108,0.0,25.0,-12.0,1.5,0.35,0,1,cable_cut
2026-06-01T12:01:53.500000,12.35,0.113,22.26,0.0274,0.0,25.0,-12.0,1.5,0.35,0,1,cable_cut
2026-06-01T12:01:53.600000,12.42,0.118,21.77,0.0138,0.0,25.0,-12.0,1.5,0.35,0,1,cable_cut
2026-06-01T12:01:53.700000,6.3,0.118,21.54,0.0358,0.0,25.0,-12.0,1.5,0.35,0,1,cable_cut
2026-06-01T12:01:53.800000,14.63,0.113,22.13,0.0285,0.0,25.0,-12.0,1.5,0.35,0,1,cable_cut
2026-06-01T12:01:53.900000,12.81,0.12,22.51,0.035,0.0,25.0,-12.0,1.5,0.35,0,1,cable_cut
2026-06-01T12:01:54,5.56,0.125,21.82,0.0292,0.0,25.0,-12.0,1.5,0.35,0,1,cable_cut
2026-06-01T12:01:54.100000,8.14,0.146,22.3,0.011,0.0,25.0,-12.0,1.5,0.35,0,1,cable_cut
2026-06-01T12:01:54.200000,10.8,0.067,21.66,0.0171,0.0,25.0,-12.0,1.5,0.35,0,1,cable_cut
2026-06-01T12:01:54.300000,9.94,0.141,22.22,0.0164,0.0,25.0,-12.0,1.5,0.35,0,1,cable_cut
2026-06-01T12:01:54.400000,6.44,0.126,22.35,0.0144,0.0,25.0,-12.0,1.5,0.35,0,1,cable_cut
2026-06-01T12:01:54.500000,11.46,0.073,22.0,0.0147,0.0,25.0,-12.0,1.5,0.35,0,1,cable_cut
2026-06-01T12:01:54.600000,11.83,0.109,21.68,0.0234,0.0,25.0,-12.0,1.5,0.35,0,1,cable_cut
2026-06-01T12:01:54.700000,9.05,0.148,22.43,0.0188,0.0,25.0,-12.0,1.5,0.35,0,1,cable_cut
2026-06-01T12:01:54.800000,7.95,0.085,21.37,0.0375,0.0,25.0,-12.0,1.5,0.35,0,1,cable_cut
2026-06-01T12:01:54.900000,7.66,0.14,22.17,0.0131,0.0,25.0,-12.0,1.5,0.35,0,1,cable_cut
2026-06-01T12:01:55,11.57,0.141,22.26,0.0303,0.0,25.0,-12.0,1.5,0.35,0,1,cable_cut
2026-06-01T12:01:55.100000,8.02,0.069,21.97,0.0191,0.0,25.0,-12.0,1.5,0.35,0,1,cable_cut
2026-06-01T12:01:55.200000,5.93,0.064,21.93,0.0339,0.0,25.0,-12.0,1.5,0.35,0,1,cable_cut
2026-06-01T12:01:55.300000,6.41,0.063,21.63,0.0293,0.0,25.0,-12.0,1.5,0.35,0,1,cable_cut
2026-06-01T12:01:55.400000,6.97,0.06,21.8,0.0297,0.0,25.0,-12.0,1.5,0.35,0,1,cable_cut
2026-06-01T12:01:55.500000,10.37,0.118,22.43,0.0305,0.0,25.0,-12.0,1.5,0.35,0,1,cable_cut
2026-06-01T12:01:55.600000,11.29,0.077,21.98,0.0367,0.0,25.0,-12.0,1.5,0.35,0,1,cable_cut
2026-06-01T12:01:55.700000,10.69,0.133,21.78,0.0397,0.0,25.0,-12.0,1.5,0.35,0,1,cable_cut
2026-06-01T12:01:55.800000,6.64,0.119,22.3,0.0132,0.0,25.0,-12.0,1.5,0.35,0,1,cable_cut
2026-06-01T12:01:55.900000,12.81,0.141,21.74,0.0215,0.0,25.0,-12.0,1.5,0.35,0,1,cable_cut
2026-06-01T12:01:56,11.31,0.093,21.27,0.0329,0.0,25.0,-12.0,1.5,0.35,0,1,cable_cut
2026-06-01T12:01:56.100000,14.36,0.144,21.76,0.0152,0.0,25.0,-12.0,1.5,0.35,0,1,cable_cut
2026-06-01T12:01:56.200000,13.75,0.124,21.96,0.018,0.0,25.0,-12.0,1.5,0.35,0,1,cable_cut
2026-06-01T12:01:56.300000,14.12,0.113,21.98,0.0316,0.0,25.0,-12.0,1.5,0.35,0,1,cable_cut
2026-06-01T12:01:56.400000,7.57,0.122,21.97,0.0288,0.0,25.0,-12.0,1.5,0.35,0,1,cable_cut
2026-06-01T12:01:56.500000,6.46,0.132,21.88,0.0171,0.0,25.0,-12.0,1.5,0.35,0,1,cable_cut
2026-06-01T12:01:56.600000,11.52,0.091,21.64,0.0105,0.0,25.0,-12.0,1.5,0.35,0,1,cable_cut
2026-06-01T12:01:56.700000,14.1,0.077,22.09,0.0346,0.0,25.0,-12.0,1.5,0.35,0,1,cable_cut
2026-06-01T12:01:56.800000,14.99,0.071,22.34,0.039,0.0,25.0,-12.0,1.5,0.35,0,1,cable_cut
2026-06-01T12:01:56.900000,14.16,0.1,21.51,0.0339,0.0,25.0,-12.0,1.5,0.35,0,1,cable_cut
2026-06-01T12:01:57,6.36,0.148,21.76,0.0182,0.0,25.0,-12.0,1.5,0.35,0,1,cable_cut
2026-06-01T12:01:57.100000,13.16,0.088,21.88,0.0127,0.0,25.0,-12.0,1.5,0.35,0,1,cable_cut
2026-06-01T12:01:57.200000,8.42,0.148,21.53,0.015,0.0,25.0,-12.0,1.5,0.35,0,1,cable_cut
2026-06-01T12:01:57.300000,14.86,0.132,22.73,0.0184,0.0,25.0,-12.0,1.5,0.35,0,1,cable_cut
2026-06-01T12:01:57.400000,5.7,0.056,22.08,0.0379,0.0,25.0,-12.0,1.5,0.35,0,1,cable_cut
2026-06-01T12:01:57.500000,9.97,0.134,21.61,0.0234,0.0,25.0,-12.0,1.5,0.35,0,1,cable_cut
2026-06-01T12:01:57.600000,12.09,0.123,21.82,0.0291,0.0,25.0,-12.0,1.5,0.35,0,1,cable_cut
2026-06-01T12:01:57.700000,5.71,0.086,21.57,0.026,0.0,25.0,-12.0,1.5,0.35,0,1,cable_cut
2026-06-01T12:01:57.800000,14.96,0.097,21.89,0.0339,0.0,25.0,-12.0,1.5,0.35,0,1,cable_cut
2026-06-01T12:01:57.900000,10.95,0.139,22.52,0.0223,0.0,25.0,-12.0,1.5,0.35,0,1,cable_cut
2026-06-01T12:01:58,11.04,0.113,21.56,0.0128,0.0,25.0,-12.0,1.5,0.35,0,1,cable_cut
2026-06-01T12:01:58.100000,5.17,0.137,21.9,0.0171,0.0,25.0,-12.0,1.5,0.35,0,1,cable_cut
2026-06-01T12:01:58.200000,7.12,0.124,22.03,0.0149,0.0,25.0,-12.0,1.5,0.35,0,1,cable_cut
2026-06-01T12:01:58.300000,14.6,0.135,21.19,0.0359,0.0,25.0,-12.0,1.5,0.35,0,1,cable_cut
2026-06-01T12:01:58.400000,9.07,0.126,22.02,0.0237,0.0,25.0,-12.0,1.5,0.35,0,1,cable_cut
2026-06-01T12:01:58.500000,10.18,0.051,21.88,0.0227,0.0,25.0,-12.0,1.5,0.35,0,1,cable_cut
2026-06-01T12:01:58.600000,12.18,0.094,21.65,0.0344,0.0,25.0,-12.0,1.5,0.35,0,1,cable_cut
2026-06-01T12:01:58.700000,10.88,0.071,22.31,0.0171,0.0,25.0,-12.0,1.5,0.35,0,1,cable_cut
2026-06-01T12:01:58.800000,11.28,0.133,21.38,0.036,0.0,25.0,-12.0,1.5,0.35,0,1,cable_cut
2026-06-01T12:01:58.900000,11.69,0.095,21.78,0.0246,0.0,25.0,-12.0,1.5,0.35,0,1,cable_cut
2026-06-01T12:01:59,7.04,0.113,21.19,0.027,0.0,25.0,-12.0,1.5,0.35,0,1,cable_cut
2026-06-01T12:01:59.100000,14.17,0.13,20.87,0.0235,0.0,25.0,-12.0,1.5,0.35,0,1,cable_cut
2026-06-01T12:01:59.200000,12.19,0.109,21.44,0.0239,0.0,25.0,-12.0,1.5,0.35,0,1,cable_cut
2026-06-01T12:01:59.300000,7.46,0.141,21.99,0.0201,0.0,25.0,-12.0,1.5,0.35,0,1,cable_cut
2026-06-01T12:01:59.400000,14.52,0.103,22.28,0.0139,0.0,25.0,-12.0,1.5,0.35,0,1,cable_cut
2026-06-01T12:01:59.500000,8.76,0.06,22.86,0.0287,0.0,25.0,-12.0,1.5,0.35,0,1,cable_cut
2026-06-01T12:01:59.600000,9.47,0.128,21.77,0.0222,0.0,25.0,-12.0,1.5,0.35,0,1,cable_cut
2026-06-01T12:01:59.700000,14.27,0.121,21.81,0.0226,0.0,25.0,-12.0,1.5,0.35,0,1,cable_cut
2026-06-01T12:01:59.800000,10.17,0.058,22.26,0.0133,0.0,25.0,-12.0,1.5,0.35,0,1,cable_cut
2026-06-01T12:01:59.900000,14.66,0.067,21.35,0.0294,0.0,25.0,-12.0,1.5,0.35,0,1,cable_cut
