timestamp,voltage,current,temperature,vibration,label,fault_type
2015-01-01 06:00:00,214.2092305038494,5.52235552733951,35.657236149280024,2.0550162335773243,0,none
2015-01-01 07:00:00,203.88860253387625,5.324191103308708,29.77233773849519,1.978731379023551,0,none
2015-01-01 08:00:00,210.16415744820583,6.891265719689621,23.017197973755174,1.5578108410195064,0,none
2015-01-01 09:00:00,203.56642533470236,4.612378353935835,34.37807661578543,1.874273922677796,0,none
2015-01-01 10:00:00,199.8116118682424,5.734558037372341,35.2592999927257,1.1846010970695533,0,none
2015-01-01 11:00:00,211.3363242206668,5.671002016414069,29.928172284468417,1.625092043953335,0,none
2015-01-01 12:00:00,198.99609748387056,6.535621880138957,35.21555296284943,1.9486473421456807,0,none
2015-01-01 13:00:00,211.35020636362265,5.410683290375866,31.62309884260219,1.6172066177937974,0,none
2015-01-01 14:00:00,213.51802629336848,5.272643252579984,34.83764694499824,2.073001446546231,0,none
2015-01-01 15:00:00,208.7934936551244,6.054931971308216,32.90819525337375,1.818649874769806,0,none
2015-01-01 16:00:00,207.1241946718831,5.069339408831773,32.55158630638553,1.9450867815000816,0,none
2015-01-01 17:00:00,201.86506489044385,5.894373799429711,30.113207722607537,1.7567521744703365,0,none
2015-01-01 18:00:00,196.518165786056,6.429994704801786,26.616310777554464,2.0103891726484884,0,none
2015-01-01 19:00:00,219.2549884270384,5.518521847309707,29.11242027762084,1.885442665458028,0,none
2015-01-01 20:00:00,209.65777225625507,5.3205903828235455,29.02918883172516,1.8112729150222773,0,none
2015-01-01 21:00:00,219.04452829753825,6.571431877930929,26.532859351363243,2.32546826148424,0,none
2015-01-01 22:00:00,194.9569065783188,5.854611604699782,29.36709722188205,1.9197385569906549,0,none
2015-01-01 23:00:00,211.35996739326583,6.696787844628052,28.392391309994967,1.469844213862513,0,none
2015-01-02 00:00:00,217.2110633110238,6.380183579936898,30.1976993217501,1.7728456053559063,0,none
2015-01-02 01:00:00,209.0932644919328,6.791948085543622,24.234059449297472,1.830278676457885,0,none
2015-01-02 02:00:00,207.1769147837981,5.629843887742913,28.516142562156965,2.034718688377521,0,none
2015-01-02 03:00:00,200.32334715470188,5.5765226407681325,28.763075110401147,1.813188768641515,0,none
2015-01-02 04:00:00,233.2854559225538,5.330334288188779,30.13141646324732,1.482059415754213,0,none
2015-01-02 05:00:00,218.10862242982725,6.49419874648693,29.09716672587081,2.386287376981817,0,none
2015-01-02 06:00:00,230.57016702751483,5.88003258527837,36.07950305701611,1.3458182405432322,0,none
2015-01-02 07:00:00,210.3274105029054,5.096535299522568,32.41550917979869,1.6315435860451784,0,none
2015-01-02 08:00:00,202.07003379637996,6.37699858173914,26.92757896115741,1.959521836848157,0,none
2015-01-02 09:00:00,191.8348636785347,5.548850835873603,34.76570305111202,1.5589136115966702,0,none
2015-01-02 10:00:00,202.01559503106256,5.452701465642874,28.18593042566472,1.6847424840258265,0,none
2015-01-02 11:00:00,212.02470791058695,5.787412319815402,30.51233437214773,1.6917312788737524,0,none
2015-01-02 12:00:00,221.1632179615912,5.863211365787072,33.290675238709795,2.181486595127266,0,none
2015-01-02 13:00:00,212.3316729268773,5.105451638484469,31.12395672032972,1.9562778903543447,0,none
2015-01-02 14:00:00,195.796486195311,6.52014003915508,31.83708700305101,1.3976643543819498,0,none
2015-01-02 15:00:00,217.1593932227663,6.382463581911567,29.19889374679009,1.9644100546811831,0,none
2015-01-02 16:00:00,190.2470010375056,6.489149130102375,35.280658114925686,1.705640363122177,0,none
2015-01-02 17:00:00,205.15211437903804,5.598300052796995,32.11896174391505,1.9253775958494792,0,none
2015-01-02 18:00:00,205.72933101368756,6.46129168543527,40.31258860312372,2.057181572792242,0,none
2015-01-02 19:00:00,186.7867002874395,5.692638951716265,31.2300735553548,1.425655611900399,0,none
2015-01-02 20:00:00,220.0765064198682,5.469159206817016,26.720303615695855,1.7223931625431843,0,none
2015-01-02 21:00:00,202.16912320828493,5.875880988751129,36.40393858296415,1.6382890646104231,0,none
2015-01-02 22:00:00,205.5213692609358,5.516893672809049,24.83115618321201,1.943394862998395,0,none
2015-01-02 23:00:00,225.59045078904325,5.767050560367775,26.36504916918908,1.8489350663148567,0,none
2015-01-03 00:00:00,216.78753486967116,6.582354454211047,34.61773573011742,1.902010708554794,0,none
2015-01-03 01:00:00,208.1397619678396,6.420411037538122,35.9794067853596,1.6450388525528663,0,none
2015-01-03 02:00:00,215.36101068128983,6.821944856760702,31.79912069712672,1.6165883666812253,0,none
2015-01-03 03:00:00,214.0322174973669,6.676295669755786,28.73760149771157,1.6579546811904804,0,none
2015-01-03 04:00:00,228.6975019347956,5.526608848236993,29.91790745037688,2.1496349073386525,0,none
2015-01-03 05:00:00,212.60027591939456,6.4121031497470025,28.591771388945997,1.473252722952384,0,none
2015-01-03 06:00:00,215.2740792222062,6.043688483070501,30.170211024723955,2.4155235566333806,0,none
2015-01-03 07:00:00,213.4319521673686,6.377448166104726,32.76947969777186,2.182093673289045,0,none
2015-01-03 08:00:00,205.0199743435181,7.414735356529723,29.447654625375943,2.234407477255127,0,none
2015-01-03 09:00:00,210.53121148019645,5.972772630547181,26.360493601772568,2.1740108245216554,0,none
2015-01-03 10:00:00,228.4176580462913,5.89784498202185,30.751102245119817,2.3063552683532205,0,none
2015-01-03 11:00:00,199.2360204618713,5.363459680417851,30.834678281021205,2.493044613503564,0,none
2015-01-03 12:00:00,210.81138884924223,5.790707756246921,27.238434983849416,2.5418102928467934,0,none
2015-01-03 13:00:00,225.20724963369275,5.637705772908625,36.63612637394331,2.509632706622214,0,none
2015-01-03 14:00:00,206.675195814112,6.389117655841186,28.08990675420884,3.043007403528353,0,none
2015-01-03 15:00:00,197.1725688086468,6.168167247518889,26.530498209314604,2.1853292247936897,0,none
2015-01-03 16:00:00,199.3034387470355,6.069690768131775,33.40874835679269,2.2251421669225104,0,none
2015-01-03 17:00:00,204.87037893893967,5.664698387144504,32.80260347471052,1.9958099402313652,0,none
2015-01-03 18:00:00,199.56380447536608,5.491302952911113,28.98616413382461,2.2066400666705515,0,none
2015-01-03 19:00:00,206.37322487059973,5.614156623132836,27.17515019786468,2.640257449978648,0,none
2015-01-03 20:00:00,204.58843580497472,6.806158171651563,30.340356848321623,2.5725478384293985,0,none
2015-01-03 21:00:00,207.2737255331759,5.070065985885936,32.78693819327299,1.7900191003381671,0,none
2015-01-03 22:00:00,214.1225627202055,5.645879737306549,33.71611535862628,2.386688434728721,0,none
2015-01-03 23:00:00,216.64778258701327,4.964244314835435,27.192526019757143,2.240350322471635,0,none
2015-01-04 00:00:00,228.8756473384542,5.744578412461337,32.56914868633408,2.276499753679832,0,none
2015-01-04 01:00:00,208.6009655083861,6.135865388592103,37.01687154022852,2.661405414178219,0,none
2015-01-04 02:00:00,205.6745318592897,6.234478969414484,36.16046075369913,2.622981409569265,0,none
2015-01-04 03:00:00,226.47086397073787,6.630242052723192,35.85577717034434,2.634838396663976,0,none
2015-01-04 04:00:00,229.17884097192663,5.090158244848917,33.47759706454529,2.263295269799285,0,none
2015-01-04 05:00:00,209.90012507982388,6.096925965694942,32.538987985492014,2.66439612769641,0,none
2015-01-04 06:00:00,205.53737790713964,5.899210535425633,30.52362577519004,2.198644827025538,1,anchor_drag
2015-01-04 07:00:00,188.24919173345504,5.708180184211847,37.58648286998309,2.4999072328872978,1,anchor_drag
2015-01-04 08:00:00,225.7774772926376,6.290925291093629,31.956663336545045,2.410293019748515,1,anchor_drag
2015-01-04 09:00:00,199.67716863035676,5.768696462863447,35.66491211452173,2.447347027709397,1,anchor_drag
2015-01-04 10:00:00,196.3557319405625,5.794747309155227,29.459800467602257,2.616694437976256,1,anchor_drag
2015-01-04 11:00:00,244.72446922829056,6.020309530919819,29.63062327515852,2.3540227712947046,1,anchor_drag
2015-01-04 12:00:00,212.1259104636984,5.562906420384826,31.494976444411147,2.299799085029164,1,anchor_drag
2015-01-04 13:00:00,209.01222801883185,5.9745604629710085,28.508017687618025,2.094380465824144,1,anchor_drag
2015-01-04 14:00:00,177.68782899207903,6.288945536518289,35.15521001247604,2.251491426145223,1,anchor_drag
2015-01-04 15:00:00,208.24005150183015,5.988102370562517,25.84047106630828,2.0016977574321597,1,anchor_drag
2015-01-04 16:00:00,220.7261484951576,4.852144686379936,27.10453146149032,2.3722618760656435,1,anchor_drag
2015-01-04 17:00:00,214.2016329338786,6.7654833924838025,25.409888788632305,2.13991962915141,1,anchor_drag
2015-01-04 18:00:00,219.98672908127813,5.471760913285268,35.1918277896848,2.5905365341254654,1,anchor_drag
2015-01-04 19:00:00,232.4216166802561,5.61452296812327,33.73889954361022,1.899466943278063,1,anchor_drag
2015-01-04 20:00:00,222.9670160980468,5.63881355025608,32.34424865195736,2.285588653083057,1,anchor_drag
2015-01-04 21:00:00,203.4937800763628,6.025266240485989,29.86859370530468,2.28985159051042,1,anchor_drag
2015-01-04 22:00:00,217.5710132762743,5.882012802654763,27.70116531957987,2.367419740314215,1,anchor_drag
2015-01-04 23:00:00,207.09539234487977,6.185028385623064,27.772696484745765,2.847002301739716,1,anchor_drag
2015-01-05 00:00:00,203.15332949008277,4.996848629264235,27.938151762752337,2.6475240054782345,1,anchor_drag
2015-01-05 01:00:00,176.25402198518202,5.672911432220852,29.84136782978254,2.13513881808342,1,anchor_drag
2015-01-05 02:00:00,200.2335135870952,5.658712843490502,29.582625028166053,2.653798433034245,1,anchor_drag
2015-01-05 03:00:00,215.05985404392737,6.066886987089735,32.3096359809239,2.2741089321985526,1,anchor_drag
2015-01-05 04:00:00,234.5606240763844,5.126207993366124,29.513685657922203,2.060242307674298,1,anchor_drag
2015-01-05 05:00:00,215.20934031599657,6.167324469899585,31.4551920530952,2.715424741338217,1,anchor_drag
2015-01-05 06:00:00,216.596449700963,6.544505232146986,35.24138864448636,2.387528042315527,1,anchor_drag
2015-01-05 07:00:00,198.1878654049942,6.527155455278527,32.313574263103035,1.5164061293298463,0,none
2015-01-05 08:00:00,211.2860167668425,5.190595705235696,34.00615699069451,1.7993138666608166,0,none
2015-01-05 09:00:00,185.27800654293435,5.935432789043381,40.12889482186813,1.7437068242405198,0,none
2015-01-05 10:00:00,215.0298196197249,5.329874463385354,31.57550856832349,1.7673418286741038,0,none
2015-01-05 11:00:00,217.4849958587087,6.48040786542826,32.561506278805965,1.8150504422607177,0,none
2015-01-05 12:00:00,211.5513229195384,5.714398733397006,37.59989470116494,2.377099010938044,0,none
2015-01-05 13:00:00,217.53101097607924,5.655096676663385,33.73206122377843,1.7881458911012889,0,none
2015-01-05 14:00:00,213.01563052596265,5.24886152941956,35.131890496252936,1.511191814522297,0,none
2015-01-05 15:00:00,218.22422969216797,7.496896809586207,31.95947576686544,1.734435019027773,0,none
2015-01-05 16:00:00,230.78204006549535,5.899198930148577,24.18100797410583,1.566420558705964,0,none
2015-01-05 17:00:00,222.30842038151164,5.768014933386644,26.66955939594554,1.6996741824348138,0,none
2015-01-05 18:00:00,209.77733165668303,6.163376466875602,28.09357402985698,1.9193821782713807,0,none
2015-01-05 19:00:00,196.4638291395277,6.679381372008924,35.52833246392936,1.85506903144726,0,none
2015-01-05 20:00:00,214.25024978922548,6.1081256831508695,34.40709006532035,1.512070810913131,0,none
2015-01-05 21:00:00,204.753062111634,6.770227044808927,34.41321696996795,1.8725075587816096,0,none
2015-01-05 22:00:00,226.73185472286968,6.447032663803391,29.84790874912601,1.867688907530264,0,none
2015-01-05 23:00:00,190.7462952225112,5.85143382024752,31.841983162698188,2.1787685090063604,0,none
2015-01-06 00:00:00,204.5729755329216,6.186407361415052,36.59852628901699,2.07937707103226,0,none
2015-01-06 01:00:00,214.296100260812,6.586670625022057,35.81455798521195,1.9273727473260536,0,none
2015-01-06 02:00:00,207.6371618496868,6.1880632983818575,33.30756433235098,1.4956020378391108,0,none
2015-01-06 03:00:00,202.3631826972076,6.650442436420565,27.999131465007373,1.519192486388496,0,none
2015-01-06 04:00:00,205.86160870402605,6.11995236057601,29.508112066483054,1.8774364744011776,0,none
2015-01-06 05:00:00,216.7046869462664,6.043353512610417,34.16046549700684,1.9435657248456573,0,none
2015-01-06 06:00:00,219.78768243301064,5.76287243958156,29.286504773822124,1.731288728688223,0,none
2015-01-06 07:00:00,217.06072171599783,6.059234198111188,28.951278043701997,1.9542734683425904,0,none
2015-01-06 08:00:00,235.78449826761027,5.81072458926972,33.52427326321827,1.7328442888178208,0,none
2015-01-06 09:00:00,223.0179559330303,6.230814063898682,28.93898094060769,2.10083562636365,0,none
2015-01-06 10:00:00,212.7374173166852,4.792207258565405,30.38506527835667,1.8005122346677538,0,none
2015-01-06 11:00:00,201.74087569315336,5.83908296093954,31.35511630024325,2.0894062348262192,0,none
2015-01-06 12:00:00,243.2780507670654,6.527496442957965,27.024408964506964,2.1799658033356795,0,none
2015-01-06 13:00:00,217.2603798579253,6.064216051523803,30.144464814778956,1.7220475288063553,0,none
2015-01-06 14:00:00,201.45594313507,6.034905388768217,33.65760842415553,2.094069194449008,0,none
2015-01-06 15:00:00,211.56267562526835,4.6031870971162245,29.8275020728948,2.0284208544568463,0,none
2015-01-06 16:00:00,205.63329089962548,6.6461101955437805,32.761222057837394,1.6710480979162898,0,none
2015-01-06 17:00:00,206.20998715058352,6.222283632104811,33.50074867068116,1.6536031496432573,0,none
2015-01-06 18:00:00,198.56390139616892,5.2290216880406994,35.28950263899245,1.9163664425077125,0,none
2015-01-06 19:00:00,210.7543489078948,5.197815818931368,34.91624078828792,1.8508897032481968,0,none
2015-01-06 20:00:00,213.1024349538877,6.126168858754847,37.65317741156486,1.784191446823168,0,none
2015-01-06 21:00:00,196.8921734854249,6.48621240305533,32.23091663533815,2.0913148711471465,0,none
2015-01-06 22:00:00,171.873957110695,5.650500753614339,32.44894731421116,2.0903312003690244,0,none
2015-01-06 23:00:00,206.44013098909775,6.378261246348023,30.706023486420836,2.069527139338342,0,none
2015-01-07 00:00:00,209.7408174031026,6.020452383755206,33.100354047938,2.1007521089887358,0,none
2015-01-07 01:00:00,216.295429013742,6.239505121337744,24.647979804814096,1.9560503120961723,0,none
2015-01-07 02:00:00,210.08455906484315,5.92157189112616,30.41329069512028,1.7175465124148452,0,none
2015-01-07 03:00:00,214.19617782842445,5.632131496666876,28.921831520365824,2.0466277186414863,0,none
2015-01-07 04:00:00,196.65738156522912,5.249359746868965,38.03555695139056,1.5248833707247091,0,none
2015-01-07 05:00:00,217.6521988313028,5.037050532363073,34.68309060183076,1.8790972891321136,0,none
2015-01-07 06:00:00,217.74172213337917,5.562248367880892,25.83495535931403,1.798074846065962,0,none
2015-01-07 07:00:00,212.31891706111196,5.724879603610887,32.97503981418785,2.1682118815497007,0,none
2015-01-07 08:00:00,225.1508878244759,5.957989270081448,31.92495825419235,1.3278713653889274,0,none
2015-01-07 09:00:00,214.09253047786083,5.958964099620754,26.078120930411963,2.50313489879188,0,none
2015-01-07 10:00:00,212.4664676881519,5.794279471500853,25.261164461166885,1.871797636763258,0,none
2015-01-07 11:00:00,212.5091738765657,5.984002488021618,27.946295322355216,1.8125157012391695,0,none
2015-01-07 12:00:00,214.4692887885365,7.1114568917667365,33.9492510320255,1.6205526910112795,0,none
2015-01-07 13:00:00,221.70213028624903,5.687767408637151,30.511971047263295,1.97419241543724,0,none
2015-01-07 14:00:00,214.646395716052,5.376538102825011,26.264633701069545,2.08489945165552,0,none
2015-01-07 15:00:00,217.09537733093535,6.282072910108804,28.6389491915422,1.7507223457231134,0,none
2015-01-07 16:00:00,196.20937025606332,5.697585591947638,32.68295346436484,1.935393479305682,0,none
2015-01-07 17:00:00,205.09820094297305,6.501139305302203,34.39909957874378,2.217250756142367,0,none
2015-01-07 18:00:00,226.54008124938545,5.694574597972572,26.10205483314529,2.071235064826561,0,none
2015-01-07 19:00:00,195.1934864061988,5.794385230332719,28.206010806293115,2.145234829979992,0,none
2015-01-07 20:00:00,212.39339707312595,6.503497778586788,32.14934527938645,1.6185292891293606,0,none
2015-01-07 21:00:00,214.0987320112744,5.551816513244386,32.91159468900804,2.160280415083242,0,none
2015-01-07 22:00:00,220.72349751067745,4.806219153291034,27.86332923594155,1.7075134326951449,0,none
2015-01-07 23:00:00,205.34913379422863,6.244649844659636,30.769365015687452,1.6253406933280663,0,none
2015-01-08 00:00:00,211.23925268898665,6.906950341949185,32.97648344872312,1.6802707026612858,0,none
2015-01-08 01:00:00,188.93372334017744,5.868429206806551,36.27156559886716,1.7932732797334658,0,none
2015-01-08 02:00:00,213.3280088095352,6.054189051522682,27.523945069975287,1.898501429135638,0,none
2015-01-08 03:00:00,201.66201301774248,5.745413975446027,29.38799368252957,1.9799168799921476,0,none
2015-01-08 04:00:00,206.628475041177,6.569311128518995,33.18510325716133,1.9681191241341829,0,none
2015-01-08 05:00:00,195.61291293002577,6.294664496168548,33.83339998211711,1.8384564482103365,0,none
2015-01-08 06:00:00,213.86582687256256,5.424076415639298,35.19865687296114,1.6800812613589016,0,none
2015-01-08 07:00:00,217.13461637998736,6.376118627524365,28.00999911103764,2.018645887638237,0,none
2015-01-08 08:00:00,205.8628526396797,6.1809261922311824,30.4796662267859,1.8102513151634576,0,none
2015-01-08 09:00:00,230.5794839568357,5.365674177296871,31.51188380493569,1.81441987577191,0,none
2015-01-08 10:00:00,217.1808069575442,5.923867055536356,25.130789387834437,1.8271562249068156,0,none
2015-01-08 11:00:00,220.40815119887216,5.654316581159762,35.37888228989314,2.000605501593057,0,none
2015-01-08 12:00:00,233.18379829049,4.864561221603696,35.42990082313445,1.323199005159712,0,none
2015-01-08 13:00:00,201.8413436828829,6.045935477172565,28.24149947410357,1.9774219695082635,0,none
2015-01-08 14:00:00,218.7831434152504,5.664870074520809,29.40683319885941,1.67499778116346,0,none
2015-01-08 15:00:00,220.8485797962243,6.015189152815075,35.90604115636776,1.9171342045347488,0,none
2015-01-08 16:00:00,209.326611784514,6.033732445088348,31.179315353578787,1.7951812933774325,0,none
2015-01-08 17:00:00,213.10118287995604,5.437306223751978,28.491809414850767,1.6345892781529316,0,none
2015-01-08 18:00:00,197.654928657669,5.012563251013404,29.35393023810507,1.8046293786782983,0,none
2015-01-08 19:00:00,214.85504025580815,5.356632013852348,33.71179551658318,1.5127360848405855,0,none
2015-01-08 20:00:00,201.26270178446663,5.758935112077402,35.73011865316977,1.5505094228138367,0,none
2015-01-08 21:00:00,218.8419119223805,5.801183275785666,34.69857176568459,2.0753776514036693,0,none
2015-01-08 22:00:00,199.98068718764424,6.470761359864081,33.94556050834905,1.8862997616538848,0,none
2015-01-08 23:00:00,213.1051884821521,6.048522971230064,32.75683507763745,1.5078904348437865,0,none
2015-01-09 00:00:00,199.5734075907926,6.876408931477118,32.46504028482268,1.728801124970251,0,none
2015-01-09 01:00:00,206.54587962409497,5.6232429727202105,32.80816216703202,1.855016781544717,0,none
2015-01-09 02:00:00,191.3756001242249,6.552289161696856,32.3351437805367,1.5435688435381123,0,none
2015-01-09 03:00:00,210.88884833079916,5.969298710882972,34.03287983590967,1.9328002372387325,0,none
2015-01-09 04:00:00,220.83538105910765,6.405712463910287,32.91455579061302,1.6663130020909631,0,none
2015-01-09 05:00:00,211.52501895078487,6.355038288795653,37.02219104217748,1.9449800449003825,0,none
2015-01-09 06:00:00,188.8992051063333,5.776426269016969,29.37569793420058,2.184521762040773,0,none
2015-01-09 07:00:00,202.19625707959207,6.315540865888776,31.94287021046681,1.5192821953111764,0,none
2015-01-09 08:00:00,228.6184248403186,6.319371395756833,29.15791234448165,1.511041369622556,0,none
2015-01-09 09:00:00,230.40300539480276,5.408548074827552,30.45538701113752,1.6520509794178992,0,none
2015-01-09 10:00:00,195.7606412885944,6.5456387756830186,31.154777602942374,1.82039775035885,0,none
2015-01-09 11:00:00,205.14223746803765,5.789248041596551,33.698339249946244,1.7124942706669255,0,none
2015-01-09 12:00:00,213.50244148758276,6.379534323349372,28.804256653511096,1.7583645857736303,0,none
2015-01-09 13:00:00,213.10238832314485,6.680051186067297,32.89181150182297,1.9762841627636012,0,none
2015-01-09 14:00:00,202.6671942368876,5.641749133823046,25.494212040900614,2.0533229248698133,0,none
2015-01-09 15:00:00,198.3343866569597,5.397532574350076,33.22746731595082,1.6125652246462796,0,none
2015-01-09 16:00:00,207.3157652585753,6.712868055143541,30.300050621053803,1.960688386506624,0,none
2015-01-09 17:00:00,221.11816155947864,5.3097653564101055,27.00536721506868,1.5965440185422712,0,none
2015-01-09 18:00:00,209.67244339254685,5.388257983223661,34.133403387981566,1.4341782816048352,0,none
2015-01-09 19:00:00,201.86554691506933,6.111258760383719,31.537539607750475,1.5626908123339724,0,none
2015-01-09 20:00:00,203.54441507431665,6.20123575346802,34.92343784107561,1.6862987138282055,0,none
2015-01-09 21:00:00,228.13501305725697,6.103772043589192,27.17782931790016,1.9491353866190169,0,none
2015-01-09 22:00:00,204.21077222865463,6.070725684279922,27.18470567631755,1.47402714961718,0,none
2015-01-09 23:00:00,218.25573326880215,7.205971409369358,31.913970324081863,2.057095432604646,0,none
2015-01-10 00:00:00,226.4791387588723,6.016459352527207,32.19186456887343,1.863961836049184,0,none
2015-01-10 01:00:00,214.54744802903997,5.496259339524967,33.9923109333715,2.089065405218549,0,none
2015-01-10 02:00:00,204.5036861928938,5.5213565840507215,30.96736576214389,1.7786763431218158,0,none
2015-01-10 03:00:00,208.9339679277992,5.299321482814047,30.223181003474565,1.7908633992498002,0,none
2015-01-10 04:00:00,203.68478214328613,5.836192904422703,35.295590349669865,2.0441602154275693,0,none
2015-01-10 05:00:00,223.64723316506957,5.50117257257002,33.25626972890953,1.8949499919283403,0,none
2015-01-10 06:00:00,207.66249762370452,5.897321901242614,34.823170737658884,1.868360285011741,0,none
2015-01-10 07:00:00,227.38748634250183,5.531188453714258,26.998132228989647,2.237191366064237,0,none
2015-01-10 08:00:00,202.88010172396983,6.61339991575157,30.13487813447217,1.612994568235691,0,none
2015-01-10 09:00:00,201.8877258038716,6.387787551422332,29.704021564789265,1.5814988948359237,0,none
2015-01-10 10:00:00,211.0594361912916,5.783709874380055,26.769303801014058,2.0764877704502966,0,none
2015-01-10 11:00:00,209.6789664022195,6.599362180095369,30.895062736743085,1.7184895288196251,0,none
2015-01-10 12:00:00,203.5435178937137,6.689264607626292,37.88593994990923,1.6799867352297744,0,none
2015-01-10 13:00:00,191.04438769595976,5.93463977194313,32.99000759123088,2.230145367929637,0,none
2015-01-10 14:00:00,209.7471844020596,6.180422282717432,30.88366481116689,1.6951824746723834,0,none
2015-01-10 15:00:00,201.08157278820192,6.07807957445017,34.038834885319886,1.422041578250407,0,none
2015-01-10 16:00:00,221.9631171436103,6.185499652729192,29.545033988977597,1.5410365941792912,0,none
2015-01-10 17:00:00,198.34127193858836,5.899525915341584,26.910419394939908,1.7168484104268482,0,none
2015-01-10 18:00:00,222.4722971519683,5.575597824193601,30.646397254251337,1.7667906758759195,0,none
2015-01-10 19:00:00,201.86537517044,6.819066996632054,24.789071964584014,1.8109235460382864,0,none
2015-01-10 20:00:00,212.7926663961026,5.657171126266071,33.91776071179706,2.263734490452167,0,none
2015-01-10 21:00:00,219.82866058774252,6.095374317016404,31.781677552381357,1.9061019097323733,0,none
2015-01-10 22:00:00,203.3776571254189,6.0471127421531365,30.76810227539597,1.5620735342760217,0,none
2015-01-10 23:00:00,215.8330976120677,6.117066684825482,28.95713508520507,1.3731400810549477,0,none
2015-01-11 00:00:00,208.37719977607537,4.777065999452503,29.997600227936903,2.002355913829455,0,none
2015-01-11 01:00:00,196.22284057621343,4.709331159190636,22.220178423725027,1.9886627958283505,0,none
2015-01-11 02:00:00,206.263660785276,5.241533495413237,32.43862775451279,1.9541286625316805,0,none
2015-01-11 03:00:00,228.1976671970267,5.29144888872034,32.478756194658054,1.995176528736196,0,none
2015-01-11 04:00:00,206.9130037107965,4.122220359474097,35.482084049287366,1.648676515919577,0,none
2015-01-11 05:00:00,199.90696899320383,6.698751956806584,30.85539312179199,2.1002986459921185,0,none
2015-01-11 06:00:00,208.77123540083437,5.837893918441709,27.092368587305884,1.767996852938528,0,none
2015-01-11 07:00:00,213.22988580061832,5.740578022033154,23.848646290444226,2.018208263726084,0,none
2015-01-11 08:00:00,220.48581967276172,5.122460364123744,28.02986312134157,1.5867600852429549,0,none
2015-01-11 09:00:00,222.6751386157828,5.995540971477099,27.958151410260367,1.5065770098078035,0,none
2015-01-11 10:00:00,210.5649032251128,4.978080392148116,31.222188843969533,1.7592554587551004,0,none
2015-01-11 11:00:00,222.91440255102972,5.125278081609118,27.26084942816836,1.9947390498409292,0,none
2015-01-11 12:00:00,200.52815643342885,6.838722102032361,28.39129935777249,1.730825945460091,0,none
2015-01-11 13:00:00,182.1875833589811,6.268558780630325,36.1129165904358,1.67567444617323,0,none
2015-01-11 14:00:00,203.9238275918453,6.689673941438624,34.2192704538852,2.041754598416118,0,none
2015-01-11 15:00:00,203.41116238380397,6.038319320648714,26.62020783838272,1.674031955786371,0,none
2015-01-11 16:00:00,182.5180930887797,5.95157901359024,30.353446807881824,1.9437941742940943,0,none
2015-01-11 17:00:00,215.9263317548524,4.989771931101448,33.542671541997784,2.0760379485761398,0,none
2015-01-11 18:00:00,200.30166124908516,5.611479707223902,33.58749508642643,1.5769590568284908,0,none
2015-01-11 19:00:00,206.7746264058568,6.283237382294509,33.37476774998957,1.465392793578188,0,none
2015-01-11 20:00:00,190.9781612504098,7.640782917503779,31.02529959618227,2.1689453891503194,0,none
2015-01-11 21:00:00,215.75284899775264,5.966013736507671,29.932733637411584,2.3603447409166334,0,none
2015-01-11 22:00:00,231.34799265671043,5.277051474998742,34.45355412607417,1.922138888165206,0,none
2015-01-11 23:00:00,199.2071835379242,5.979727684554495,30.017981138141643,2.208257915287299,0,none
2015-01-12 00:00:00,208.0918611259661,4.876703769952567,31.32532651748766,1.6656711849331076,0,none
2015-01-12 01:00:00,232.01518123494,5.025001549287376,29.192353850765247,1.604788368091889,0,none
2015-01-12 02:00:00,220.23619248526612,6.8436721060665295,34.54996382905418,1.9148811053139647,0,none
2015-01-12 03:00:00,231.6013816339481,5.43584761619384,28.98250943436556,1.7209663323456088,0,none
2015-01-12 04:00:00,209.3374836573626,5.391553943135206,29.77129820658293,2.039721896205843,0,none
2015-01-12 05:00:00,207.63108591475293,6.179630619984309,28.606028188250548,1.6476464278838998,0,none
2015-01-12 06:00:00,203.48339677830683,6.376927393435782,35.053196982567535,2.167438237997588,0,none
2015-01-12 07:00:00,226.04803052893496,5.830049637077379,28.933074034363536,1.8107015086490208,0,none
2015-01-12 08:00:00,194.47466539248563,5.737580223527955,31.75027321211832,1.9113487678939851,0,none
2015-01-12 09:00:00,212.96494887104703,6.201554665065658,30.070483977367523,1.8266398253589309,0,none
2015-01-12 10:00:00,208.8606532989078,5.716483375082111,37.85878409655656,2.0000338860645863,0,none
2015-01-12 11:00:00,235.5333223873957,5.9369620292413385,33.01702685442456,1.4650832816186607,0,none
2015-01-12 12:00:00,202.341332906287,5.851330400065328,32.14119754809898,1.7914380319861074,0,none
2015-01-12 13:00:00,191.8812874837157,6.249308214012277,27.815012015614982,1.6675752647507622,0,none
2015-01-12 14:00:00,212.0981772480411,5.6393872959004,30.52066368084144,1.5819872941610316,0,none
2015-01-12 15:00:00,208.93806406900345,5.66505137535937,28.439809923303503,1.592508764662564,0,none
2015-01-12 16:00:00,199.6592646789377,6.043968491079133,27.313374274139765,1.9448838114185747,0,none
2015-01-12 17:00:00,210.9336136844902,5.3952685562465525,17.504161233478108,1.9408214969239452,0,none
2015-01-12 18:00:00,206.20046401840247,5.53022179583424,24.96886610389425,2.172505813855114,0,none
2015-01-12 19:00:00,201.5204927915976,7.429660358135022,34.48758959916336,1.6738283378927885,0,none
2015-01-12 20:00:00,215.2109804603876,6.090109649439631,25.25120172952486,1.4914087790252684,0,none
2015-01-12 21:00:00,205.54892605521545,5.980293065600016,34.70981532459312,1.6180495048283046,0,none
2015-01-12 22:00:00,188.1012739777428,5.799325637738631,31.49370787422126,1.8648450792965483,0,none
2015-01-12 23:00:00,178.62186756004468,5.572039452255475,30.32078818876828,2.0255155460537773,0,none
2015-01-13 00:00:00,202.65993830231676,5.927395368317605,35.8374100105614,1.9228090604593464,0,none
2015-01-13 01:00:00,226.27566283005663,5.4433653476336215,27.916206453575164,2.27500734339474,0,none
2015-01-13 02:00:00,219.1256405467577,6.5280930678705325,37.33585537560194,1.9722644311864288,0,none
2015-01-13 03:00:00,223.50025894250416,5.99555626040731,32.51917261355159,1.9191314344103263,0,none
2015-01-13 04:00:00,220.8012829684546,5.597003557118497,36.6178911678188,1.7629531995558485,0,none
2015-01-13 05:00:00,213.0630181613969,6.685235737002417,31.588084122162336,1.7891337969856502,0,none
2015-01-13 06:00:00,191.90711733903055,6.369735593245653,27.53525283228999,1.7428235722764671,0,none
2015-01-13 07:00:00,211.7840932873166,5.779168327388824,27.754838892520592,1.8344363211919943,0,none
2015-01-13 08:00:00,227.9358129325322,6.148781063570734,30.00979148169856,1.904547484708192,0,none
2015-01-13 09:00:00,169.98319176946765,6.26588803582163,32.9405739292954,1.686585853320819,0,none
2015-01-13 10:00:00,200.32978113782164,6.109537707227925,28.079100079214967,1.802383183241187,0,none
2015-01-13 11:00:00,222.19354091772703,5.750443798485416,32.64520401799271,2.151697537357896,0,none
2015-01-13 12:00:00,215.53489600672663,3.821249960757299,32.80778062299949,1.710194278613956,0,none
2015-01-13 13:00:00,218.56001773925095,6.18573467853544,28.23551344982406,1.9305536637104197,0,none
2015-01-13 14:00:00,214.70337130940112,7.180109173761491,34.1130253773985,1.7950007612154304,0,none
2015-01-13 15:00:00,215.65197941823084,5.142515227098909,37.07671929732825,1.3969321974236464,0,none
2015-01-13 16:00:00,209.56818011748183,6.073016750889028,27.969159960118567,1.6279301696981388,0,none
2015-01-13 17:00:00,198.76136988875103,5.639479221952925,30.992815173956423,1.6762084751048043,0,none
2015-01-13 18:00:00,195.15969711218457,5.467018083412404,38.285769926734886,1.639164928338006,0,none
2015-01-13 19:00:00,209.8178242878224,6.519170842080749,33.83845016155944,1.8524719860923664,0,none
2015-01-13 20:00:00,204.50750177232737,4.723603092618533,27.90499507640204,1.6167118070067974,0,none
2015-01-13 21:00:00,198.96012111435857,6.195764278959586,34.98357546001621,2.0848268070443146,0,none
2015-01-13 22:00:00,214.2430945742864,5.679578511826145,34.883533393564285,1.9768390139216503,0,none
2015-01-13 23:00:00,211.17912495776852,7.41304591930039,31.201380213159226,1.837626042829907,0,none
2015-01-14 00:00:00,226.381233901029,6.182659381336823,25.756311564892105,2.113607689981892,0,none
2015-01-14 01:00:00,196.3819651649847,6.589614504299095,36.03115773758793,1.8197543708643968,0,none
2015-01-14 02:00:00,203.38873251786796,5.018153017803074,30.12468750342268,2.050101076207896,0,none
2015-01-14 03:00:00,208.52838754506632,6.633815959947452,28.413658246877475,1.863974329957247,0,none
2015-01-14 04:00:00,193.05928402554844,5.056264552189646,25.59900192273212,1.392708031724526,0,none
2015-01-14 05:00:00,206.09390704344955,6.3428100043637965,27.376417364269297,1.7512727371861136,0,none
2015-01-14 06:00:00,201.17912806886935,5.880412782241621,34.181280588715865,1.6929573240011917,0,none
2015-01-14 07:00:00,184.47252655534143,6.218610342819511,34.374336959319535,2.0715427540376306,0,none
2015-01-14 08:00:00,206.1039893459427,4.81451513364742,31.3209122257348,1.7937044954259285,0,none
2015-01-14 09:00:00,203.19973791400827,6.113831102852574,30.881340524107127,2.084798588360619,0,none
2015-01-14 10:00:00,222.5480555380436,6.259641717864577,33.22884581880909,2.244386281009747,0,none
2015-01-14 11:00:00,202.38734882195425,5.810796680530856,30.27461576621617,1.499904408540774,0,none
2015-01-14 12:00:00,215.8687636465212,6.216573037015928,35.72872296813827,1.954461284174824,0,none
2015-01-14 13:00:00,211.0535998826756,6.679519764129202,31.052104839954545,1.830973129437594,0,none
2015-01-14 14:00:00,195.04311243940003,6.20406009701384,30.885210119243244,1.945812554240188,0,none
2015-01-14 15:00:00,213.7405814387299,6.104287158081927,35.53724360076741,2.032791828942753,0,none
2015-01-14 16:00:00,208.16698491896156,5.1666506962221455,32.112649288793286,2.0348051381243684,0,none
2015-01-14 17:00:00,211.3255619664046,5.611785330358153,33.95597134330167,1.3122237430372772,0,none
2015-01-14 18:00:00,217.03544615223024,6.286973662758691,28.722410377793004,1.9663353963025192,0,none
2015-01-14 19:00:00,210.7208952069188,5.933584925163888,29.950164094824327,1.6530272469191376,0,none
2015-01-14 20:00:00,227.79573981704488,5.948644125205339,32.91272649532941,2.206905021107082,0,none
2015-01-14 21:00:00,210.73935493995384,7.285677065455473,33.09821597227324,1.3682949717002617,0,none
2015-01-14 22:00:00,194.84419760036064,6.557500741309782,35.96744126764802,1.7634804628989578,0,none
2015-01-14 23:00:00,218.00838436531407,6.045110502194435,29.63773430029115,1.838885029289835,0,none
2015-01-15 00:00:00,195.20511728701885,5.986961186671143,34.76563265150028,1.7912005432203866,0,none
2015-01-15 01:00:00,187.12736143255023,6.531115666021369,34.13029681045967,1.6584774591805131,0,none
2015-01-15 02:00:00,199.99803126846876,5.618263843757681,34.59475726876198,1.6467810439276935,0,none
2015-01-15 03:00:00,200.75543534713975,6.2139654931045065,29.385434355527533,1.652864336205786,0,none
2015-01-15 04:00:00,202.34745867234,5.682012832111039,37.9515439450926,1.899910256205377,0,none
2015-01-15 05:00:00,228.04643615326205,5.466127960832655,34.51716627104733,2.2091679938303432,0,none
2015-01-15 06:00:00,228.3811545671356,5.270355884324175,28.80081490520709,1.2354208688002712,0,none
2015-01-15 07:00:00,217.8253134932597,6.573032804931347,34.67051978641304,1.4072772106935034,0,none
2015-01-15 08:00:00,194.613980409131,6.743451956713341,31.60506810777829,1.7683869913694872,0,none
2015-01-15 09:00:00,209.6668717761188,6.571449435939376,39.28966404568756,1.9547058977397271,0,none
2015-01-15 10:00:00,215.0518063615513,5.780301016017026,34.28059962244639,1.8986152620537329,0,none
2015-01-15 11:00:00,207.8078762994984,5.934024584608536,28.90823159201508,1.7863717571331756,0,none
2015-01-15 12:00:00,211.39152516507917,6.31836501016872,31.662111658022848,1.603972131106177,0,none
2015-01-15 13:00:00,198.43286190862065,6.287958421149664,33.539665642283495,1.9608046158443535,0,none
2015-01-15 14:00:00,194.45398595646677,5.218660395727488,25.911630395152365,1.8742969067051725,0,none
2015-01-15 15:00:00,225.7368947216014,6.659065175190042,28.405868744723037,2.2476891073097565,0,none
2015-01-15 16:00:00,212.50138368989477,6.041135998146267,29.54817816214216,1.6629063949037817,0,none
2015-01-15 17:00:00,204.65832845919527,7.202155178421943,20.853545116224232,1.6989857131683117,0,none
2015-01-15 18:00:00,213.17335958817864,6.090388488948447,31.446430893857237,2.101304304680853,0,none
2015-01-15 19:00:00,233.33558248053177,6.822483382179673,28.364488499945328,2.1486479687810203,0,none
2015-01-15 20:00:00,213.60737808131952,6.082303513016782,35.77720162938489,1.7987654834227722,0,none
2015-01-15 21:00:00,225.77912821284835,6.068802502149216,32.96976532934538,1.9073748236556205,0,none
2015-01-15 22:00:00,225.27008101774013,5.975557892167772,32.31246450020109,2.0457380293242577,0,none
2015-01-15 23:00:00,204.6725052475191,7.343630430481668,30.73042197143726,1.796244098987661,0,none
2015-01-16 00:00:00,218.24836304712,5.956510575113288,32.75189879620429,2.1173007159776427,0,none
2015-01-16 01:00:00,217.3151259264834,6.456613441530349,33.06801380534647,1.9002459159611056,0,none
2015-01-16 02:00:00,207.76963487681203,5.039306211580053,30.10875974439156,1.7137966027727245,0,none
2015-01-16 03:00:00,210.92637668815544,6.234859019521434,35.137278622535064,2.4103946688759885,0,none
2015-01-16 04:00:00,223.1469609678525,5.096601097950285,29.45552287989928,1.5687589916962068,0,none
2015-01-16 05:00:00,245.72990386944608,6.498717957558301,31.79070004782457,1.9844792764769288,0,none
2015-01-16 06:00:00,226.0894451150656,5.686119741348488,33.525486353830864,1.689602342279106,0,none
2015-01-16 07:00:00,215.5552106267496,6.053096236024975,24.108295291744945,1.6313913328571794,0,none
2015-01-16 08:00:00,227.546779004167,5.891800165719101,33.30559402852849,1.9104066664099848,0,none
2015-01-16 09:00:00,232.97379207805216,5.920750361723911,29.87641976245323,2.1263340048170405,0,none
2015-01-16 10:00:00,209.84078965565084,6.025264641935078,33.34679300635017,1.9605490450473075,0,none
2015-01-16 11:00:00,212.63230539869423,5.724851167940748,30.62893475105617,1.6251681593573222,0,none
2015-01-16 12:00:00,202.33854247898643,6.218854660883914,30.09776862526441,1.6980886465917755,0,none
2015-01-16 13:00:00,210.13838317169692,4.471623376486702,33.42106628462924,1.5762588697311186,0,none
2015-01-16 14:00:00,214.57332519886847,4.3044285550779815,34.21410168150708,2.0106337794167586,0,none
2015-01-16 15:00:00,221.48502277105425,6.927841272234166,30.133556160117024,1.783965506421741,0,none
2015-01-16 16:00:00,241.2387118148656,5.02978069684116,36.39966214778482,1.9836734662121076,0,none
2015-01-16 17:00:00,235.18668269893337,5.509805829781019,38.0204789869161,1.9352105990450648,0,none
2015-01-16 18:00:00,228.0411912071924,4.58559337473905,33.34282376476551,1.7585162441628297,0,none
2015-01-16 19:00:00,218.29652992818023,7.225167939316362,29.024907075675465,1.7427032925541532,0,none
2015-01-16 20:00:00,224.40637952123492,5.600927703100851,30.41248609635619,1.649211909663784,0,none
2015-01-16 21:00:00,231.22866529352584,6.31624720268057,29.40407675096925,1.6214429970919648,0,none
2015-01-16 22:00:00,219.02316605278128,5.795875450753506,34.27582042873157,1.9073078812478887,0,none
2015-01-16 23:00:00,237.16469451708173,6.012940458076951,33.20750677940595,1.994902323851532,0,none
2015-01-17 00:00:00,237.61017636420007,6.210532530522736,36.29846786146961,1.79395574228139,0,none
2015-01-17 01:00:00,211.3344605596956,5.630616575884954,29.554042517540037,1.780899980005664,0,none
2015-01-17 02:00:00,216.2043008406998,5.354956909867115,22.18833122454074,2.2323852295227797,0,none
2015-01-17 03:00:00,238.8785504853296,6.187424974320578,35.59873919439125,2.1178260742026565,0,none
2015-01-17 04:00:00,205.2909894514444,6.487714221008812,24.95852802444524,1.7391736027168516,0,none
2015-01-17 05:00:00,229.744218356499,4.937926214385696,35.32466882709092,2.090983488878132,0,none
2015-01-17 06:00:00,227.58303409705263,5.772400869886246,31.66211470142825,1.5650630422131708,0,none
2015-01-17 07:00:00,261.96496069272405,6.448692816363837,29.68668424815704,2.0192634077617453,0,none
2015-01-17 08:00:00,193.19209343383775,5.4933131434625215,31.04739898358561,1.957134240276376,0,none
2015-01-17 09:00:00,215.11466843620605,5.670712168342185,25.797218531269884,1.790264851226405,0,none
2015-01-17 10:00:00,232.69586641885115,4.57151528883751,32.93381544124492,1.6740546568354608,0,none
2015-01-17 11:00:00,244.30541903172664,6.427494144428881,32.11648295212902,1.7642171243310876,0,none
2015-01-17 12:00:00,234.61851386248756,6.949705114542464,28.17836594046586,1.95939604808444,0,none
2015-01-17 13:00:00,208.29524413067216,5.905379141176709,31.6445948382744,1.7662188467722535,0,none
2015-01-17 14:00:00,250.8635788081656,6.237211824737993,30.205075339933884,1.9821750299526988,0,none
2015-01-17 15:00:00,204.4780248747631,7.636976849353285,31.474897563345127,1.7991547659824698,0,none
2015-01-17 16:00:00,211.95525370132768,6.541509351070268,26.065518273033508,1.6986929538977018,0,none
2015-01-17 17:00:00,224.37233358251945,5.465278387282822,34.575073881998904,1.9310703275527576,0,none
2015-01-17 18:00:00,250.7034000588414,5.064100227031799,31.18682621089468,2.272184133266562,0,none
2015-01-17 19:00:00,230.74938392937344,5.771526316423552,30.38794818979344,1.896747567345036,0,none
2015-01-17 20:00:00,233.35007166578893,5.148210536770456,36.00579857580139,1.9703645548624469,0,none
2015-01-17 21:00:00,244.9292592765771,6.967391923202069,33.81152138358588,1.7136939070371544,0,none
2015-01-17 22:00:00,236.30247578560463,6.172632342580384,31.946588344096373,1.7985090050600403,0,none
2015-01-17 23:00:00,210.6585999215308,6.623559876457701,32.13187167424175,1.5202136594393467,0,none
2015-01-18 00:00:00,233.11017559867008,5.939547411098719,28.980355192886503,1.7307126422911396,0,none
2015-01-18 01:00:00,223.6054073889524,6.229442514593413,37.45216792897344,2.185570379988877,0,none
2015-01-18 02:00:00,230.0873487169467,5.637773323583852,27.35336984303412,1.5030801141261625,0,none
2015-01-18 03:00:00,206.57278835179892,5.737179355628552,24.22691055600548,1.5951957579801457,0,none
2015-01-18 04:00:00,191.6744801749358,5.860790329030806,27.317957757725598,1.8282191237901448,0,none
2015-01-18 05:00:00,215.10650748871652,5.020506460314709,34.69769551997727,2.0283356633123506,0,none
2015-01-18 06:00:00,213.5126341002208,5.854108129538661,32.178164441015866,1.9686892551717432,0,none
2015-01-18 07:00:00,209.1936575554273,6.455402487595607,34.18111465803295,1.7010124864153957,0,none
2015-01-18 08:00:00,197.13580633556268,5.268742011353012,37.57450292895373,2.102292309019938,0,none
2015-01-18 09:00:00,199.66170661806544,5.356583514020874,29.47384277126538,1.6918193762643918,0,none
2015-01-18 10:00:00,209.25169535970585,6.5339242407033655,31.839533509903458,1.7514144007099546,0,none
2015-01-18 11:00:00,221.4466364838589,6.089272660965048,27.027940192182207,1.964448121644521,0,none
2015-01-18 12:00:00,205.1682994776256,6.795145370560443,32.416991496060334,2.006808936488801,0,none
2015-01-18 13:00:00,199.28410454020337,5.463939417320432,29.686918618668265,1.648320164776769,0,none
2015-01-18 14:00:00,178.01299114731154,6.032426536146249,28.586687175981773,1.814578996512848,0,none
2015-01-18 15:00:00,215.13454160786785,5.709681622520449,31.39864168127445,1.327634790021318,0,none
2015-01-18 16:00:00,214.3579834042128,6.597885020207277,30.88921203209646,1.6504773754115667,0,none
2015-01-18 17:00:00,224.59282523253165,7.602742092369856,23.735793603155305,1.690199450637191,0,none
2015-01-18 18:00:00,226.42115419482943,6.0975432812995525,27.967016969430176,1.5909283528712137,0,none
2015-01-18 19:00:00,207.7379082192456,4.770186972299769,37.65192350160843,2.006425713854132,0,none
2015-01-18 20:00:00,224.46890539318872,5.995728538917737,25.45890912269951,1.5891685510271136,0,none
2015-01-18 21:00:00,209.41347579418672,5.741113347507589,32.56589776002099,2.059883040500518,0,none
2015-01-18 22:00:00,201.54775046883685,6.200518647967906,26.44193938518876,1.7540648199891753,0,none
2015-01-18 23:00:00,199.55397963952345,5.948006194261581,30.90365872642782,1.9457138077158425,0,none
2015-01-19 00:00:00,205.3715989726962,6.392450190600265,27.25900964552213,1.4840182349745834,0,none
2015-01-19 01:00:00,212.03837885309005,6.401752502073341,33.601091125205414,1.9154680024834312,0,none
2015-01-19 02:00:00,209.08020731885944,6.547653783603651,38.01744877021517,2.296605523751751,0,none
2015-01-19 03:00:00,211.7296375253067,6.550406483151583,28.58969159778491,1.2844016242599374,0,none
2015-01-19 04:00:00,211.70717835148804,6.48617292834567,32.37780537956482,1.211685523170011,0,none
2015-01-19 05:00:00,217.69193925029933,6.289792212469168,31.850585449810296,2.063118254595108,0,none
2015-01-19 06:00:00,206.22765677385357,6.03628563115361,31.98939938594583,1.7137697282223603,0,none
2015-01-19 07:00:00,228.3782299661729,6.082551818405044,32.682262676955354,1.8190239665066796,0,none
2015-01-19 08:00:00,214.4781478310561,5.422035627598353,27.59184370173717,1.6390878606437385,0,none
2015-01-19 09:00:00,195.5459391613708,7.346219409905882,34.92973767609183,1.9490338318556817,0,none
2015-01-19 10:00:00,206.1874064933085,6.239935903072021,28.159509829699807,1.859231093780921,0,none
2015-01-19 11:00:00,215.385618762846,6.147799263352695,36.70032904430745,1.7674155099403224,0,none
2015-01-19 12:00:00,204.62748305503092,5.52620813179265,25.425714567092697,1.23288575253869,0,none
2015-01-19 13:00:00,213.402276244362,5.888375752228416,31.55589579625773,1.8548003931838517,0,none
2015-01-19 14:00:00,214.43987062929168,6.2198984073595245,38.0425733869383,1.98160573540684,0,none
2015-01-19 15:00:00,224.52651755149577,6.413412369916726,30.330666168028984,1.5394544475909806,0,none
2015-01-19 16:00:00,201.83458543591712,6.053872229805457,26.05413139869308,1.8045178725316275,0,none
2015-01-19 17:00:00,209.20230972929537,5.771333172894934,22.819718549681067,1.762474836906654,0,none
2015-01-19 18:00:00,202.8095375907598,6.244817948035631,31.61272581347679,1.2773109517146533,0,none
2015-01-19 19:00:00,196.31661852284932,5.674392155958007,33.44481863390775,1.626507806860742,0,none
2015-01-19 20:00:00,187.93890399583785,5.234419156355283,28.55649905070085,1.8934218808419687,0,none
2015-01-19 21:00:00,211.66755958958743,5.4235621475660665,30.561691866937625,1.8290390140326729,0,none
2015-01-19 22:00:00,216.38005429385845,5.595243977740703,28.73182043611977,1.9694636774303744,0,none
2015-01-19 23:00:00,216.8163614957213,5.70139970969781,33.306195384002315,1.5338505140512817,0,none
2015-01-20 00:00:00,193.26584077698087,6.017855956244419,36.81959196903293,2.3458290777763686,0,none
2015-01-20 01:00:00,196.2870811988744,4.747668788592835,30.983021624205165,2.025278866377529,0,none
2015-01-20 02:00:00,196.15388568021265,6.023791984857069,25.6824091390806,2.2143872856943863,0,none
2015-01-20 03:00:00,201.4054432077237,6.088386009425979,33.56321001951146,1.873298151588988,0,none
2015-01-20 04:00:00,211.37356282483807,5.9075626620660096,29.13693892948097,2.004322346233528,0,none
2015-01-20 05:00:00,216.297862268258,5.515823899322631,32.57044620080805,1.2602699156160486,0,none
2015-01-20 06:00:00,199.93888357714297,5.828126425095242,33.01256961345843,1.9204438856389645,0,none
2015-01-20 07:00:00,176.15434672123536,6.205917511424087,32.65232237340885,1.613909805171845,0,none
2015-01-20 08:00:00,220.46839737988336,5.1782949812156245,32.10621052269225,1.800135554661039,0,none
2015-01-20 09:00:00,216.5392846528792,5.258833941158467,34.99722938156147,1.684539838902484,0,none
2015-01-20 10:00:00,201.263858112316,6.252378813047596,29.7267251063458,1.9155404907906428,0,none
2015-01-20 11:00:00,196.93721420501168,6.503519688425526,36.2612234883588,2.058852324498337,0,none
2015-01-20 12:00:00,205.916504053714,7.077180974198036,30.68391298550327,1.8382418125256348,0,none
2015-01-20 13:00:00,210.652925764336,6.418330615555497,26.43376279956502,1.759727550607125,0,none
2015-01-20 14:00:00,217.7917680101621,6.680752331161636,27.193483188686542,1.8438413159045712,0,none
2015-01-20 15:00:00,225.53180754911537,5.86828073894973,30.997190577158577,1.7580647261652331,0,none
2015-01-20 16:00:00,199.54600855557243,4.992666072977488,32.841879359938645,2.0172624591223904,0,none
2015-01-20 17:00:00,212.7723878335887,6.67336752964583,30.685881082201043,1.5523920607770876,0,none
2015-01-20 18:00:00,224.882805551864,4.676109771638298,34.05952539260531,2.0915022330609605,0,none
2015-01-20 19:00:00,198.93716719549252,7.1605035700747806,35.51337474933433,1.9410675867598517,0,none
2015-01-20 20:00:00,206.81281711489493,6.2313745789078885,28.89091613967172,1.731183414463511,0,none
2015-01-20 21:00:00,188.8384029199831,5.391897396056873,25.37160350259022,1.7101097030626145,0,none
2015-01-20 22:00:00,212.7340808171514,6.735453009537802,33.440008304911984,1.442701207169008,0,none
2015-01-20 23:00:00,201.95649758908547,5.949091266980689,30.114057702211117,1.7242585368657146,0,none
2015-01-21 00:00:00,198.6633157121788,5.872164489827749,23.21363048693513,1.4212725010713845,0,none
2015-01-21 01:00:00,200.3457373738307,6.442752385140672,29.98129390945214,1.689941832915706,0,none
2015-01-21 02:00:00,214.55717939114075,6.329111199663309,35.796564326786445,1.6066540288976612,0,none
2015-01-21 03:00:00,184.30040813690397,4.358196812806639,30.04433409175417,1.989974819162084,0,none
2015-01-21 04:00:00,204.4597103493001,5.706150730297076,31.48562074970893,1.8385855361489865,0,none
2015-01-21 05:00:00,197.63292632647125,7.371180490332507,32.641043858078454,2.2420244236234232,0,none
2015-01-21 06:00:00,198.23178498199303,5.8841729579078,30.711672893367616,1.8226332339169735,0,none
2015-01-21 07:00:00,214.90688560920765,5.496920658455658,32.51512530024604,1.9013783315614323,0,none
2015-01-21 08:00:00,213.48072440102652,6.274025180704393,30.97293436777272,2.0598171471250577,0,none
2015-01-21 09:00:00,208.15614212377244,6.216522575064196,32.36562535468176,1.4579992297061444,0,none
2015-01-21 10:00:00,215.6367074318922,6.263697634223119,33.94224159072098,1.5430777845298576,0,none
2015-01-21 11:00:00,202.41014347737013,5.767406500218508,30.650991405050533,2.121299586865,0,none
2015-01-21 12:00:00,185.91564424785585,5.836489361385776,29.031454465562813,1.91219551187942,0,none
2015-01-21 13:00:00,222.7965546593813,7.487750599850615,31.12071678345357,2.017655387899426,0,none
2015-01-21 14:00:00,206.72078559417284,5.6237817677224005,30.47266555182526,1.8200688955104627,0,none
2015-01-21 15:00:00,205.16097540082413,6.115034108842099,34.32253794269077,1.9343893212499856,0,none
2015-01-21 16:00:00,211.2263988204404,5.918978197913156,33.08077373497399,2.098410488507128,0,none
2015-01-21 17:00:00,218.2877134233652,5.848632095598978,28.862506167630645,1.7887801957899565,0,none
2015-01-21 18:00:00,214.3434368018934,6.7584155518065945,28.22767872914797,1.671700080380934,0,none
2015-01-21 19:00:00,220.16016173781009,6.734307439945248,31.11881227049813,1.9217548204761243,0,none
2015-01-21 20:00:00,209.93367314147255,6.112586706043945,29.1255586890205,1.6596627889429314,0,none
2015-01-21 21:00:00,203.54544313018187,5.984162937343191,30.204120562957712,2.1292654233220505,0,none
2015-01-21 22:00:00,205.9111860064817,4.482766383902482,31.44046067177767,1.6192872120035184,0,none
2015-01-21 23:00:00,218.94907235297745,6.300088521476599,26.88148731116249,1.9491768427819745,0,none
2015-01-22 00:00:00,199.54153559234112,6.6116261196392605,28.37200225389301,1.524273270331132,0,none
2015-01-22 01:00:00,198.33054046951852,7.420159330754616,24.08157118151709,1.5788395958796015,0,none
2015-01-22 02:00:00,213.0364946561456,6.164905618005877,28.37579349282911,1.796421979831809,0,none
2015-01-22 03:00:00,216.50665454175592,6.797066553705296,35.274278696069445,2.2001058176438435,0,none
2015-01-22 04:00:00,189.771356620714,6.384565536055897,41.02782589444014,1.7862240523754314,0,none
2015-01-22 05:00:00,218.5055181121032,6.995021231169546,28.949681425884712,1.8752143423327927,0,none
2015-01-22 06:00:00,209.53663489811,6.084694298936219,34.03659161653257,1.6794382602208695,0,none
2015-01-22 07:00:00,207.29456439257388,6.27638294121732,26.709662682785293,2.127434963237308,0,none
2015-01-22 08:00:00,222.24564952265595,5.613337708953937,30.37822441627945,1.6271313741512208,0,none
2015-01-22 09:00:00,226.56822929538637,5.428627628759166,30.34392316068321,1.3328281986034745,0,none
2015-01-22 10:00:00,196.0814027547,5.899072522430431,30.857623221688318,1.533362592590148,0,none
2015-01-22 11:00:00,221.13958828759505,5.793243534386374,29.78696674118112,2.2092145095879268,0,none
2015-01-22 12:00:00,202.06237498005956,6.665878590401969,27.155077730587685,1.334321917949867,0,none
2015-01-22 13:00:00,210.93442879539816,6.061580841214464,30.12912717084073,1.8751546852383747,0,none
2015-01-22 14:00:00,214.97990463520955,6.4671408017479095,27.910968578745425,1.7267264214785218,0,none
2015-01-22 15:00:00,210.94390294504288,7.250877746299254,32.44855683591626,1.8021829234613949,0,none
2015-01-22 16:00:00,192.42008548254117,6.04885093626982,37.795744377793866,1.5652920769143013,0,none
2015-01-22 17:00:00,203.52088303689413,6.165936266579706,28.484124446821568,1.891176747542214,0,none
2015-01-22 18:00:00,227.267709731443,5.936802985356145,31.65363551793776,1.873822420650952,0,none
2015-01-22 19:00:00,211.40368993115223,5.254277425468871,31.596974983486625,2.090608172211044,0,none
2015-01-22 20:00:00,199.6975780659224,6.268611316097159,34.609238175826746,1.690734815869366,0,none
2015-01-22 21:00:00,201.78545923298148,5.083507796477533,31.75790693808207,1.8897099387488727,0,none
2015-01-22 22:00:00,221.67244399434705,5.750541532355288,29.63572357852631,1.795758328136952,0,none
2015-01-22 23:00:00,213.4149087878785,5.64781264396631,34.194598586857644,1.899416796619267,0,none
2015-01-23 00:00:00,198.98539764133076,6.162818839624644,30.56940064212797,1.637332624797574,0,none
2015-01-23 01:00:00,209.47094527765967,6.559563691301386,29.282835458038026,1.6005630910122854,0,none
2015-01-23 02:00:00,216.32324574945463,6.646683838865065,33.398515129965695,1.3683139337995482,0,none
2015-01-23 03:00:00,229.39033201020584,6.899932812270641,27.722076425879777,2.0646783941827453,0,none
2015-01-23 04:00:00,199.1645616227705,6.128911839568836,29.493795398016506,1.5044911937740402,0,none
2015-01-23 05:00:00,204.98854146512576,5.836716883115212,35.50915061209963,2.0085480649015093,0,none
2015-01-23 06:00:00,220.95917894821017,5.309840769373858,27.54878364848345,1.8829167296356657,0,none
2015-01-23 07:00:00,204.0696295490458,5.023060366678073,33.92513736147346,1.9367004561812884,0,none
2015-01-23 08:00:00,226.3462148398771,5.826397962635694,30.128805239128734,2.05619998204485,0,none
2015-01-23 09:00:00,221.5062457512628,5.315306369781951,31.98434319451103,1.6749493368685362,0,none
2015-01-23 10:00:00,190.14324212863727,5.959805276766387,38.63933694489218,1.804916978534888,0,none
2015-01-23 11:00:00,214.3187252189797,5.981446755614432,31.05451613166867,1.5551307574165312,0,none
2015-01-23 12:00:00,192.9272896994342,4.6962413207252585,30.25338886427526,1.8489820164467357,0,none
2015-01-23 13:00:00,192.39886960500485,6.018145838805635,36.45573074029568,1.9436801110317183,0,none
2015-01-23 14:00:00,210.21554318735508,7.10481320557018,29.50571296045292,1.8571219853926424,0,none
2015-01-23 15:00:00,210.0562756337025,5.384594030818759,28.932607210531515,1.8866166993490532,0,none
2015-01-23 16:00:00,209.0186163952169,6.2681314183398165,35.49316436855423,1.477258376698087,0,none
2015-01-23 17:00:00,224.07159969240928,6.207691010222238,39.61325385159879,1.8216160140664948,0,none
2015-01-23 18:00:00,212.82188830920975,6.443590433349922,34.50170353108512,1.591774297484985,0,none
2015-01-23 19:00:00,201.58632048697464,5.776881341626194,29.28407071187048,1.9157168113503256,0,none
2015-01-23 20:00:00,210.78618380791823,5.8906668538923626,28.67661299794611,2.050751496189677,0,none
2015-01-23 21:00:00,203.42809545150496,6.46580198596978,33.026211404433,2.006452382443352,0,none
2015-01-23 22:00:00,208.60772118115392,6.205757702399852,32.89555896124534,1.7026013969289804,0,none
2015-01-23 23:00:00,196.07429435946725,5.589328714200098,27.9868309652431,1.713349473486396,0,none
2015-01-24 00:00:00,208.06069215378372,5.509977514889785,35.46849866178927,1.8117621573365432,0,none
2015-01-24 01:00:00,210.5929202647319,5.618787335713992,36.039442658516776,1.9008501627486103,0,none
2015-01-24 02:00:00,201.25372846793428,6.152709982093207,33.495593459555536,2.030764622529248,0,none
2015-01-24 03:00:00,209.87675721224343,6.2655067654975625,31.437639336839503,1.954458061371573,0,none
2015-01-24 04:00:00,201.8685629794209,4.676105491646795,36.50021912941734,1.8308915285915328,0,none
2015-01-24 05:00:00,201.9238136957512,4.999184926362008,29.436671685566964,1.9482589101523424,0,none
2015-01-24 06:00:00,207.02549403792804,6.073584555312635,31.3592518519555,1.8735027000141933,0,none
2015-01-24 07:00:00,215.09497736864165,6.489947278502512,36.796368235147305,1.947887536673796,0,none
2015-01-24 08:00:00,207.0150698813057,5.786416226770417,28.58866485303731,2.1670225140520705,0,none
2015-01-24 09:00:00,211.6114124169682,6.03980129617682,31.68080976030137,2.417466574546311,0,none
2015-01-24 10:00:00,220.65642438390185,6.273201868864162,33.82147727125847,1.8627218668995715,0,none
2015-01-24 11:00:00,206.0874632260345,5.834651201106591,27.06332440265141,1.7482044791319238,0,none
2015-01-24 12:00:00,208.19561547364412,5.456162906028784,27.33408342560778,2.214979538335732,0,none
2015-01-24 13:00:00,215.3318998399428,5.771936465151061,33.04982257450252,1.8479636158383004,0,none
2015-01-24 14:00:00,194.79587665637544,6.711081003375658,33.57418878277939,1.6824026743419225,0,none
2015-01-24 15:00:00,215.70992695213044,6.503525947826097,33.39953533405604,2.053626219025237,0,none
2015-01-24 16:00:00,203.18939197779696,5.991429581925457,26.18344301531839,1.8784133543135817,0,none
2015-01-24 17:00:00,196.18995937657968,5.623220536989015,31.6371507933796,1.9436430856545188,0,none
2015-01-24 18:00:00,188.87860942254815,5.647343233879785,31.340548061794337,1.775034608296845,0,none
2015-01-24 19:00:00,201.1001250883361,5.962037408285295,28.85138281819661,1.625679249818796,0,none
2015-01-24 20:00:00,195.81675100133148,5.0765382969820365,28.61677241793759,1.6809100688183078,0,none
2015-01-24 21:00:00,195.7210484806353,6.670967263705824,26.713136956542733,2.0411159078830616,0,none
2015-01-24 22:00:00,228.28472986559345,5.878024115046541,34.498838945179415,1.516676714048768,0,none
2015-01-24 23:00:00,195.3299402601924,6.423868994505199,32.58836422039068,1.7783197755615328,0,none
2015-01-25 00:00:00,220.97542633997156,6.037181276718251,27.848316993492386,2.0872087893418967,0,none
2015-01-25 01:00:00,215.7264038068111,5.898517859047436,29.07303291832669,1.4858389418686333,0,none
2015-01-25 02:00:00,199.1292833651739,5.935703774740908,31.20735855216261,1.6640609261497603,0,none
2015-01-25 03:00:00,202.30422857451788,5.992577803950851,35.246584524463984,1.7589043433017422,0,none
2015-01-25 04:00:00,204.63741577530425,5.848446821811317,30.51141310594712,1.9962116733228632,0,none
2015-01-25 05:00:00,211.60814003079457,5.751644420027175,27.82947360860139,2.043094495270414,0,none
2015-01-25 06:00:00,205.35553812589512,5.408180768536234,33.33625956642804,1.921784983475696,0,none
2015-01-25 07:00:00,218.9947023181068,6.463501906224515,33.5896428509198,1.9506149957788852,0,none
2015-01-25 08:00:00,206.00127839570027,5.170276461078539,33.21493662775357,1.7875512454146765,0,none
2015-01-25 09:00:00,184.26701499262555,5.778089795129398,33.02846960539909,1.78365945091758,0,none
2015-01-25 10:00:00,208.28152950918917,5.305668461867112,27.561415003270824,1.7764265041020382,0,none
2015-01-25 11:00:00,187.9042419835862,6.771453155315265,32.971216489185096,1.727005834606743,0,none
2015-01-25 12:00:00,220.28255655203424,5.664578429370449,33.75653174188791,1.843963112309804,0,none
2015-01-25 13:00:00,200.720509672424,4.199517842731007,31.52567210160832,2.08361549489886,0,none
2015-01-25 14:00:00,196.45463164627827,6.225671301861624,32.75654123321639,2.041803558774748,0,none
2015-01-25 15:00:00,202.5331504885752,4.933542845552614,28.84935656012316,2.386578624525524,0,none
2015-01-25 16:00:00,216.1904740421625,5.744893480162352,26.63993760703768,1.6923493966565268,0,none
2015-01-25 17:00:00,187.1312602967875,6.22036327822932,27.30236744658943,1.3088821044583474,0,none
2015-01-25 18:00:00,212.34405264372356,5.418173508194903,32.57394441986752,1.9762131868208777,0,none
2015-01-25 19:00:00,198.114299515255,5.205864315942978,31.90761089309289,1.9690591026807185,0,none
2015-01-25 20:00:00,209.29942274149013,6.303386443231377,24.54956613344512,1.5941073695254897,0,none
2015-01-25 21:00:00,217.2792561348682,5.249668120007284,28.277550511671976,1.8884527269175004,0,none
2015-01-25 22:00:00,216.0094268714833,5.90788932773653,28.709303614689137,2.060470651145806,0,none
2015-01-25 23:00:00,226.84174772042783,6.586193752033767,24.22884815326564,1.5245159259940682,0,none
2015-01-26 00:00:00,210.8964081730176,5.56200452426801,32.252403174010354,2.092184232049592,0,none
2015-01-26 01:00:00,201.2602340958172,5.857797232877596,31.35407399477275,1.926760644299781,0,none
2015-01-26 02:00:00,234.39436299839477,6.034954366175102,33.557469823070335,1.8808701587568517,0,none
2015-01-26 03:00:00,205.87872689114772,6.917028611651945,33.23080326222053,2.3320041635204447,0,none
2015-01-26 04:00:00,218.77107892576407,6.121466583776979,26.50770783808442,2.269705430230148,0,none
2015-01-26 05:00:00,220.20340681878696,5.7548140534483885,32.27034758873452,1.4211515137959014,0,none
2015-01-26 06:00:00,214.67786798638855,6.536268886655299,31.205991427204022,1.426731138849048,0,none
2015-01-26 07:00:00,225.9417997786114,5.071361626523707,30.288202692255933,1.7067493775776752,0,none
2015-01-26 08:00:00,206.9726590571624,6.0238816842380905,27.543101395830742,1.49359320827806,0,none
2015-01-26 09:00:00,195.106451961818,5.48830131782186,31.924999637877026,1.847808603446844,0,none
2015-01-26 10:00:00,205.21303095815225,6.652974251389018,34.467211185079805,1.5256176576634606,0,none
2015-01-26 11:00:00,203.04722063583705,5.584769582375815,32.56249474931011,2.2100454449812785,0,none
2015-01-26 12:00:00,213.2049837341832,5.541245403374504,31.653100500584824,1.8415850065014865,0,none
2015-01-26 13:00:00,214.04105779053504,6.13313483216453,29.902678661936825,1.8118106992355008,0,none
2015-01-26 14:00:00,232.7745807731366,5.897443085458638,32.91431520969844,1.5602970749743632,0,none
2015-01-26 15:00:00,211.364894405886,7.060451332782039,34.68621834154199,2.2034698739659926,0,none
2015-01-26 16:00:00,245.2469403471316,6.948298606189638,26.176655737047625,1.861211987676316,0,none
2015-01-26 17:00:00,241.69765527549163,6.368038477541545,33.07055394801914,1.2328026218518535,0,none
2015-01-26 18:00:00,219.66426798976545,5.79494919992506,35.335345996726815,2.0155323024236487,0,none
2015-01-26 19:00:00,226.4986594701928,6.174703088165155,33.91133972347144,2.080177385475726,0,none
2015-01-26 20:00:00,220.53640357059984,5.819940906416466,28.69256072778925,2.090134447119506,0,none
2015-01-26 21:00:00,210.8710350995657,5.641223222192007,32.06498509825532,1.7515474956054775,0,none
2015-01-26 22:00:00,193.98518863821644,4.580482015350626,34.240190177942466,1.965238357414046,0,none
2015-01-26 23:00:00,224.581775996682,6.590165519488414,33.50492564416151,1.5673710986767737,0,none
2015-01-27 00:00:00,224.47408577259975,6.79641859903856,28.09979268831333,2.016975130080556,0,none
2015-01-27 01:00:00,243.93440150382665,7.141470477092672,35.75901028694493,1.8524830923670956,0,none
2015-01-27 02:00:00,201.71350015831197,5.622347999513607,33.62434793059011,1.8005436909297037,0,none
2015-01-27 03:00:00,217.1878078028758,5.432949882530998,24.394285707326446,1.668442591566666,0,none
2015-01-27 04:00:00,235.08683037347416,6.059725096190048,28.880409812135817,1.98649655253418,0,none
2015-01-27 05:00:00,228.846806302058,5.573989363221426,23.29447848297557,1.833918384712892,0,none
2015-01-27 06:00:00,226.28611200688917,5.792478030595697,21.40889365001529,1.8068304216037936,0,none
2015-01-27 07:00:00,217.6684130294389,5.749074769993585,33.07487455226227,2.103717071519199,0,none
2015-01-27 08:00:00,227.2052151249628,6.541156064993695,34.282991023219665,1.465742668550765,0,none
2015-01-27 09:00:00,222.13508501194764,6.271976978594987,27.934397314650056,1.7046053748881624,0,none
2015-01-27 10:00:00,226.19218688440407,5.860194949546093,27.69614036789373,1.6703107627373286,0,none
2015-01-27 11:00:00,218.16552346053788,6.445854469598169,33.7211551878138,1.4016563696904347,0,none
2015-01-27 12:00:00,238.66762306942604,6.59797062692088,30.08066442373493,2.0602973483798857,0,none
2015-01-27 13:00:00,237.17474712031296,4.939497968895843,26.18862353016158,1.779777788915059,0,none
2015-01-27 14:00:00,240.38756900274348,6.07575922098318,27.72548090681857,1.7114278972527026,0,none
2015-01-27 15:00:00,220.6116245004554,5.183793370150157,28.345676601320505,2.072787175419324,0,none
2015-01-27 16:00:00,221.3408641268885,7.353608025051926,29.43191396276472,1.688499351313657,0,none
2015-01-27 17:00:00,220.8076462004311,5.473305658531762,26.21351151068523,1.8342843896229,0,none
2015-01-27 18:00:00,240.82148090685035,5.093830877606049,30.831601085135382,1.819027408914115,0,none
2015-01-27 19:00:00,221.3944403362691,5.841647918561743,34.37226327346369,1.6027170870423504,0,none
2015-01-27 20:00:00,226.00618793198555,6.051015601987287,33.45581002653644,1.9554228352073708,0,none
2015-01-27 21:00:00,229.29712988559257,6.275207956921873,35.0841154335725,1.2250238695195144,0,none
2015-01-27 22:00:00,232.7444250259227,5.176864987347648,26.569442535928168,1.9288900167645844,0,none
2015-01-27 23:00:00,221.7663834388719,6.029969358236003,31.15082815264687,1.6797072596761031,0,none
2015-01-28 00:00:00,252.100527431616,5.977493280687773,26.15146100263092,1.7489117873549969,0,none
2015-01-28 01:00:00,214.10843322616984,6.156038944921685,36.74856022985599,1.9184588514317635,0,none
2015-01-28 02:00:00,208.31626580938385,6.342403598638022,28.92483062549809,1.7811449374744797,0,none
2015-01-28 03:00:00,225.3639938678713,6.62702515091852,23.10968013183673,1.7333838332986835,0,none
2015-01-28 04:00:00,245.3861433978197,5.292504763369477,27.160201355149077,1.6018127718304715,0,none
2015-01-28 05:00:00,225.48525044313183,5.961365536239941,31.04770480882032,1.7013147833411344,0,none
2015-01-28 06:00:00,226.14651602680857,5.0367529332718055,33.05161549522562,1.9700661029773177,0,none
2015-01-28 07:00:00,234.8914373773652,6.055492004301186,34.828888577472455,1.8185544731540892,0,none
2015-01-28 08:00:00,223.7243325903244,6.262652103023651,32.98907020494441,1.7514177371631912,0,none
2015-01-28 09:00:00,226.0765371429178,5.801893769665405,29.881319172943492,1.7107453352090856,0,none
2015-01-28 10:00:00,238.8988163807431,5.358330304454496,29.62046021393192,1.7509361251210214,0,none
2015-01-28 11:00:00,225.9610503957075,5.530872796307521,30.68432768338653,1.7825374041497315,0,none
2015-01-28 12:00:00,216.1429602001286,7.502218198910754,35.09517045907117,1.447414321547794,0,none
2015-01-28 13:00:00,229.45655343656344,5.6083116924598695,35.66357132461687,1.736934396021716,0,none
2015-01-28 14:00:00,196.72993986561124,6.845884741987356,31.805040748727,1.786959480937052,0,none
2015-01-28 15:00:00,192.47314898601317,5.83487348705563,35.58821825297285,1.6960644233119189,0,none
2015-01-28 16:00:00,207.9740200952418,6.898629737303672,32.29349037876288,1.5344851481931927,0,none
2015-01-28 17:00:00,196.62074092221667,4.91075963934016,33.906506425794845,1.4508550102860862,0,none
2015-01-28 18:00:00,216.1404794836365,5.779198034300203,33.2950433839777,1.767548372141095,0,none
2015-01-28 19:00:00,207.6927439901913,5.883245581653672,27.821883766946105,1.6350569287765,0,none
2015-01-28 20:00:00,200.50407764621696,6.181244354783019,38.76253729239647,1.650346757756438,0,none
2015-01-28 21:00:00,228.23373547279144,6.325886212632886,26.30308022549064,1.6590291657734713,0,none
2015-01-28 22:00:00,208.1222501444183,5.908071263913323,25.59985390607688,1.6166631010139143,0,none
2015-01-28 23:00:00,225.89867343216773,5.2830216791891855,36.367231715926565,1.64058255275312,0,none
2015-01-29 00:00:00,208.08185507027127,5.207113713742436,34.77267183555284,1.2626311965748205,0,none
2015-01-29 01:00:00,205.5765644686097,5.6844491137721205,30.157887707827687,1.7741448684672272,0,none
2015-01-29 02:00:00,213.73265460402743,5.795008431351865,26.978023463318785,1.806070014089546,0,none
2015-01-29 03:00:00,221.35121098901016,6.126863038561528,26.787390235740688,2.010558986019776,0,none
2015-01-29 04:00:00,240.8017151585353,4.750101095237463,32.060930292471326,2.1873494364755217,0,none
2015-01-29 05:00:00,197.38654966293765,5.576187005976676,31.16210311266644,1.8789161648085813,0,none
2015-01-29 06:00:00,207.26932611579397,5.914251864083788,32.17878734271474,1.7968480432625715,0,none
2015-01-29 07:00:00,221.90694772479563,6.066797645062575,39.26780593711932,1.50108021310979,0,none
2015-01-29 08:00:00,213.36310771155283,5.087005939208818,30.657747091699196,1.695334928025226,0,none
2015-01-29 09:00:00,207.2239025785561,5.857968165895915,32.685810864252986,1.7954824003962364,0,none
2015-01-29 10:00:00,194.2771229538729,5.434959023226427,36.39948921977752,1.7524575345115048,0,none
2015-01-29 11:00:00,206.16409613986133,5.756953434545975,35.83416623909237,1.8890910721513,0,none
2015-01-29 12:00:00,207.2539590667128,5.573248348483342,34.520726187686954,1.8202621799808576,0,none
2015-01-29 13:00:00,208.44911316549107,6.982020267419886,31.692142211456787,1.6757943092047447,0,none
2015-01-29 14:00:00,228.11006341293336,5.324240928323809,33.39881262115307,1.571736499040947,0,none
2015-01-29 15:00:00,204.03691258508923,5.803112834502761,28.07405445680137,1.3743666430937056,0,none
2015-01-29 16:00:00,191.1064397931269,5.402602879840423,31.44876758415484,1.9745402943975932,0,none
2015-01-29 17:00:00,215.15988046562373,5.973287524595475,37.02666064910743,1.888809263905873,0,none
2015-01-29 18:00:00,208.09888429054504,5.556819135496887,31.368503183055687,1.734460500203324,0,none
2015-01-29 19:00:00,207.02656672964636,6.455277022646889,39.10486898368959,1.5233712638191153,0,none
2015-01-29 20:00:00,216.77469564724024,6.0224310051832814,33.68718041304476,2.0190218760885514,0,none
2015-01-29 21:00:00,175.66309414458578,6.682100586317383,26.466580106661823,2.2591985709830733,0,none
2015-01-29 22:00:00,202.9724198904121,5.9271375040154135,34.17031850456843,1.8609278380107908,0,none
2015-01-29 23:00:00,207.6172540096356,6.114357880012301,30.90348641658366,1.9342254069745315,0,none
2015-01-30 00:00:00,216.4232903731915,6.319275726210374,32.35517510300784,2.041124932865386,0,none
2015-01-30 01:00:00,206.36896306479665,4.5205396109501095,30.471545302155413,1.8262305507571737,0,none
2015-01-30 02:00:00,197.73249730669647,4.446133903020538,32.51366281360346,1.8141642943067215,0,none
2015-01-30 03:00:00,213.7222686653456,6.00456318980898,26.813590248373806,1.7920943039834587,0,none
2015-01-30 04:00:00,209.62392482380253,4.840142889996801,29.490766189516627,1.7309207208605093,0,none
2015-01-30 05:00:00,210.68103866007868,6.246524822641842,34.18586608778507,1.890100154415021,0,none
2015-01-30 06:00:00,222.82149797367288,6.181224647398534,24.88831682292833,1.6519658755277782,0,none
2015-01-30 07:00:00,203.10516800695265,6.9328017656873255,28.414676020366635,2.2119195354728065,0,none
2015-01-30 08:00:00,194.8998808147475,5.337817179962148,24.74185044043152,1.5632001880340178,0,none
2015-01-30 09:00:00,194.54228175919087,6.260970971393576,27.832809956208425,2.2291239712604143,0,none
2015-01-30 10:00:00,197.51436856507104,5.85986101563301,32.314203260586346,1.953387791421712,0,none
2015-01-30 11:00:00,193.2930250095876,6.388550522111195,29.539373801906944,2.0181673288303323,0,none
2015-01-30 12:00:00,208.82696566414015,6.330972251576285,38.65070393139687,1.65586103962526,0,none
2015-01-30 13:00:00,230.41641443843352,6.773794192448578,32.69541107699965,1.8976120657646929,0,none
2015-01-30 14:00:00,208.24330727556205,5.581878713498801,32.006855754004995,1.7496663168215314,0,none
2015-01-30 15:00:00,218.4189191914819,6.3861311894484345,31.66856531759024,1.909625914047956,0,none
2015-01-30 16:00:00,196.60139201090053,5.575386174126116,23.15953609919409,1.387168274468646,0,none
2015-01-30 17:00:00,206.8258000445678,7.146539113442506,34.06956811328486,2.027519991203714,0,none
2015-01-30 18:00:00,215.96838302660564,6.586619540880158,27.052820367113203,1.7460794286658323,0,none
2015-01-30 19:00:00,205.27853845451483,6.418115138643837,35.15252592884415,1.6572556750351777,0,none
2015-01-30 20:00:00,218.512063648698,6.560542985530811,32.267776351586065,2.023926897962813,0,none
2015-01-30 21:00:00,217.4534110298858,5.125099465008313,33.33765465842009,1.6288815273327493,0,none
2015-01-30 22:00:00,202.05470682545655,6.809177225144245,25.678365205630136,1.7896403276039066,0,none
2015-01-30 23:00:00,200.4388046511284,6.217576155787041,23.434818013280825,1.5949649969251412,0,none
2015-01-31 00:00:00,236.76328521247507,5.0068361354178,32.769663106198536,2.0395945399399897,0,none
2015-01-31 01:00:00,207.1634845833626,6.173352439987363,29.387907365580787,1.9822415191571368,0,none
2015-01-31 02:00:00,209.4750552626568,6.3850421883602,26.771806848236054,1.8400741584549825,0,none
2015-01-31 03:00:00,208.76516424576585,5.6167852691473605,32.41048807996691,2.032350345616422,0,none
2015-01-31 04:00:00,202.80356712204215,5.735585238701961,32.515373629057834,1.4258499467404202,0,none
2015-01-31 05:00:00,198.6396589901065,6.356078035668536,30.945925790152327,1.7639450311651763,0,none
2015-01-31 06:00:00,196.21677926975912,5.859555557769573,34.84784349603054,1.962636611294484,0,none
2015-01-31 07:00:00,220.00576513789403,4.931520785938167,20.87446792732106,1.7077760705585143,0,none
2015-01-31 08:00:00,197.95389088613223,5.595788257077922,33.9420941324465,2.002993140730152,0,none
2015-01-31 09:00:00,217.1451303170845,5.611484936880764,26.759844251185218,1.996228327322293,0,none
2015-01-31 10:00:00,225.72331269903373,6.927167910646813,29.009122380122093,1.9077105142086443,0,none
2015-01-31 11:00:00,222.83552420969212,5.774293807064765,29.870437235584102,1.8555143515563404,0,none
2015-01-31 12:00:00,207.78784772601543,4.935868702326395,35.44763304608672,1.927229809351294,0,none
2015-01-31 13:00:00,203.1388095437336,6.318873096874373,24.460776252585283,1.8307196826442889,0,none
2015-01-31 14:00:00,196.87648928254447,5.669042694042545,25.762617063189577,1.7111656478369306,0,none
2015-01-31 15:00:00,209.1827966600652,6.501668247540858,37.24233185026081,1.694052618637039,0,none
2015-01-31 16:00:00,206.6984706931504,6.512280387033954,33.76516281092957,1.584945921424547,0,none
2015-01-31 17:00:00,211.21218846917765,5.712214132080368,31.66801161578774,1.819289008514732,0,none
2015-01-31 18:00:00,202.3880355325201,5.250304756229767,32.92031731388953,1.4799321646345498,0,none
2015-01-31 19:00:00,216.6988725271247,5.613470536036194,31.63573683752975,1.8332643968227371,0,none
2015-01-31 20:00:00,217.6869511217094,6.751552044215916,25.09833967224987,1.8945001271379232,0,none
2015-01-31 21:00:00,221.8850678413916,6.4659018071030605,29.973663602502004,1.6792983936298074,0,none
2015-01-31 22:00:00,235.5091087898755,4.621511457103444,29.39783942237485,1.86861935737536,0,none
2015-01-31 23:00:00,211.6949678920732,5.7280636031344,29.311596688809427,2.2647381414935897,0,none
2015-02-01 00:00:00,202.7183849019076,4.716188248040438,27.122987564727666,1.8540976836420493,0,none
2015-02-01 01:00:00,208.50083726557375,6.563986573713628,29.9181253511302,1.8105636242471983,0,none
2015-02-01 02:00:00,190.50443638026604,5.608185615103634,31.857741654368805,2.043003842852076,0,none
2015-02-01 03:00:00,210.9061312123476,5.667437556713974,35.34293537518356,1.6675223779829051,0,none
2015-02-01 04:00:00,204.45782745361743,5.814811743865202,33.31236218801551,1.8346208930321848,0,none
2015-02-01 05:00:00,214.1104419014476,5.853788897276331,31.620772145778247,2.044754469700946,0,none
2015-02-01 06:00:00,206.2783938576893,6.608932810589887,30.022342011046128,1.6791725297645774,0,none
2015-02-01 07:00:00,193.3703917515408,5.305305975120572,30.216501654144423,2.1106046414696533,0,none
2015-02-01 08:00:00,209.8228201690832,5.892776661218646,32.92603397946888,1.8146684700075395,0,none
2015-02-01 09:00:00,193.69234490962108,6.631247682839411,28.8756016067864,1.9185783483843064,0,none
2015-02-01 10:00:00,219.8089704926205,5.235374891894067,33.537243959681675,1.6418627342506384,0,none
2015-02-01 11:00:00,188.1665064863541,5.450207885704554,28.222949849868463,1.5003848306189085,0,none
2015-02-01 12:00:00,207.7515932236093,6.139527225502737,31.94915495958261,1.7056942062866969,0,none
2015-02-01 13:00:00,214.71361104263732,5.025062359666409,37.06729518508759,1.769464330663763,0,none
2015-02-01 14:00:00,191.7614041361055,4.85200387969684,30.19383892231155,1.672631386986874,0,none
2015-02-01 15:00:00,225.63580070478477,7.047581700118927,33.818620734157136,1.854827965280724,0,none
2015-02-01 16:00:00,199.12289913355625,5.782185719058013,31.32152656896596,2.08189399306303,0,none
2015-02-01 17:00:00,203.52171274802075,5.720579959872477,32.53024084900751,1.6710334069418324,0,none
2015-02-01 18:00:00,211.29387871118996,5.88460933765673,31.78015560999684,1.826664080058956,0,none
2015-02-01 19:00:00,205.48530672727227,6.315719164641443,30.012498698608283,1.615759993788581,0,none
2015-02-01 20:00:00,197.3748778677669,7.058483804672436,28.15463525962697,1.931254781513692,0,none
2015-02-01 21:00:00,214.1490458617806,5.4801482488803055,32.09517628685617,1.5874592569050172,0,none
2015-02-01 22:00:00,203.3140429369637,5.764093782704665,33.876361424090305,1.9071470400063044,0,none
2015-02-01 23:00:00,215.27672251420785,5.729735074639044,32.06931995654341,1.9728431252600016,0,none
2015-02-02 00:00:00,203.54036871663024,5.592398744238928,27.380976349643568,1.3836159562850767,0,none
2015-02-02 01:00:00,198.28829157327465,6.213039584966857,36.23976140780465,1.8497907370804687,0,none
2015-02-02 02:00:00,208.2998952012584,6.705407451698553,30.97842521538623,1.9208578963542997,0,none
2015-02-02 03:00:00,216.93568559874893,5.625778765436944,30.41330276131217,1.7131396367391163,0,none
2015-02-02 04:00:00,212.21064066282065,6.112795687456429,32.806268556247105,2.00033169981606,0,none
2015-02-02 05:00:00,208.71423593545447,5.170290806552009,35.3419302038023,2.0558295716860915,0,none
2015-02-02 06:00:00,186.79194596125632,6.156054531109435,34.32563101659323,2.2467522694184034,0,none
2015-02-02 07:00:00,226.24382453554188,4.964284710882124,32.80328056360463,1.6107198782333354,0,none
2015-02-02 08:00:00,208.93468690882048,4.336744342609393,26.963874106708424,1.736698640589694,0,none
2015-02-02 09:00:00,199.3705906260189,5.351917991098304,31.84252823912799,1.7845297002786986,0,none
2015-02-02 10:00:00,207.05739438297343,5.091820108094408,32.38548255402061,1.731799387736674,0,none
2015-02-02 11:00:00,212.4303877354841,6.191003205596849,27.064395794665074,1.9657745984063213,0,none
2015-02-02 12:00:00,191.77609895972785,5.7493968873811125,26.206712248517228,1.453674504209325,0,none
2015-02-02 13:00:00,217.7233833694462,6.611395793081218,28.13130627393616,1.914203746258636,0,none
2015-02-02 14:00:00,212.26299493445143,5.666589419610046,33.74541491654878,1.7682021385864104,0,none
2015-02-02 15:00:00,223.3576602497038,6.040889058332062,31.000215416314383,1.7474445149825324,0,none
2015-02-02 16:00:00,220.84229691159655,4.540802986819088,35.25695415424528,1.9129298965596144,0,none
2015-02-02 17:00:00,203.15484048564144,5.6573025672673465,33.152101097235686,1.6753820701535809,0,none
2015-02-02 18:00:00,203.7079621444633,5.938754401519406,36.08277768320324,1.7651450360331442,0,none
2015-02-02 19:00:00,197.84417452489572,5.8633565119439925,37.28732331897467,1.5733752631091615,0,none
2015-02-02 20:00:00,205.20027178390757,5.062611096412095,27.964432959117204,1.5719859653541437,0,none
2015-02-02 21:00:00,220.3585030835984,5.302653745848261,24.565712318522944,2.319576084828369,0,none
2015-02-02 22:00:00,230.198756979872,4.75764887769888,36.44678621071846,1.678887089973248,0,none
2015-02-02 23:00:00,220.1734390638553,5.888917000216743,30.2180457095109,1.642450375804022,0,none
2015-02-03 00:00:00,188.15979865776356,7.1550039871017805,25.9391801755738,2.1148855471023187,0,none
2015-02-03 01:00:00,218.9370267054716,6.511019479446348,32.876395412453014,1.874986160451937,0,none
2015-02-03 02:00:00,221.4252652046632,5.510297804472666,30.69976048964868,1.6725612069941609,0,none
2015-02-03 03:00:00,216.56406800256704,6.955388627181228,37.74033196232447,1.6751424025498218,0,none
2015-02-03 04:00:00,199.47582690324552,6.469601300212993,35.210575611238696,1.9472293104979623,0,none
2015-02-03 05:00:00,221.75304173711612,5.711706076860429,39.4243012199974,1.6947535475835775,0,none
2015-02-03 06:00:00,217.8646623526656,6.249317484211868,34.09375521867878,1.9917554049147932,0,none
2015-02-03 07:00:00,217.089086463382,3.98289554570605,30.80996891528861,1.4615871148600998,0,none
2015-02-03 08:00:00,204.97158208615863,6.252879422750956,26.691785804608838,2.0669266903854213,0,none
2015-02-03 09:00:00,219.2157316799197,5.5140664213187325,34.23995467528071,2.119164784308483,0,none
2015-02-03 10:00:00,210.69337674136528,5.159698714074246,31.24069840298652,2.0360997525205544,0,none
2015-02-03 11:00:00,208.61168248338043,5.628382332592665,32.76255614279265,1.8731409731047977,0,none
2015-02-03 12:00:00,226.65763366917577,5.574563807284806,27.93772688064637,2.1894855243214058,0,none
2015-02-03 13:00:00,218.18663771809565,5.806146943987989,34.608335099867645,1.6927700016709315,0,none
2015-02-03 14:00:00,176.0418180046005,4.842247050088634,25.063658667208784,1.7518201890098073,0,none
2015-02-03 15:00:00,204.44773809092425,5.479529581443559,34.581276109160314,1.7508673892119218,0,none
2015-02-03 16:00:00,192.13525061309252,6.275751762512327,32.254374936425265,1.810471867146752,0,none
2015-02-03 17:00:00,216.23180290612115,6.120582371082547,34.469602826444195,2.207265535888742,0,none
2015-02-03 18:00:00,204.26137829392144,5.54130746944774,32.16047600712989,1.7558547230043984,0,none
2015-02-03 19:00:00,219.8588605534396,6.150621414842728,26.354217270357267,1.6924865799691609,0,none
2015-02-03 20:00:00,214.8278911910097,5.859385780154837,35.458792759354694,1.6012715266671491,0,none
2015-02-03 21:00:00,209.6540326861854,6.694095214014276,28.424439858590475,1.8174329850581703,0,none
2015-02-03 22:00:00,208.4104609826833,5.862461905841129,25.716631924781066,1.8837739226784749,0,none
2015-02-03 23:00:00,205.2053295533606,6.839645198665302,29.89813921757925,1.4766164589576292,0,none
2015-02-04 00:00:00,211.7137222131924,4.691439510403004,33.10100366837949,1.459266930108574,0,none
2015-02-04 01:00:00,196.53572553862344,6.039416933383878,30.15057757398587,1.7976522145606435,0,none
2015-02-04 02:00:00,217.20674309897788,5.562875652370522,30.680359350622197,1.9163109559182467,0,none
2015-02-04 03:00:00,204.82411003400696,5.735225547189078,38.85112996681353,1.7867925695079303,0,none
2015-02-04 04:00:00,200.7636715341353,6.344794970960867,29.920579438076665,1.6528585252123231,0,none
2015-02-04 05:00:00,205.6133263686266,6.156418620497906,26.538471855757635,2.09541950295218,0,none
2015-02-04 06:00:00,231.15581671033075,5.770189829566235,27.62772181388751,1.909144491020353,0,none
2015-02-04 07:00:00,188.99472406529472,5.624913392706322,27.66514933139927,1.7748471575437068,0,none
2015-02-04 08:00:00,205.3493174789757,5.91010708877765,36.88701351316169,1.768796264973342,0,none
2015-02-04 09:00:00,210.63531544417373,6.144806692234333,24.58205480390469,1.8777236901052703,0,none
2015-02-04 10:00:00,203.15811129070116,6.025866932234957,29.048226935466683,1.982229511603376,0,none
2015-02-04 11:00:00,204.6250016737649,6.187807673673783,33.4479968080487,1.7442763840622733,0,none
2015-02-04 12:00:00,213.83580209072696,4.84241092042653,40.65078010053741,1.3006149093124697,0,none
2015-02-04 13:00:00,211.98075047305736,6.067133090658524,29.02535000707725,1.7784941649738106,0,none
2015-02-04 14:00:00,201.5785712381985,5.448223096899746,29.48009093956013,2.0054202319589134,0,none
2015-02-04 15:00:00,215.98391141732984,6.437865659453706,33.65529943019212,1.7210009445465249,0,none
2015-02-04 16:00:00,211.48133513447692,5.470484031206501,34.1616321194785,1.860046261365992,0,none
2015-02-04 17:00:00,217.3639787599003,5.386049440567932,29.305642801664437,1.6662018320997858,0,none
2015-02-04 18:00:00,193.993881373322,6.496035710831219,28.666229835993363,2.2816553580811467,0,none
2015-02-04 19:00:00,200.48571885513388,6.173932916597495,31.054528838016957,1.840333168871044,0,none
2015-02-04 20:00:00,207.16170685081764,4.790270156266439,31.26013835105624,1.8296768518813555,0,none
2015-02-04 21:00:00,220.52907075715112,6.1584083129658485,32.64954685605804,1.9129108664394956,0,none
2015-02-04 22:00:00,203.2582419450985,5.321247501815542,33.310799410253296,2.1553058368416207,0,none
2015-02-04 23:00:00,197.41044522500687,5.729828665547921,27.8903477780253,2.236803304046088,0,none
2015-02-05 00:00:00,218.3551827626927,6.722230475782018,31.15234856406371,1.7704157506229954,0,none
2015-02-05 01:00:00,214.79920468050173,6.423005118485279,30.58842056467536,1.8384597711679131,0,none
2015-02-05 02:00:00,195.17297476267515,4.705977642622428,28.746356397774512,1.8439580218343243,0,none
2015-02-05 03:00:00,233.15216284185345,5.172370174653395,24.574063187512184,1.7462061312710229,0,none
2015-02-05 04:00:00,226.79198992438077,6.184391756263962,25.95984602489672,1.8201010559976885,0,none
2015-02-05 05:00:00,193.2779544397188,6.250917678677417,36.465143701880805,1.5679042147075677,0,none
2015-02-05 06:00:00,234.3905242560304,6.044890386335686,36.23616749637303,1.7747846677026098,0,none
2015-02-05 07:00:00,189.32993602350464,6.171236435987594,34.614891321617264,1.7153355316640928,0,none
2015-02-05 08:00:00,210.58254549726547,5.821443078212761,34.64279864953397,1.9815876734849376,0,none
2015-02-05 09:00:00,196.1524356997932,5.7860450643076575,27.28610207613635,1.5123451328497928,0,none
2015-02-05 10:00:00,205.02262702457267,5.544395529673478,30.236811078512144,1.698629022093905,0,none
2015-02-05 11:00:00,205.3502321693488,5.679361566908703,32.87601391165612,2.2643420077044496,0,none
2015-02-05 12:00:00,213.1456658338701,5.297123645432647,31.09417874463065,2.051800332662552,0,none
2015-02-05 13:00:00,196.34903727121792,5.505594720415847,30.962897860963835,1.914025781346592,0,none
2015-02-05 14:00:00,177.39964731848832,5.923345748767746,33.7399923663868,1.7160492511551868,0,none
2015-02-05 15:00:00,208.2862378363029,5.597254692798113,31.99516227996823,1.8907441971219037,0,none
2015-02-05 16:00:00,200.73196113424788,5.814461364219868,30.16370079785193,1.630231405064271,0,none
2015-02-05 17:00:00,211.8445799743258,5.306169935979754,32.271971090712896,2.108734469644991,0,none
2015-02-05 18:00:00,199.5503444754044,6.090408153190453,30.187185174672717,1.96240171623213,0,none
2015-02-05 19:00:00,218.5933314379216,6.505899174234221,28.49375908224735,1.5287866016885052,0,none
2015-02-05 20:00:00,209.73698277519907,5.066145162534943,30.883279892660028,2.0807951714483344,0,none
2015-02-05 21:00:00,216.40120973782385,6.213429885120805,35.83824876799714,2.116478665128996,0,none
2015-02-05 22:00:00,197.8508604224018,5.202975355719758,31.642295245869263,1.5352982257334973,0,none
2015-02-05 23:00:00,206.9454858717368,5.751759345604505,26.85102769595964,1.6788696070923712,0,none
2015-02-06 00:00:00,213.39097234831797,4.97014665446612,29.899073455830223,1.6949532320325338,0,none
2015-02-06 01:00:00,208.3608948618104,5.630444970458928,35.3808323759799,1.8113832942530708,0,none
2015-02-06 02:00:00,228.59514799708467,4.7032223717631885,31.88377321619935,1.8637393588576183,0,none
2015-02-06 03:00:00,186.616523981857,6.55836507004531,34.17173214351066,1.5391088178894188,0,none
2015-02-06 04:00:00,218.17389578998169,6.506947014125219,23.73589562115993,1.737929100490654,0,none
2015-02-06 05:00:00,209.56557496135247,6.439543807507887,34.019297415984155,1.8002646728727572,0,none
2015-02-06 06:00:00,220.3742756838637,5.293807675334175,35.42315635181841,1.7289178870122242,0,none
2015-02-06 07:00:00,208.25144980277696,4.752719322960816,29.18745484394724,2.6087039914406875,0,none
2015-02-06 08:00:00,177.60038030461453,6.112655623419627,31.458506287840763,2.004348257624968,0,none
2015-02-06 09:00:00,214.27634060648344,5.73196871880182,33.68448665286418,1.6830276097114008,0,none
2015-02-06 10:00:00,206.86369998777596,5.299362374621026,27.15495343574656,1.7295897744514066,0,none
2015-02-06 11:00:00,197.91567785880235,5.771094427573939,35.067927549256645,1.475742111276639,0,none
2015-02-06 12:00:00,201.7791897093176,5.277944634553643,31.41889660840917,2.010918077890252,0,none
2015-02-06 13:00:00,210.04426711065963,6.428212367718625,29.31556705105088,1.7834355074100274,0,none
2015-02-06 14:00:00,237.8571139847129,4.696532709523139,28.524884225847803,1.4330451486170377,0,none
2015-02-06 15:00:00,211.5821911669869,6.07332015688741,33.425508821197646,1.5062254952230676,0,none
2015-02-06 16:00:00,198.0277806884566,6.015871542693786,32.6459518456575,2.04677767915135,0,none
2015-02-06 17:00:00,231.4917161659882,5.199539006755766,36.85093808762128,1.6019937142964338,0,none
2015-02-06 18:00:00,204.3087280148303,5.354678785791709,37.73377774617416,1.762523081972541,0,none
2015-02-06 19:00:00,199.7683500478507,5.8935534864214665,32.470604458225736,1.715102219900518,0,none
2015-02-06 20:00:00,194.92274441336164,6.206283302319761,24.75172288195491,1.8642488605712275,0,none
2015-02-06 21:00:00,201.5779369097221,6.1185832790649,30.35257256114869,1.8739696899690288,0,none
2015-02-06 22:00:00,231.8579673701797,5.130667702940606,26.52306858059224,1.7308791620265054,0,none
2015-02-06 23:00:00,219.9198695345469,6.646916560806346,28.665940314648036,1.4966791094576712,0,none
2015-02-07 00:00:00,217.94643093432992,5.717082402237663,31.205104215475803,1.8042512992869084,0,none
2015-02-07 01:00:00,211.0999779668885,5.708351808127597,33.105283332974054,1.4319300441670957,0,none
2015-02-07 02:00:00,212.68415773701824,6.188720594698943,29.211737435564668,1.7735232750196053,0,none
2015-02-07 03:00:00,216.2374327337485,5.963812180368837,30.169434574197386,1.7951446780827922,0,none
2015-02-07 04:00:00,211.90340034783856,6.25551262999214,30.89239113040096,1.9759019951391723,0,none
2015-02-07 05:00:00,211.1977933398373,6.198792566250291,28.54491301370166,1.520801447948176,0,none
2015-02-07 06:00:00,220.46843399242223,5.679397858533058,36.29463233978287,1.7611524849956774,0,none
2015-02-07 07:00:00,207.4733282748239,5.96961162940198,33.28178710892328,1.6658200328030484,0,none
2015-02-07 08:00:00,212.35782854638296,5.869542666158286,34.55401207880775,1.9818255265650928,0,none
2015-02-07 09:00:00,198.98208041764585,6.677223646987633,29.24602432612883,1.479135609204518,0,none
2015-02-07 10:00:00,227.7819394805183,5.608004067320376,26.29806206447869,1.7835779796876938,0,none
2015-02-07 11:00:00,225.56272075784875,6.222636557697053,33.45307242503989,2.024268326348042,0,none
2015-02-07 12:00:00,188.36498790847384,6.074042666503081,34.429922594242406,2.0181245016444773,0,none
2015-02-07 13:00:00,206.88760371326123,5.47949196095951,27.936415803880127,1.850833529153974,0,none
2015-02-07 14:00:00,215.77991272854345,5.91567501349382,25.16317997954798,1.9960129877784087,0,none
2015-02-07 15:00:00,215.00091367412617,6.3564718273184,32.21032228071096,2.052769060767015,0,none
2015-02-07 16:00:00,218.2287139043933,5.177938960647976,36.35086098102346,1.6575866503233987,0,none
2015-02-07 17:00:00,204.2258809783177,6.173521880437753,34.1880713288305,2.1514235836204456,0,none
2015-02-07 18:00:00,195.4090154463177,6.934827968816188,31.886018270481475,2.260862389477215,0,none
2015-02-07 19:00:00,212.89708251007653,6.994063219126442,35.716719785842095,1.8922208638107785,0,none
2015-02-07 20:00:00,191.5347636564136,5.99494251243614,33.889846636298714,1.9188288869333412,0,none
2015-02-07 21:00:00,216.7724041470727,6.590938418813231,34.05581467553386,1.7250318593123022,0,none
2015-02-07 22:00:00,217.5567563050794,4.932469054367152,33.81179585508504,1.8900319500874767,0,none
2015-02-07 23:00:00,187.27837144605135,6.935377422322178,27.151294292092764,2.050374567944646,0,none
2015-02-08 00:00:00,220.29544296649505,5.921328899802934,27.179145921953918,1.40523391928688,0,none
2015-02-08 01:00:00,206.79275374332917,6.3770964486756005,33.98363443009208,2.2962329272095405,0,none
2015-02-08 02:00:00,201.5778485606372,6.40856135495837,32.00083044374908,1.990003959201473,0,none
2015-02-08 03:00:00,214.57208244468595,6.65046059414086,28.26604452474368,1.96167249919502,0,none
2015-02-08 04:00:00,224.26119551421436,6.417135276998145,33.09460636177558,1.9062162109965803,0,none
2015-02-08 05:00:00,227.56328097780712,4.302802971529303,29.65819120804659,1.7809583113808602,0,none
2015-02-08 06:00:00,195.46457827728324,6.421172368448396,28.497835587910544,2.004624308915803,0,none
2015-02-08 07:00:00,204.31830090630731,6.198584072616267,29.39002787723615,2.209663608839367,0,none
2015-02-08 08:00:00,211.0971481428272,5.9253369989765385,32.885916256256166,1.8933358600336851,0,none
2015-02-08 09:00:00,210.1644543536018,5.48144214919784,29.286990860127545,2.0003722345206136,0,none
2015-02-08 10:00:00,204.2330999889357,5.917557928222744,29.829822024652827,2.0206305881962496,0,none
2015-02-08 11:00:00,182.21544980689373,5.438291101952942,35.31706889180108,2.104689480532171,0,none
2015-02-08 12:00:00,206.16729819749676,5.790262572433388,33.112309452254976,2.09560092574128,0,none
2015-02-08 13:00:00,195.68210441260263,6.043492702565695,35.127971118964595,2.025006570672572,0,none
2015-02-08 14:00:00,209.78268572351192,5.662550733980087,38.54893743748355,1.9193293364169075,0,none
2015-02-08 15:00:00,199.67560670793347,5.514158669829513,32.36569406287671,1.867970084278593,0,none
2015-02-08 16:00:00,208.0332251660067,6.222526375248743,29.13476593803881,1.6859005141844037,0,none
2015-02-08 17:00:00,200.79204860624304,6.035099254494448,30.272346667655533,1.6501578174016394,0,none
2015-02-08 18:00:00,204.65891657445889,5.53848065087128,26.853369382007056,1.9228100699915571,0,none
2015-02-08 19:00:00,205.01378697757912,6.131552556108903,33.69578260967043,1.868613663336417,0,none
2015-02-08 20:00:00,224.81538200737964,5.7641184178012335,32.026707145043886,1.746838502749945,0,none
2015-02-08 21:00:00,217.71325907685656,5.239154213715894,29.906445820621837,1.5999257227488637,0,none
2015-02-08 22:00:00,206.7022600535894,5.973238800896485,30.32188930002483,1.685904132702498,0,none
2015-02-08 23:00:00,195.1665237077908,5.248709139986588,36.68724986178077,2.0516343404217023,0,none
2015-02-09 00:00:00,221.55605811627257,5.994985138577883,32.87962366167444,1.726584934952897,0,none
2015-02-09 01:00:00,192.7271511577486,6.531182786341013,36.76358865287996,1.605226285809907,0,none
2015-02-09 02:00:00,195.67438292297936,6.066440219044225,22.841388478867223,1.0494410549738316,0,none
2015-02-09 03:00:00,200.38952291832305,6.071151501463008,33.41836723116205,1.778210673502043,0,none
2015-02-09 04:00:00,198.11346685645705,5.3358893177315725,32.93779798815291,1.7444243127256924,0,none
2015-02-09 05:00:00,198.91029437233396,6.527566066932016,33.1609402591307,1.9213493705318976,0,none
2015-02-09 06:00:00,224.33764300063265,6.54336543940352,27.589449951366475,1.6712312387401596,0,none
2015-02-09 07:00:00,208.1658071611286,6.8789051371845,30.40653766589807,2.195974099982746,0,none
2015-02-09 08:00:00,201.08976373711255,6.1397459944450015,31.18613184514261,1.5932066366412982,0,none
2015-02-09 09:00:00,217.19430282650333,6.188368549383913,32.57690755683234,1.613873614563467,0,none
2015-02-09 10:00:00,211.69198543924293,5.020901100848259,33.30227489540164,2.092977144344631,0,none
2015-02-09 11:00:00,195.2376711053094,5.301993717528331,28.83153789947193,1.997488932302227,0,none
2015-02-09 12:00:00,202.88761568370128,5.163788986034362,31.810162757662862,1.6259399466341022,0,none
2015-02-09 13:00:00,215.59278274404764,5.420092651619216,35.60038941578233,1.4715250888186493,0,none
2015-02-09 14:00:00,232.03377883952575,5.005191814387379,33.37139602726383,2.192855572385505,0,none
2015-02-09 15:00:00,227.7584153738228,6.0787335985227,33.822935664464424,2.116302817841178,0,none
2015-02-09 16:00:00,219.12167291319625,5.805784288594906,37.31787495329963,1.9786087773789292,0,none
2015-02-09 17:00:00,209.24654287762905,5.5091796557173405,28.82423635739168,1.990251899346565,0,none
2015-02-09 18:00:00,189.36847729748877,5.720445617069712,37.24658761460081,1.8309874286942176,0,none
2015-02-09 19:00:00,200.9158740131473,6.128482867584041,34.31031275905811,1.7968167610587016,0,none
2015-02-09 20:00:00,206.8981166685685,5.926089437986217,28.430964953208555,1.8375161100918032,0,none
2015-02-09 21:00:00,215.0876162127084,5.9816899473596745,28.570117932503813,2.1124083755260328,0,none
2015-02-09 22:00:00,210.0875564038253,5.67803440254788,33.34331586244156,1.3332246490823585,0,none
2015-02-09 23:00:00,210.0750059103144,6.418014610356828,24.669666449639134,1.5619889545344017,0,none
2015-02-10 00:00:00,230.7344490416382,5.799253047944754,30.473467578056557,2.1213348585739165,0,none
2015-02-10 01:00:00,213.89734412697456,6.132486366369808,30.181339849919844,2.319066046836524,0,none
2015-02-10 02:00:00,206.1421320366325,6.297117445160941,34.790378169729976,1.8836166492240611,0,none
2015-02-10 03:00:00,204.42481269879724,6.388045780213108,23.5714257403868,2.073451250058703,0,none
2015-02-10 04:00:00,210.50458097322309,5.797007730865554,31.56928544409065,1.994221245371282,0,none
2015-02-10 05:00:00,199.9586283523321,5.883812713874383,33.87977077654036,1.894468847810462,0,none
2015-02-10 06:00:00,225.27757580326883,5.704636656406781,31.23129149037542,1.9660462949181636,0,none
2015-02-10 07:00:00,206.061059912266,5.9540840016504974,29.859664932826394,2.0595550108175416,0,none
2015-02-10 08:00:00,203.2638005512541,6.85400200383073,28.94754656444929,2.273532180061012,0,none
2015-02-10 09:00:00,199.26595897722297,5.543871977730674,25.677832119504124,1.8364788021448717,0,none
2015-02-10 10:00:00,220.26029533098315,5.900616459087746,33.67659001370171,2.0695545438373366,0,none
2015-02-10 11:00:00,194.57414366922384,6.047112828808099,27.27670428859716,1.8876879522545689,0,none
2015-02-10 12:00:00,203.9579911399303,6.670052559155432,32.558421489183175,1.9598495177731687,0,none
2015-02-10 13:00:00,213.0253244557504,5.304053450447746,28.056444509119117,1.7208082129752822,0,none
2015-02-10 14:00:00,208.14103162071996,6.22025621513637,29.9839475320686,1.902514856049328,0,none
2015-02-10 15:00:00,212.30892825504208,5.115997685640503,30.722915019941617,1.558345455617524,0,none
2015-02-10 16:00:00,194.1223639563316,4.54748954098659,27.81625964915612,1.6332367532534025,0,none
2015-02-10 17:00:00,204.40673375327265,4.814911381559364,30.88741793414807,2.3516418411209727,0,none
2015-02-10 18:00:00,189.62017016084656,5.383297060799201,30.61315162550494,1.924535003925345,0,none
2015-02-10 19:00:00,199.62430366302257,6.244567661775151,36.32836007227951,2.051300444425524,0,none
2015-02-10 20:00:00,222.72493709450512,6.205827600803833,30.70870998940151,1.9630094960119089,0,none
2015-02-10 21:00:00,212.3326176728612,6.501266128967721,31.516107746734303,1.7539829242963008,0,none
2015-02-10 22:00:00,210.38808189156845,5.794261993068799,30.5453837398088,1.7762430502559623,0,none
2015-02-10 23:00:00,198.56247628445752,6.336498274624892,29.642962036588905,1.9781889088068616,0,none
2015-02-11 00:00:00,202.93572891987853,7.288879546208424,31.047302481533222,1.6042749314852642,0,none
2015-02-11 01:00:00,197.60213929776648,5.702029990719732,29.048177884607718,1.679859502038798,0,none
2015-02-11 02:00:00,210.01944981472144,5.845357943507927,26.774311726874505,1.8298325719112305,0,none
2015-02-11 03:00:00,218.27844459981284,6.059570637804503,31.22966012717133,2.0810837291896656,0,none
2015-02-11 04:00:00,212.8707143379406,6.251242519927315,33.89553575890342,1.9678592705071567,0,none
2015-02-11 05:00:00,202.2301230684146,6.990718203676344,29.3376706021302,1.5661017651465283,0,none
2015-02-11 06:00:00,215.8139331766367,5.875896917824376,27.801526300450405,1.778281773982668,0,none
2015-02-11 07:00:00,213.90033385094335,6.933452215092811,29.33655338649066,1.544219682304885,0,none
2015-02-11 08:00:00,219.18461764566945,6.144790715401434,34.7331195955626,1.5436868805654174,0,none
2015-02-11 09:00:00,204.2842646379549,6.388398528586015,33.64731079272538,1.777220830388038,0,none
2015-02-11 10:00:00,195.71040308131225,4.973237863667328,30.34783240835962,1.4741834729822627,0,none
2015-02-11 11:00:00,208.41671395758496,5.651074126921416,30.608234746556608,1.806240325639885,0,none
2015-02-11 12:00:00,212.91229758279133,5.910362118422002,30.148845366749747,1.6360001535618245,0,none
2015-02-11 13:00:00,227.49322190457917,5.720926707057144,30.06770154724108,1.7338159046027442,0,none
2015-02-11 14:00:00,208.5897206668984,4.822546070705612,28.03234867350926,1.6384341827888584,0,none
2015-02-11 15:00:00,214.3544910077464,5.754499262660214,32.27638648558612,1.8803351539679607,0,none
2015-02-11 16:00:00,208.4318699761018,6.931007950693944,22.303706077084943,1.6167100182899612,0,none
2015-02-11 17:00:00,234.4255894869086,5.587661040257543,30.981349124853477,1.7542798414383305,0,none
2015-02-11 18:00:00,224.9268161653385,5.762783049706437,33.588298281032294,1.6969604751071694,0,none
2015-02-11 19:00:00,206.70208295449785,6.726350006186585,28.86242622594809,1.6869030030437009,0,none
2015-02-11 20:00:00,207.9195665568392,4.805420215972511,26.13044648850596,1.90531599542214,0,none
2015-02-11 21:00:00,209.1465477550221,5.254674234637584,24.13203952570669,1.74978343450574,0,none
2015-02-11 22:00:00,210.7126683931626,5.430502381822803,27.08475562300312,1.8524696204077484,0,none
2015-02-11 23:00:00,202.83967914162628,5.284585663169759,33.03255829015113,1.91212588239917,0,none
2015-02-12 00:00:00,210.33484706416093,5.161244360998558,28.048258688021036,1.829493787938856,0,none
2015-02-12 01:00:00,201.3230410067549,5.540891256521453,28.303790799897207,1.7284921816716432,0,none
2015-02-12 02:00:00,196.6756036187273,5.017429688764006,31.226071115525425,1.9090311253035783,0,none
2015-02-12 03:00:00,218.73464484740165,5.921694269150448,32.32802897545221,1.713843449202445,0,none
2015-02-12 04:00:00,217.01930522504148,6.164263015099313,31.774006656201724,1.6273033894141449,0,none
2015-02-12 05:00:00,202.80561215322095,5.502756755885462,30.787019157612743,1.6868287449360295,0,none
2015-02-12 06:00:00,224.17030509730068,6.748355308414984,26.63728798605619,1.974191117780479,0,none
2015-02-12 07:00:00,207.1635474953982,5.795197946405455,30.302545622468603,1.8993613686452464,0,none
2015-02-12 08:00:00,206.10598492153537,4.98171089586806,31.535549690780424,1.7675723112224324,0,none
2015-02-12 09:00:00,198.32982533371597,6.714548943377975,30.95852979772487,1.6582670570277331,0,none
2015-02-12 10:00:00,209.11561470368716,5.711288020150322,31.180879782991475,1.6321347977890814,0,none
2015-02-12 11:00:00,207.80835839829143,5.360008373720358,33.27372253662122,1.9238703069687164,0,none
2015-02-12 12:00:00,210.1818555537713,5.789708743774469,30.80393097450288,1.5495010435412109,0,none
2015-02-12 13:00:00,214.5648972851476,5.45279423646905,30.746047815558235,1.948980803810185,0,none
2015-02-12 14:00:00,219.920321631231,6.293130248278492,33.65497379703607,1.6863974502392964,0,none
2015-02-12 15:00:00,213.19818904920248,5.37174557202921,29.942841219712538,2.140427986186081,0,none
2015-02-12 16:00:00,220.91799600398136,5.862300463587299,26.78140659149707,1.8263837312015867,0,none
2015-02-12 17:00:00,221.76337180704468,4.482421765069313,29.439082469086493,1.9130673450066316,0,none
2015-02-12 18:00:00,175.38677503899,5.31960703220664,23.90915205325573,1.7395577110265692,0,none
2015-02-12 19:00:00,205.18784380548635,6.4070331010649735,38.74209414697039,1.670926978200651,0,none
2015-02-12 20:00:00,216.01292229561795,5.659170381743602,35.93646665227422,1.7826943563818989,0,none
2015-02-12 21:00:00,196.40363403631065,5.5862034807577725,26.387873994812782,2.057476921100021,0,none
2015-02-12 22:00:00,198.2488305032868,5.994495720280381,32.03750173869624,1.9243800138352087,0,none
2015-02-12 23:00:00,212.5752423636712,5.331793787329809,34.207984591834844,1.436101307472087,0,none
2015-02-13 00:00:00,204.2750296407588,5.611663585457428,30.9874310148571,1.4929591204594272,0,none
2015-02-13 01:00:00,189.3024170750957,5.814888195669539,33.05049327807974,2.008807461628753,0,none
2015-02-13 02:00:00,219.911668772984,5.807991659085302,38.19378216682264,1.786549578408206,0,none
2015-02-13 03:00:00,199.63936516874944,6.241286041520571,28.36953984571227,1.875829663826817,0,none
2015-02-13 04:00:00,213.8822208677666,5.790207231520956,24.606020170580813,1.8112635323403992,0,none
2015-02-13 05:00:00,214.1849340716447,6.483572553109062,34.05556339904685,1.4770735624828355,0,none
2015-02-13 06:00:00,227.0542203070885,5.209607934030689,34.79548704431525,2.013346044368861,0,none
2015-02-13 07:00:00,211.6795739911179,5.7371302866471545,33.10290975884707,1.7919229155941787,0,none
2015-02-13 08:00:00,217.12336818343957,5.792297499500535,32.894902920472674,2.0802264178280168,0,none
2015-02-13 09:00:00,222.636040167886,5.640446125626138,28.90444844753609,1.7667602313557345,0,none
2015-02-13 10:00:00,204.6817323150869,6.223094478288816,25.906101560890008,1.3653213387703342,0,none
2015-02-13 11:00:00,190.18362689305684,6.2086706751482375,30.2570426771896,1.7695058247682691,0,none
2015-02-13 12:00:00,211.05709033749704,5.706250964740879,28.202038066555836,2.001809117921661,0,none
2015-02-13 13:00:00,224.78691917513015,6.366849107951682,27.8398922255327,1.991127561941719,0,none
2015-02-13 14:00:00,193.0768373263004,4.937737787202377,37.82971815273269,1.6503603601095975,0,none
2015-02-13 15:00:00,221.14512716314627,6.295434446871796,32.33223160506638,1.8626277040061423,0,none
2015-02-13 16:00:00,208.70034630896544,5.830793589463526,34.824269152590595,2.175650234656824,0,none
2015-02-13 17:00:00,210.5528215800001,5.467018723128692,29.53303431343821,1.9944555970582067,0,none
2015-02-13 18:00:00,205.3451289835869,5.399001933800969,25.66883924968012,1.8049500525970592,0,none
2015-02-13 19:00:00,221.43204917179813,6.1204326431820935,35.21535534036291,2.0833363209911817,0,none
2015-02-13 20:00:00,225.92712722548765,5.7113869555293935,25.859778240061747,1.4326027481461066,0,none
2015-02-13 21:00:00,227.62965226060027,5.840102411402572,30.405059973586127,1.9903879944757843,0,none
2015-02-13 22:00:00,198.1704850103013,6.9151567619724,27.78818831947985,1.7524323272018063,0,none
2015-02-13 23:00:00,218.21057491585228,5.289080508018435,30.127305472473,1.3414798969775843,0,none
2015-02-14 00:00:00,205.0321374511606,5.783405879794575,34.207902434821506,1.787723449747221,0,none
2015-02-14 01:00:00,197.98468672608516,6.062721053315182,34.02591877333707,1.699607260163415,0,none
2015-02-14 02:00:00,213.92339054687235,5.687358203399583,34.232903760601765,1.7793750380395283,0,none
2015-02-14 03:00:00,209.1898929311756,6.811283081066553,30.64778544180315,1.7800218761722886,0,none
2015-02-14 04:00:00,218.58706228206265,6.26219996836316,32.72086506631386,2.244610919181961,0,none
2015-02-14 05:00:00,230.20097216599856,5.336923809245334,31.05614501626703,2.2328976518539005,0,none
2015-02-14 06:00:00,221.43046616237157,5.426824723334429,29.191710870848784,1.6801126406563016,0,none
2015-02-14 07:00:00,201.3240367056544,6.236833953342722,32.960132555884705,1.8724738950030015,0,none
2015-02-14 08:00:00,211.01870466663175,6.449892563561361,32.55039858182178,1.9164739486728044,0,none
2015-02-14 09:00:00,225.80049328496165,6.983288099774076,35.0861287462452,1.7211193942607288,0,none
2015-02-14 10:00:00,223.02886593775935,5.779264726852503,30.79525794963986,1.6488086237826067,0,none
2015-02-14 11:00:00,191.00510369920823,5.696202271072457,33.97679605289882,1.5377467354495828,0,none
2015-02-14 12:00:00,220.3825870014436,5.861402249629497,34.50303379177922,1.4479373497203674,0,none
2015-02-14 13:00:00,205.4461915281124,5.771160372124083,34.88762880505961,1.9300697396888111,0,none
2015-02-14 14:00:00,202.1402113113913,5.716750475884332,32.82628758772175,1.683353523745594,0,none
2015-02-14 15:00:00,196.61757202497824,5.880148138355649,29.60665088615997,2.000357017253368,0,none
2015-02-14 16:00:00,205.77950264282063,5.915029787770076,36.49238825798816,1.6592512396750845,0,none
2015-02-14 17:00:00,217.3908440386749,5.912614541042881,30.85801537042892,1.9334465800820504,0,none
2015-02-14 18:00:00,226.05613360841355,5.136964500306675,25.32291915817817,1.8111908279868107,0,none
2015-02-14 19:00:00,211.01039973012823,5.169439308221489,32.14879999731001,1.719236115196467,0,none
2015-02-14 20:00:00,208.55037763710365,5.809134880267339,30.734041545576403,2.11617367983278,0,none
2015-02-14 21:00:00,207.04990034546685,5.562309737388482,32.185194038878244,1.706804000703528,0,none
2015-02-14 22:00:00,220.46811713948705,5.727215046850749,31.034088531036712,1.9531954838663304,0,none
2015-02-14 23:00:00,196.84979586120969,5.063785645421879,31.886513358096668,1.8006319472711458,0,none
2015-02-15 00:00:00,212.299971682536,4.846351420524009,24.41357542648658,1.921686507364562,0,none
2015-02-15 01:00:00,221.25527325559935,5.8069669439953095,29.075081587797197,2.3071889866899173,0,none
2015-02-15 02:00:00,221.72218104295655,5.795540283847021,30.56124629195887,2.231607174090401,0,none
2015-02-15 03:00:00,214.2387874660744,5.493085319830878,34.81437235012973,1.8671775970618392,0,none
2015-02-15 04:00:00,195.90769767971315,6.029613968789185,28.640683926595848,1.8103117275740517,0,none
2015-02-15 05:00:00,199.86864256718755,6.850011930642806,31.292880569543787,1.6810529991121173,0,none
2015-02-15 06:00:00,201.0361748636825,4.538902266833358,39.63485124181396,1.542236319235009,0,none
2015-02-15 07:00:00,192.6474778413977,6.237448112078843,30.45938418679376,2.1678033788706186,0,none
2015-02-15 08:00:00,209.8627104725169,4.955899578127225,38.50842035065057,2.049800470681004,0,none
2015-02-15 09:00:00,223.59186705845144,7.001125203860181,32.9040090467478,1.9277099805956068,0,none
2015-02-15 10:00:00,181.0016665442849,5.913980368704898,27.96269140023116,1.825218791343694,0,none
2015-02-15 11:00:00,218.2001531946864,5.608331885903065,31.06180189390315,1.855827436527492,0,none
2015-02-15 12:00:00,207.0461200542176,6.3611990874846525,31.082781110011094,1.696424442628787,0,none
2015-02-15 13:00:00,200.47158948991887,4.4977821315338105,33.72327044137062,1.95816110225166,0,none
2015-02-15 14:00:00,218.33502669934575,6.758672016713039,34.04825788009188,1.544115504075267,0,none
2015-02-15 15:00:00,216.92345093101983,6.17863118832596,32.162911288200135,1.967381743038433,0,none
2015-02-15 16:00:00,210.51493875322305,6.808285680587487,26.66709134353061,1.923303915517838,0,none
2015-02-15 17:00:00,198.72476173853204,5.69405058418977,29.298689908939775,1.602341081934365,0,none
2015-02-15 18:00:00,201.2175372937684,5.655481615999399,32.27657189465263,1.9986831287933,0,none
2015-02-15 19:00:00,190.62845711052347,6.231428297320472,32.636149051734,1.4007166167115108,0,none
2015-02-15 20:00:00,231.22806560345023,5.617857156766404,28.423822552917773,2.018151493029277,0,none
2015-02-15 21:00:00,207.5923875709753,5.7741401739060585,36.00894197115329,1.989881978316347,0,none
2015-02-15 22:00:00,200.64127175332,6.050225253292579,34.309007406428975,2.0342519220500592,0,none
2015-02-15 23:00:00,184.3180094595317,5.647931664274667,29.37050282559809,1.855070517894352,0,none
2015-02-16 00:00:00,204.41385721356755,5.68828589021539,34.421784335421606,1.9468382279906105,0,none
2015-02-16 01:00:00,203.0249995449034,4.039121237522052,35.141823456390284,2.0621492185647896,0,none
2015-02-16 02:00:00,193.12281809862972,5.175762008335173,30.19045804850763,1.7371353294560978,0,none
2015-02-16 03:00:00,237.06683609784,5.205381766087888,21.53566870169164,1.8651727460952172,0,none
2015-02-16 04:00:00,219.5297064370609,4.943312967578997,38.43859067345373,1.614791186232219,0,none
2015-02-16 05:00:00,191.5751451683842,6.328390794162181,32.66720642650866,2.137510104654934,0,none
2015-02-16 06:00:00,222.5592560847529,6.015687940787015,36.86377288246951,1.9532662335511748,0,none
2015-02-16 07:00:00,221.52474567848327,5.47568365414582,28.000892829641373,1.374124683642998,0,none
2015-02-16 08:00:00,216.2438621391649,6.049931374934583,36.96155424066049,1.8844852930611824,0,none
2015-02-16 09:00:00,214.0302668332272,6.174373216959749,32.003423963319364,1.8445265740849748,0,none
2015-02-16 10:00:00,211.08052476460648,5.715778061088318,35.83798098466112,2.572043608123733,0,none
2015-02-16 11:00:00,216.58427506821891,6.674092021756402,35.764532435427746,1.898057873791778,0,none
2015-02-16 12:00:00,197.4135543222822,4.703706216070576,31.141569191515227,1.6562700587338168,0,none
2015-02-16 13:00:00,201.86174105930488,5.805111951818127,31.964171430256275,1.9163197608204492,0,none
2015-02-16 14:00:00,197.76883836295977,6.552160500249053,30.021601762986823,1.7537849442675824,0,none
2015-02-16 15:00:00,207.4730003154631,6.565750428301162,30.78317149194088,1.7436001660295437,0,none
2015-02-16 16:00:00,211.10033765223187,6.360063145328148,33.863886873625304,1.862366854992077,0,none
2015-02-16 17:00:00,216.3857563565257,6.864601000524287,26.906213272336025,1.3719234688819664,0,none
2015-02-16 18:00:00,215.53849976967365,6.008763047152671,31.30664536790974,1.8042843955310983,0,none
2015-02-16 19:00:00,226.17711512080896,5.002825278603298,30.32569171922458,1.857300747442584,0,none
2015-02-16 20:00:00,216.3306594722433,7.309112909917761,37.41097819135658,1.9430429051896292,0,none
2015-02-16 21:00:00,223.9791652310707,5.4024014797126165,26.735563956640704,2.009041300607592,0,none
2015-02-16 22:00:00,222.13524816458423,5.11619591450001,35.24603051054265,1.5979125332371684,0,none
2015-02-16 23:00:00,202.5685026820393,5.907694167805849,28.186717111375327,2.1687186487938828,0,none
2015-02-17 00:00:00,218.11790531432567,5.840255444573652,30.00729715580066,2.066158719271564,0,none
2015-02-17 01:00:00,214.6617615426785,7.156422482580291,26.67583420038929,1.995182624408232,0,none
2015-02-17 02:00:00,210.78142464333783,5.456908768265764,30.47951506990459,1.8174841219706317,0,none
2015-02-17 03:00:00,198.9134263107904,6.253106262620323,32.32179264372898,1.7369198779194068,0,none
2015-02-17 04:00:00,216.22241138084067,5.171115251081504,31.3421436130967,2.0185982659077792,0,none
2015-02-17 05:00:00,210.13787259518745,6.562092251429745,27.982058396196063,1.6672118139086896,0,none
2015-02-17 06:00:00,205.2799716949841,6.583595875509146,33.51447385000954,2.130423880212581,0,none
2015-02-17 07:00:00,220.10480465840635,6.649294551268649,35.06085107998233,2.2461707048916044,0,none
2015-02-17 08:00:00,220.9152539691733,5.075251504993418,25.990068715317484,1.8409927315899044,0,none
2015-02-17 09:00:00,219.5368970031992,5.989680102630654,33.7982194889643,1.6918903357386814,0,none
2015-02-17 10:00:00,179.09420997958074,4.767443054692894,24.441881827783757,1.8182544830807177,0,none
2015-02-17 11:00:00,198.98388547478896,6.676119922427516,26.56396769968358,1.8179550312914976,0,none
2015-02-17 12:00:00,220.2758735690688,5.930879856871253,28.66724336487506,1.902156411129932,0,none
2015-02-17 13:00:00,200.7477856995515,4.581105370422492,34.39480117994758,1.5459013506584702,0,none
2015-02-17 14:00:00,214.13978073317892,5.88688623582319,31.018790567171692,1.6230146525726037,0,none
2015-02-17 15:00:00,211.521132644666,5.768696268327167,31.55932689444419,2.131193435809363,0,none
2015-02-17 16:00:00,222.25084776185923,6.406694583224213,30.750906953250222,1.7910681862414242,0,none
2015-02-17 17:00:00,201.1535889458893,4.775947043751471,32.567331145998544,1.8011601674458213,0,none
2015-02-17 18:00:00,208.72737079669724,6.312848906964392,29.66460463322009,1.886918217281887,0,none
2015-02-17 19:00:00,213.4014448676848,6.244259398949699,33.79951351035686,2.1300306642134856,0,none
2015-02-17 20:00:00,224.16878012572164,6.007083283438917,34.10674804736915,1.8232643222126383,0,none
2015-02-17 21:00:00,207.339531661106,6.834844191141871,29.84773056817061,1.7399927973999358,0,none
2015-02-17 22:00:00,212.7687104692193,5.608078884305733,27.922292628497026,1.7705617854994316,0,none
2015-02-17 23:00:00,193.8130056559715,4.583935877457251,29.544467687675105,1.963686519843756,0,none
2015-02-18 00:00:00,216.74546995524932,5.834476626355563,29.06291636832809,1.737642235780193,0,none
2015-02-18 01:00:00,211.79859996605904,5.649579278247872,31.333390152115435,2.2602237541019705,0,none
2015-02-18 02:00:00,216.8180929246745,5.973675400992651,27.979478997939083,1.4078059493095856,0,none
2015-02-18 03:00:00,204.6319486990837,5.3535998576707735,27.47711123034142,1.8995906385730328,0,none
2015-02-18 04:00:00,228.95864110877912,6.503659223748496,32.780084183189445,1.4986158176676123,0,none
2015-02-18 05:00:00,207.77539546838844,6.527560756762306,33.7577995663776,1.7658245600678542,0,none
2015-02-18 06:00:00,210.8041785646264,5.914199212941184,32.876899040817506,2.1355829698765088,0,none
2015-02-18 07:00:00,208.17170798678413,5.625752124456366,37.83462300941322,2.194468295817509,0,none
2015-02-18 08:00:00,219.2205263147407,5.363440245884616,30.44277869296106,1.8587301830451908,0,none
2015-02-18 09:00:00,200.47953761444737,6.622981417202916,32.86137952178995,1.6790138760618627,0,none
2015-02-18 10:00:00,211.73642261935876,6.127375666522641,25.65833057712718,1.8127035359950316,0,none
2015-02-18 11:00:00,216.06674046275816,6.397143652165854,30.38634049995323,2.0413735012109626,0,none
2015-02-18 12:00:00,194.94585714984436,6.300788665210202,35.83331300230552,1.5084943181575068,0,none
2015-02-18 13:00:00,212.04115694757053,5.592332386314435,29.541904675117664,2.2650730076294296,0,none
2015-02-18 14:00:00,202.50650698982483,6.546296085165059,30.66880096383089,1.7829327053580004,0,none
2015-02-18 15:00:00,225.98114555420105,6.593818134295535,31.54397549512156,1.4125144779489842,0,none
2015-02-18 16:00:00,217.57934518255288,6.176704163258919,31.36197337935297,1.906550935291024,0,none
2015-02-18 17:00:00,189.37616114354253,6.615646399700787,33.83274824545701,2.03098401136404,0,none
2015-02-18 18:00:00,220.06753792005287,5.398795535407357,34.40488062238624,1.8945036020862351,0,none
2015-02-18 19:00:00,211.92535270015227,6.270386218075872,30.5721945504282,1.9004606297833488,0,none
2015-02-18 20:00:00,202.8834416505841,5.42580028801286,36.00749319292065,1.8386987226785865,0,none
2015-02-18 21:00:00,205.27126975910272,5.61277427388098,28.38609576644384,1.7953745411223054,0,none
2015-02-18 22:00:00,194.63362672572688,5.91448274039625,25.844194560134376,1.6966597256285776,0,none
2015-02-18 23:00:00,213.88046830931864,7.468816789879709,36.728490953371335,1.878995459152854,0,none
2015-02-19 00:00:00,190.38137405714804,5.314304390505652,27.283626530653187,1.6721237538943452,0,none
2015-02-19 01:00:00,207.7703273993648,6.000951783698286,28.39293454716706,1.5614278983112777,0,none
2015-02-19 02:00:00,214.6810423646019,6.506846594668422,32.44827829025816,2.0587947497159025,0,none
2015-02-19 03:00:00,210.3659859262566,5.035030670271402,27.40893458850899,1.7346983331769272,0,none
2015-02-19 04:00:00,219.36987855850484,4.71191288109354,26.93022781225708,1.621785178966937,0,none
2015-02-19 05:00:00,209.98489678143653,6.399061000920992,31.19975360402695,1.789282417539909,0,none
2015-02-19 06:00:00,236.19605720154976,5.00476632670706,33.02053776524056,1.6063755231815275,0,none
2015-02-19 07:00:00,199.4232186571812,7.190021085417679,34.610222679112155,1.3954432524449094,0,none
2015-02-19 08:00:00,227.2613604000101,6.123449161064871,38.80899630523153,1.7389622436128584,0,none
2015-02-19 09:00:00,190.6605814482837,4.873222390348809,28.31717857140707,1.93800645209995,0,none
2015-02-19 10:00:00,196.8947925686604,6.286338322605896,39.09530466532702,2.1634409476525724,0,none
2015-02-19 11:00:00,198.93695373861823,4.595657516760035,27.58418972239244,2.01002986118045,0,none
2015-02-19 12:00:00,191.74405478610345,5.294326809269148,29.829941476423315,1.7988733354944113,0,none
2015-02-19 13:00:00,226.62972969641476,4.536093331513595,32.86853403322874,1.594458517149894,0,none
2015-02-19 14:00:00,221.39549044040484,5.746856353309742,30.657238537270786,1.6404699785524668,0,none
2015-02-19 15:00:00,225.3132810402218,6.255446708826373,27.74948375898746,1.6506563559874818,0,none
2015-02-19 16:00:00,202.33103002589343,4.486168855268115,36.58676443043112,1.6621533198517917,0,none
2015-02-19 17:00:00,210.39167870405407,6.35224698773043,35.79985750953004,2.188604222361372,0,none
2015-02-19 18:00:00,222.3797357762478,6.718892506186494,31.754929826101595,1.9767957391240245,0,none
2015-02-19 19:00:00,221.7068409993764,6.1177168808355,27.327603335349888,2.1369850100351635,0,none
2015-02-19 20:00:00,215.89923171375557,7.341377364149759,32.759475921459355,2.108103890552303,0,none
2015-02-19 21:00:00,211.23370615214165,5.3782905754415,35.592564075906964,1.5531340007428325,0,none
2015-02-19 22:00:00,195.88672464111383,5.267125993481548,30.621534109819983,1.5113753306758433,0,none
2015-02-19 23:00:00,212.99247830911585,6.274630592334322,37.79628972018101,1.4547139778500628,0,none
2015-02-20 00:00:00,207.3266143128313,5.875324617988449,36.93188792219188,1.63777474460417,0,none
2015-02-20 01:00:00,201.80175572190095,6.777224338510317,34.63964210926484,2.0011694948063625,0,none
2015-02-20 02:00:00,227.69126290253237,5.85637700465047,30.970103146722025,1.69624696884504,0,none
2015-02-20 03:00:00,201.2576716357684,6.333881796411287,33.55317883209847,2.1430228200028,0,none
2015-02-20 04:00:00,212.21707728804412,6.454818629624729,28.31506413388588,1.4380197306723388,0,none
2015-02-20 05:00:00,215.38739108245792,5.910345371296243,29.731765181105743,1.9203451876904487,0,none
2015-02-20 06:00:00,221.59803354783705,5.944036451362261,28.00506129440557,1.448641246419621,0,none
2015-02-20 07:00:00,213.66120066082732,5.645386553668126,33.055058119190505,2.2801704027772085,0,none
2015-02-20 08:00:00,232.2995566967423,5.086932159255225,33.62622845603663,1.4519942854058725,0,none
2015-02-20 09:00:00,214.5645303939716,5.400538185050405,36.53317665381604,1.738363754154985,0,none
2015-02-20 10:00:00,203.7288829832159,5.974099539846906,30.88902173287256,1.720449636415669,0,none
2015-02-20 11:00:00,210.58798934512237,5.779519286450179,31.20443243973537,2.082348514483021,0,none
2015-02-20 12:00:00,217.1642087902125,5.5601697034518,25.30453049637128,1.7918683746716355,0,none
2015-02-20 13:00:00,183.9749754662116,6.315204593207407,33.99337561945354,1.7425120416704565,0,none
2015-02-20 14:00:00,208.28910509643063,5.117013968381323,31.155699320300027,1.6307867208056863,0,none
2015-02-20 15:00:00,209.88018198828075,5.977213203769029,33.031978547724144,2.178858190369476,0,none
2015-02-20 16:00:00,206.6290060250485,5.857777763289596,34.541552642571,2.2323984841118567,0,none
2015-02-20 17:00:00,209.99441879305988,6.272328419679155,31.626573581670662,1.882876812446628,0,none
2015-02-20 18:00:00,186.2811351212053,5.340506859737402,30.818113088336727,2.00762219233838,0,none
2015-02-20 19:00:00,213.41668213988905,5.880565463168296,35.970531602348856,1.85635399001566,0,none
2015-02-20 20:00:00,209.4333894782468,6.182418362567675,29.9732541977968,1.9326282516054123,0,none
2015-02-20 21:00:00,203.68305826040836,5.330134982465644,33.24729801136506,1.888182667776828,0,none
2015-02-20 22:00:00,176.15351241095652,4.519589117722695,34.604839067106774,1.1841905076423092,0,none
2015-02-20 23:00:00,204.6256561997024,5.1681224043390745,31.63614850891659,1.6217587674719798,0,none
2015-02-21 00:00:00,210.7701702572715,5.8901832375797705,31.53860275952152,1.7346187925315455,0,none
2015-02-21 01:00:00,208.57233194449435,6.6992912115736205,33.67204742190151,2.032697617971263,0,none
2015-02-21 02:00:00,202.3336299364721,6.803963971714348,33.81268024643089,1.2645649681848572,0,none
2015-02-21 03:00:00,213.13127667532285,6.492453105087606,26.72532200613423,1.797130896849432,0,none
2015-02-21 04:00:00,198.83100186384357,5.347657492853395,33.922398948622735,1.609112571391679,0,none
2015-02-21 05:00:00,217.51415349065329,4.891947299703091,32.24203998000719,1.507651789680677,0,none
2015-02-21 06:00:00,218.9817597212325,5.293050240112627,27.68803623550707,1.6811929514768678,0,none
2015-02-21 07:00:00,220.51157124638465,6.724828131279749,29.71606492604775,1.4733868176609914,0,none
2015-02-21 08:00:00,218.66971701179725,5.002088864762192,33.93968225266269,1.7991080231583487,0,none
2015-02-21 09:00:00,205.31140848714077,5.564841182396443,31.96208970861756,1.7704722826708603,0,none
2015-02-21 10:00:00,209.1086953559156,5.2615579827185455,35.38030359003481,1.5406940771359277,0,none
2015-02-21 11:00:00,223.848671516877,5.8104749332092105,36.41812749006919,1.9947258116966216,0,none
2015-02-21 12:00:00,216.4888815598454,5.761208763153739,30.07891736880536,1.6380500047641209,0,none
2015-02-21 13:00:00,213.4241883581889,6.247189202783258,29.136354341617345,1.8128768365046573,0,none
2015-02-21 14:00:00,224.24451295912692,4.915464747740844,38.49509383560149,1.4329136151884434,0,none
2015-02-21 15:00:00,202.12299771681216,5.7010778398337685,33.35045159345408,1.7673182807555132,0,none
2015-02-21 16:00:00,209.6914385868353,6.422853887859914,33.34938273560164,1.5843510706071848,0,none
2015-02-21 17:00:00,224.50366885846668,4.480884431042941,35.04413082741421,2.1194304114201064,0,none
2015-02-21 18:00:00,206.4991475000029,7.457680725203531,28.631019469173488,2.1704984889553764,0,none
2015-02-21 19:00:00,210.9650343634916,5.562248637863155,26.98201501612417,1.3820743606891597,0,none
2015-02-21 20:00:00,207.6959270635168,5.681540174325708,31.127916473593885,1.8474863401179844,0,none
2015-02-21 21:00:00,223.71934737262995,6.883343462211807,31.205993167056803,1.9485975827725304,0,none
2015-02-21 22:00:00,210.96999756614,5.047140921394446,35.19122699017612,1.52942761743417,0,none
2015-02-21 23:00:00,210.1786279135314,6.229181992232176,32.410051533121646,1.6677435173983333,0,none
2015-02-22 00:00:00,201.4919015546692,6.441932019575075,33.79211604954819,1.9291455858986364,0,none
2015-02-22 01:00:00,204.5415096446827,6.203843037469795,30.116473596593394,1.994995126508108,0,none
2015-02-22 02:00:00,191.18578012900355,6.136993269397395,36.32768823951021,1.6498924823035137,0,none
2015-02-22 03:00:00,214.15193128295613,6.299982468047322,37.439207073243125,1.811241883264272,0,none
2015-02-22 04:00:00,219.23791574723896,6.189288551939482,34.08471180171884,1.5851005430056722,0,none
2015-02-22 05:00:00,193.87642016185492,6.580664064733345,30.926503630868112,1.6548628756581767,0,none
2015-02-22 06:00:00,214.0563920823461,5.453805843524062,27.89965538935833,1.908179393564617,0,none
2015-02-22 07:00:00,213.2158921874241,6.01987442399038,28.71471868534266,2.073675326267725,0,none
2015-02-22 08:00:00,211.66514488167292,5.600753252007955,31.302115442496167,1.833254892510452,0,none
2015-02-22 09:00:00,210.22763253740123,5.874111705030476,29.99166957486716,2.2510578183173315,0,none
2015-02-22 10:00:00,228.3734227557215,4.808075364598222,32.458049883354605,1.6640316709629766,0,none
2015-02-22 11:00:00,213.26314269362345,4.878039120231053,31.47692651580801,2.050391159848849,0,none
2015-02-22 12:00:00,225.6678022882489,5.712701013984143,34.00093918595071,1.6153114633471737,0,none
2015-02-22 13:00:00,214.6327774055842,6.409964982136412,30.24354015559525,1.9172567974036865,0,none
2015-02-22 14:00:00,215.0541549933136,4.941213302597519,33.67674867659836,1.8990097314887944,0,none
2015-02-22 15:00:00,203.1339860021204,6.528071855832362,35.033585303401885,1.5623981486779068,0,none
2015-02-22 16:00:00,240.6291600030494,6.490909276582548,31.792958040375844,1.955160811809021,0,none
2015-02-22 17:00:00,208.70399952805096,5.4801037643077,29.803599860812252,1.44413580555737,0,none
2015-02-22 18:00:00,203.62447803416845,6.328190928495109,33.159474938597185,2.317242417154787,0,none
2015-02-22 19:00:00,213.83660072873863,4.92350207752896,31.770780296247608,1.4261710665925669,0,none
2015-02-22 20:00:00,214.14721500272887,5.090010999798571,36.15924372218035,1.850920118142952,0,none
2015-02-22 21:00:00,217.7980951801008,5.953450264122816,29.112433678955476,1.3785635098554252,0,none
2015-02-22 22:00:00,198.7795283375038,6.015424111007533,31.68498571844576,1.6814825277392726,0,none
2015-02-22 23:00:00,207.8060473151677,6.624309190529177,29.15233418902972,1.763056316891999,0,none
2015-02-23 00:00:00,227.66962930089448,5.472798227284285,29.31471274803922,1.7642891107323773,0,none
2015-02-23 01:00:00,203.79344149031775,5.593795750567868,31.22759088399673,1.8474357958525536,0,none
2015-02-23 02:00:00,205.26424940238735,6.017571723736197,28.011289519177268,1.629807569207662,0,none
2015-02-23 03:00:00,216.4805288345699,6.759318892916402,34.46933835583302,1.9045796460588285,0,none
2015-02-23 04:00:00,202.36452863173628,5.580563837240093,25.74052432862628,1.6044600959515591,0,none
2015-02-23 05:00:00,222.5654856800542,5.540138474162667,30.92376927164152,1.5912860122287946,0,none
2015-02-23 06:00:00,214.30143808661973,7.187301962515859,29.76301480565379,1.8232519775524725,0,none
2015-02-23 07:00:00,210.4375531685249,5.06467066372524,33.12550288115622,1.915511346971748,0,none
2015-02-23 08:00:00,190.9246454692559,5.895649792681159,33.95835820453084,2.01808777494772,0,none
2015-02-23 09:00:00,205.36897699506912,5.517032775666053,32.6261218167198,1.461226539937959,0,none
2015-02-23 10:00:00,233.00846480045928,5.623068072106135,22.38386246147209,1.8983589173306437,0,none
2015-02-23 11:00:00,206.07998799799432,5.620246875879813,31.276187373900104,1.7808518366589214,0,none
2015-02-23 12:00:00,216.9930135072572,5.637465107368501,31.43559641802292,1.96508815145183,0,none
2015-02-23 13:00:00,198.66552116366847,6.190614836426426,28.600313950298087,2.0098550015140773,0,none
2015-02-23 14:00:00,190.9363787065061,6.311668533390716,30.31066797375165,1.563402554798594,0,none
2015-02-23 15:00:00,217.6315772638828,6.220896650806351,27.57212826510851,2.000398226235274,0,none
2015-02-23 16:00:00,226.21925633875267,6.36746923936392,35.31053961200213,1.9239105383352315,0,none
2015-02-23 17:00:00,191.4740047490145,5.972052256512121,31.421293034294383,1.9877598053710173,0,none
2015-02-23 18:00:00,219.21779141871377,5.8968917079570025,30.807564126869035,1.9743673595344111,0,none
2015-02-23 19:00:00,213.23906460709787,5.908391103340865,26.985563277008037,1.964873961373431,0,none
2015-02-23 20:00:00,205.14822560960965,5.639227467246446,31.09323387917944,1.7366704800755823,0,none
2015-02-23 21:00:00,229.70059980688143,5.4436668373404,31.05284250782485,1.8426782700838409,0,none
2015-02-23 22:00:00,197.7324218781604,4.844696747461804,31.031215138642025,2.018083614443224,0,none
2015-02-23 23:00:00,208.03521887744992,6.809605344381204,28.9775172906768,1.9918385005737096,0,none
2015-02-24 00:00:00,217.156970079016,6.0129853837349465,34.17290877747103,1.758033910610918,0,none
2015-02-24 01:00:00,196.83493339674115,6.287706067630755,27.199849269212816,1.896641271477131,0,none
2015-02-24 02:00:00,222.23419898686316,5.77861123661227,32.09415512842267,1.5509002182323082,0,none
2015-02-24 03:00:00,208.07335554400424,6.706978673326264,25.73079380820378,1.947072380064101,0,none
2015-02-24 04:00:00,223.6638436599095,5.657072105426642,27.547719020319867,1.5055086910832065,0,none
2015-02-24 05:00:00,209.127845555,6.498397449148835,30.83033270838737,1.9955875780016268,0,none
2015-02-24 06:00:00,200.866526136199,5.476898368033402,39.14130568599319,2.065103491700779,0,none
2015-02-24 07:00:00,193.8400870051392,6.110367085404139,28.84734269243171,1.623237821297862,0,none
2015-02-24 08:00:00,193.46229629187863,5.5346493273742805,27.765779911291656,1.814645982374849,0,none
2015-02-24 09:00:00,207.66825971685213,6.836140784889468,32.36108779972193,1.7862473305922957,0,none
2015-02-24 10:00:00,186.11319956853936,6.540774827015668,28.45035884645317,2.1570917659921163,0,none
2015-02-24 11:00:00,191.2977287187902,4.929310577569517,30.291721361744365,1.5876685889546591,0,none
2015-02-24 12:00:00,232.1775331550742,6.136617355902854,39.62695203116674,2.033759680212724,0,none
2015-02-24 13:00:00,207.32865224191815,6.102702972527081,31.88620358562798,1.7867971748462192,0,none
2015-02-24 14:00:00,225.15490628439315,4.797031116302291,32.54711444273893,1.6365857985502257,0,none
2015-02-24 15:00:00,228.53659037622023,6.34158924155559,38.47036434026105,1.839638600246377,0,none
2015-02-24 16:00:00,210.78498001324303,6.907940210121065,33.05504543832464,1.2412403359846809,0,none
2015-02-24 17:00:00,209.44025185557956,7.113866548076847,25.64260796923853,1.5543147714372685,0,none
2015-02-24 18:00:00,211.67817209618488,6.6109878513157545,27.31661132697794,1.7375403304474093,0,none
2015-02-24 19:00:00,217.28735249769105,5.333241256340664,31.909613209271978,1.9934994029544468,0,none
2015-02-24 20:00:00,218.6961623669767,6.288009492093999,25.970440441653185,2.005756377853742,0,none
2015-02-24 21:00:00,186.00961956675172,6.274470598776349,31.74971313146024,1.6587406457885905,0,none
2015-02-24 22:00:00,209.94831301559395,5.731281338224132,32.42057181530746,1.9104721825684028,0,none
2015-02-24 23:00:00,216.51388861463812,5.229283677066005,25.74367402901118,1.7658404400916508,0,none
2015-02-25 00:00:00,207.4249798494383,6.484617123604106,34.02779950820353,2.221910315004303,0,none
2015-02-25 01:00:00,212.0184173130339,6.213900753936338,26.87641953243596,1.4385349916630186,0,none
2015-02-25 02:00:00,219.75555862655665,5.373572541564431,35.70272861986246,1.510829934430355,0,none
2015-02-25 03:00:00,207.68501886374065,5.240787858754769,29.38096757183695,1.8174230108469185,0,none
2015-02-25 04:00:00,227.23891585528764,5.3824614070972405,32.2901782722072,1.778440073569234,0,none
2015-02-25 05:00:00,214.6513742476812,5.88229055238639,31.292708538916344,1.717965261959645,0,none
2015-02-25 06:00:00,190.87845020639008,5.4581475994851765,28.490096821036285,2.0829359888440906,0,none
2015-02-25 07:00:00,207.22597231782547,6.156637536776167,32.37594569006198,1.815035134141186,0,none
2015-02-25 08:00:00,215.9862506753701,6.38342609716967,28.402134148307997,1.8544139282082868,0,none
2015-02-25 09:00:00,211.2863000559196,5.6175544866992135,29.363538792195243,1.7785172096753945,0,none
2015-02-25 10:00:00,193.47486429451445,5.494098616800441,28.6938869114137,1.8850542178435308,0,none
2015-02-25 11:00:00,187.5328972239472,6.847000452507899,30.313903599064453,1.6706098074349176,0,none
2015-02-25 12:00:00,208.60847053687704,6.562195854060058,30.003748006859357,2.131163652382572,0,none
2015-02-25 13:00:00,217.3751807821444,5.797038383528149,38.66598445524044,1.7389106928418745,0,none
2015-02-25 14:00:00,201.18110632142083,7.229828615306747,33.567248882688084,1.6949593094967288,0,none
2015-02-25 15:00:00,213.781589214374,5.031199109504322,27.98794174496796,1.659870763501598,0,none
2015-02-25 16:00:00,216.13856061803835,6.450110353188337,29.13375602255626,1.7293169634990733,0,none
2015-02-25 17:00:00,220.70983447324645,6.878145924060481,41.26734158848286,1.9265872540262303,0,none
2015-02-25 18:00:00,216.21626076095168,6.063800870610411,28.91213525695707,2.011027410520181,0,none
2015-02-25 19:00:00,212.24495965025625,5.579525228127499,36.81019988867777,2.036597040846996,0,none
2015-02-25 20:00:00,191.2230415566923,5.667700347014925,33.04595683865148,1.469274411951783,0,none
2015-02-25 21:00:00,203.50084664884892,6.085558086571868,27.82743563720505,2.112476224360045,0,none
2015-02-25 22:00:00,219.35949727268903,6.103226349273822,24.314353306121436,1.6934458696240786,0,none
2015-02-25 23:00:00,214.64263908612477,6.156402181017841,35.35391804579545,2.3411666528284334,0,none
2015-02-26 00:00:00,198.97706800600687,7.576584985409316,29.843874624314456,1.033115248794372,0,none
2015-02-26 01:00:00,213.10070455738187,5.672483804387912,28.687890131222023,1.652886455952943,0,none
2015-02-26 02:00:00,208.30766951987704,5.489831312266524,30.384273022154645,1.8585757919855137,0,none
2015-02-26 03:00:00,224.07191422753755,7.172795379213953,27.44871792403564,2.233922186978395,0,none
2015-02-26 04:00:00,209.0035146824295,5.885490741197023,27.32398043577912,1.7239287796502702,0,none
2015-02-26 05:00:00,204.89310366901628,4.99791745302954,33.67795949925423,1.7254950319477176,0,none
2015-02-26 06:00:00,206.3753668938541,5.790854134907887,27.35932330037477,2.141978396912422,0,none
2015-02-26 07:00:00,199.2146415702768,6.09157415481059,33.35151795364469,1.635018348296184,0,none
2015-02-26 08:00:00,224.40202763698065,5.941548760672002,37.59885664355121,1.7765839596268078,0,none
2015-02-26 09:00:00,211.31541669617124,4.013420536244187,29.80505468621294,1.6377083188247756,0,none
2015-02-26 10:00:00,202.39735150241765,4.514452655331488,28.675166092923654,1.8421924444434363,0,none
2015-02-26 11:00:00,214.0244657108351,6.980549565897749,38.51951468046313,1.435698682830787,0,none
2015-02-26 12:00:00,219.36731132664303,6.205204964611242,27.8959852298549,2.048066378743271,0,none
2015-02-26 13:00:00,204.5014740884449,6.05019350470466,31.110601765811168,2.122265055987989,0,none
2015-02-26 14:00:00,205.8526973061442,6.41479283312651,31.48716435936013,1.9018645681533544,0,none
2015-02-26 15:00:00,208.7112888663104,7.095770136614223,38.785141559666805,1.6547991067590884,0,none
2015-02-26 16:00:00,186.16431015966955,6.1083169197693135,38.28072974915226,1.8509026227617529,0,none
2015-02-26 17:00:00,211.20224063888568,6.122832745038718,24.41584648441825,1.6434107446416548,0,none
2015-02-26 18:00:00,209.89221192713237,6.878361057792079,31.68028228527884,2.05407083793127,0,none
2015-02-26 19:00:00,206.3569785799412,6.000465081282996,27.73134988494627,1.647002051062298,0,none
2015-02-26 20:00:00,197.54616380663785,6.1069445735180485,30.547323095354905,1.876809709432148,0,none
2015-02-26 21:00:00,221.7628672831861,6.0905566870657335,28.66861538972065,1.896770246042496,0,none
2015-02-26 22:00:00,204.08738751481155,6.370921064754783,32.22404719448452,1.9861898816055492,0,none
2015-02-26 23:00:00,210.96858081595903,5.75769783187042,31.657781198156847,2.0366002635747917,0,none
2015-02-27 00:00:00,233.9194459636769,4.953622208549878,27.925789220395743,1.599749193177168,0,none
2015-02-27 01:00:00,202.52935204451157,6.166766650178611,33.403925889772154,2.101589531871696,0,none
2015-02-27 02:00:00,201.6367945442613,5.658894043696751,30.592507605747333,1.7144022735165485,0,none
2015-02-27 03:00:00,211.1841620505712,5.146075244715749,37.92144196019073,1.2791488128634172,0,none
2015-02-27 04:00:00,206.08594823879588,5.107898314504862,33.82307246392477,1.7598867173526758,0,none
2015-02-27 05:00:00,203.67994854125675,5.839949719362023,33.13186540895005,2.001117949555516,0,none
2015-02-27 06:00:00,214.15407839459377,6.194354225003311,31.93279052702484,1.998559358869787,0,none
2015-02-27 07:00:00,212.06016358504544,5.483030739312413,30.510136802632733,1.7519570091842118,0,none
2015-02-27 08:00:00,196.92602254141008,5.299852714831479,26.482252714098585,1.8020306530282768,0,none
2015-02-27 09:00:00,193.37310388559587,5.906412951568297,26.698506583072565,2.2930669709190554,0,none
2015-02-27 10:00:00,216.3413829711146,6.011597379716775,31.3693713827589,2.0875737988616567,0,none
2015-02-27 11:00:00,199.6552771187093,6.939264527664548,32.55478018174539,2.0540198464956427,0,none
2015-02-27 12:00:00,198.3094758191364,5.746784253640843,29.825384471078195,1.9138604185337849,0,none
2015-02-27 13:00:00,223.745896044507,5.2784958391337735,30.01035824183533,1.9833910566151645,0,none
2015-02-27 14:00:00,210.2801099878713,6.306601391363966,33.45777145042329,1.674080821057121,0,none
2015-02-27 15:00:00,203.13589575590575,5.660419719097447,30.811872097349685,1.6586035767884255,0,none
2015-02-27 16:00:00,218.37598818644423,5.353884718537135,35.18720498019896,2.027586460970124,0,none
2015-02-27 17:00:00,224.5360675209668,5.79985935277275,31.908512196006484,1.9890548857054324,0,none
2015-02-27 18:00:00,220.8315114092319,6.2897573691704896,37.084706975992425,1.8337140786625832,0,none
2015-02-27 19:00:00,197.6560938174888,6.14781708044624,27.95582523321118,1.877965438485839,0,none
2015-02-27 20:00:00,202.3645996801774,5.190095237355112,26.39568845876443,2.2160954616475026,0,none
2015-02-27 21:00:00,213.07418359105452,6.164836350969682,33.0418847216133,1.8002062442708786,0,none
2015-02-27 22:00:00,193.5594948344609,5.281208889728501,28.849080491681,2.02579016289912,0,none
2015-02-27 23:00:00,204.96509338696356,6.470479348610364,34.16382076102893,1.8923966880766163,0,none
2015-02-28 00:00:00,209.2323477117164,6.156109491966499,35.20717440983559,1.6792855960373654,0,none
2015-02-28 01:00:00,208.63898152561265,6.852266564297207,28.40566747838325,2.146245198209931,0,none
2015-02-28 02:00:00,211.9914087027545,5.9725937502734965,28.40726101319095,1.8061728062360127,0,none
2015-02-28 03:00:00,211.52426041827803,6.175072491457156,25.98032712193431,1.9693344200624947,0,none
2015-02-28 04:00:00,219.7353303749285,6.525891818036321,35.65637976805306,1.7847723667277011,0,none
2015-02-28 05:00:00,208.7822737178965,5.917742372894,31.752378162104907,2.125028217048917,0,none
2015-02-28 06:00:00,199.7668178118948,6.906580900035103,31.804955233066504,1.78833528160899,0,none
2015-02-28 07:00:00,207.99355532639865,6.148016064501356,38.54705211774525,1.6616684850706642,0,none
2015-02-28 08:00:00,206.96491928932625,5.3237834508598905,29.12237889678675,1.7994652840537546,0,none
2015-02-28 09:00:00,209.85771088291887,5.2519922070569365,29.79081035207425,1.8726724439743447,0,none
2015-02-28 10:00:00,226.5867448075037,6.843400971155583,33.588837250494734,1.85214717017458,0,none
2015-02-28 11:00:00,215.9749415825752,6.921544383065141,29.216773920507936,1.6731198945177588,0,none
2015-02-28 12:00:00,230.1682717935967,6.89625495145263,36.8182018011368,1.6308172366584988,0,none
2015-02-28 13:00:00,222.3279767678135,5.994073164226357,28.386812644169837,1.8255391293739736,0,none
2015-02-28 14:00:00,230.22043156153552,5.519793365526763,28.35556947396084,1.7251664331540413,0,none
2015-02-28 15:00:00,193.561145322829,5.342992240077527,30.497323533255024,1.937961194048405,0,none
2015-02-28 16:00:00,201.18761436738575,6.341653250167091,34.89952061323685,1.6747288100521929,0,none
2015-02-28 17:00:00,202.94194120189704,5.350418206368488,29.30941807743955,1.8772680834868,0,none
2015-02-28 18:00:00,205.7993997426472,6.001176658254575,38.77467906520487,1.7973106670954686,0,none
2015-02-28 19:00:00,205.0322572113276,6.59792554255478,27.29763706596056,2.0180614299394954,0,none
2015-02-28 20:00:00,214.71992743495588,5.532114915232867,31.98058973236076,2.233818492571269,0,none
2015-02-28 21:00:00,194.76121273671075,6.475342155706854,28.027128987923195,1.967626018909948,0,none
2015-02-28 22:00:00,203.27641939816857,6.673838429018722,35.32423856601197,1.7740388784970702,0,none
2015-02-28 23:00:00,202.93579141128916,7.377700224144052,34.63120065988077,1.6261497582874025,0,none
2015-03-01 00:00:00,205.0524588921503,5.57900347402027,37.85572462106465,2.4146618073967514,0,none
2015-03-01 01:00:00,202.3835065295289,5.1323686027068085,31.40332344049291,1.8300924078926557,0,none
2015-03-01 02:00:00,223.36183872539456,4.823690761861013,25.502905998217177,1.8638712911212996,0,none
2015-03-01 03:00:00,218.3218470721828,5.714450494344298,29.178235300721557,1.4602628349699112,0,none
2015-03-01 04:00:00,212.16455545500477,5.337475801253322,30.00330278206012,1.8694055717235507,0,none
2015-03-01 05:00:00,192.97527840806728,5.986556466341084,28.533126859721264,1.3745939429264458,0,none
2015-03-01 06:00:00,243.44789734347432,5.659806064699163,27.94069301881021,1.8166395334149616,0,none
2015-03-01 07:00:00,220.25022918947707,6.173169217179348,33.10731656610133,1.7036233854270133,0,none
2015-03-01 08:00:00,223.7188126517813,6.617163584104421,30.90647623210185,2.397921166344564,0,none
2015-03-01 09:00:00,187.44663828113468,6.37256936579588,38.42077626159444,2.1022227910386824,0,none
2015-03-01 10:00:00,206.8141183882128,5.760633952521038,28.538784792091185,1.982928448676225,0,none
2015-03-01 11:00:00,218.3131923479665,6.934662696462448,31.9941603538126,1.7280399294301474,0,none
2015-03-01 12:00:00,213.9008579751968,4.707842294118179,27.544318248323563,1.4537462192141586,0,none
2015-03-01 13:00:00,216.4678869798138,6.843935925558851,34.13037046182048,1.9175563196503729,0,none
2015-03-01 14:00:00,216.25184619916976,5.664372067055149,35.155578370157166,1.7880038872319814,0,none
2015-03-01 15:00:00,204.3479453482123,6.601767480023034,30.54880055619701,1.8845555395474105,0,none
2015-03-01 16:00:00,206.48777115923244,5.533348655162442,32.13770715813887,1.810004242000234,0,none
2015-03-01 17:00:00,198.6478593928748,6.452413969770211,29.98116903049912,2.0707499123035253,0,none
2015-03-01 18:00:00,222.0191147893344,5.845931803874825,27.19319245290977,1.7810977135890909,0,none
2015-03-01 19:00:00,186.83645366372363,5.436410498374552,30.79495278208709,1.7264511735055978,0,none
2015-03-01 20:00:00,206.14132293296163,6.434798629079412,35.82766172448264,1.409843142960953,0,none
2015-03-01 21:00:00,218.82328058877175,6.5001041458357856,30.31540599496509,1.7979121204024602,0,none
2015-03-01 22:00:00,206.987601737324,5.984388889108524,26.25368326057891,1.9767275725151607,0,none
2015-03-01 23:00:00,226.23585913356703,4.836173206994275,36.98870338535238,2.141649167783322,0,none
2015-03-02 00:00:00,219.16468111094989,6.614875745775624,35.380781394212256,1.7580352503332946,0,none
2015-03-02 01:00:00,199.35039449816605,5.464350269295915,31.40876352838736,2.03351590636831,0,none
2015-03-02 02:00:00,208.703283072014,6.218790709025509,27.818538533887587,2.0496226104542523,0,none
2015-03-02 03:00:00,209.53206230513905,6.104766249638145,32.295137713383355,1.9256785881268137,0,none
2015-03-02 04:00:00,212.5215639322428,6.40082333023943,27.593250692721472,1.9059554882395264,0,none
2015-03-02 05:00:00,203.2683491839493,5.789419541940031,31.15080870200089,1.8460932814414777,0,none
2015-03-02 06:00:00,202.2364124912118,6.599765496025035,31.21905862452713,2.1137555669532158,0,none
2015-03-02 07:00:00,206.35311007985888,6.598614519217809,28.749691114322594,1.9601809434338524,0,none
2015-03-02 08:00:00,219.9870193427173,5.428125302572065,28.998681451055862,1.6399991293716314,0,none
2015-03-02 09:00:00,222.43896279521311,4.342925909191319,28.515660667862665,1.801736742473283,0,none
2015-03-02 10:00:00,202.39372299616176,6.308392589790225,30.239370873610333,1.8004222623798405,0,none
2015-03-02 11:00:00,210.04031924420056,5.104626304785889,27.568511410186176,1.6922322923543966,0,none
2015-03-02 12:00:00,197.78449295875316,6.096510294844757,29.50922978886109,2.240414365657768,0,none
2015-03-02 13:00:00,200.5987344794192,6.785232452581422,35.62619903822922,1.926182772256155,0,none
2015-03-02 14:00:00,202.30184797132264,5.959859688668401,21.049217249074417,1.6481555623434536,0,none
2015-03-02 15:00:00,194.11622585200988,5.591133642608666,30.09224147397656,1.5661559690186004,0,none
2015-03-02 16:00:00,186.09997955198952,5.878293601676951,25.54315112924324,1.7939197803442897,0,none
2015-03-02 17:00:00,218.311736933894,4.819795955093877,31.94896646056305,1.4784299557273075,0,none
2015-03-02 18:00:00,214.10753532863905,6.516971909185278,35.431021847147875,1.669517676660596,0,none
2015-03-02 19:00:00,199.74525643181207,5.479204090307289,26.989925613721823,1.784901784054227,0,none
2015-03-02 20:00:00,220.51774988146397,5.81736954545031,30.172521771375045,1.8694165480091969,0,none
2015-03-02 21:00:00,230.41361180949667,6.152923021712011,28.203380043101,2.049288602868019,0,none
2015-03-02 22:00:00,179.80251812738604,5.315254466994778,30.27577207381023,1.5973554204034135,0,none
2015-03-02 23:00:00,222.74820134427088,4.91936910981221,35.9235145388609,1.6966870121866708,0,none
2015-03-03 00:00:00,223.64928207166457,6.383577150441406,32.41053243538997,2.209436169265744,0,none
2015-03-03 01:00:00,211.16355451925477,5.426836289688218,28.850946098036715,1.884548004410025,0,none
2015-03-03 02:00:00,203.32726981282528,6.1723070206737045,28.126348349278796,1.758546524293847,0,none
2015-03-03 03:00:00,196.6130324704667,5.126565708713861,27.37075644873844,1.670846758414397,0,none
2015-03-03 04:00:00,199.18799667466317,6.809407363122843,32.434408490617486,2.410695305375397,0,none
2015-03-03 05:00:00,202.0086264215964,5.311186450086284,33.15985743139208,1.7539738980919517,0,none
2015-03-03 06:00:00,184.9565886134942,5.790005790292407,30.824753124890734,1.6636896184568133,0,none
2015-03-03 07:00:00,201.8976941694472,5.452697975389123,34.610102124087945,1.9160230941751315,0,none
2015-03-03 08:00:00,220.851049716928,5.034615855978705,27.75042207012591,1.637562540296592,0,none
2015-03-03 09:00:00,200.63678719094872,6.374929108465776,28.184248537050166,2.134001626920568,0,none
2015-03-03 10:00:00,227.5641482856456,5.34139590271049,33.05883697837473,1.7349401329759806,0,none
2015-03-03 11:00:00,208.81735411549923,6.773320559399739,33.368370670445856,1.4558917843957266,0,none
2015-03-03 12:00:00,210.68684044004968,6.094798657522944,30.736771882601467,1.1395608130769266,0,none
2015-03-03 13:00:00,214.91659316503632,6.215280716714439,31.748659137962324,1.831821571304962,0,none
2015-03-03 14:00:00,198.50006132184197,4.88204329034008,26.130283624483837,1.6515491963739808,0,none
2015-03-03 15:00:00,200.41458298813603,6.24276645314534,32.29994489509768,1.6540874942441055,0,none
2015-03-03 16:00:00,204.4823704702041,5.927340470047774,29.305410156294883,2.1852098667593483,0,none
2015-03-03 17:00:00,229.9744399628144,6.264600709450122,33.031026752770174,1.5221132069128434,0,none
2015-03-03 18:00:00,214.3488184571711,5.699164252089173,30.542971213724428,1.4411498770053923,0,none
2015-03-03 19:00:00,208.3018007523349,5.233735990381734,31.658362960776305,2.117850574780957,0,none
2015-03-03 20:00:00,196.43891701438025,5.4400794342552725,31.829447895945098,1.6993045574382466,0,none
2015-03-03 21:00:00,208.38344994482807,5.75522336528979,26.79163356119049,2.1454253323489403,0,none
2015-03-03 22:00:00,213.95392605817733,7.537633910674628,33.36518651796919,2.1027845241031797,0,none
2015-03-03 23:00:00,205.2128151764531,6.23077348346939,32.81183493014474,2.084208558954062,0,none
2015-03-04 00:00:00,199.09219902872715,6.944863569075694,27.928835136462524,1.7932892368839937,0,none
2015-03-04 01:00:00,198.41402940607915,5.488887690046546,37.07043148032234,1.7433029206046824,0,none
2015-03-04 02:00:00,206.84591603891883,5.779594882852008,32.18807174298743,1.8055988918521952,0,none
2015-03-04 03:00:00,213.37007011120528,6.487731978205924,29.169082600681925,1.7850958069907137,0,none
2015-03-04 04:00:00,220.6552630402832,6.701146669051609,30.00998317917154,1.803196606762293,0,none
2015-03-04 05:00:00,193.898833498479,5.636493866481253,36.6692601728535,1.950799028084796,0,none
2015-03-04 06:00:00,215.5779411416084,5.86340916455762,33.32564964228267,1.691765633703116,0,none
2015-03-04 07:00:00,201.1177105521036,7.175177309096371,28.206964688807496,1.935098334664024,0,none
2015-03-04 08:00:00,226.1503481069172,5.394602917314234,31.2221084220045,2.234686879456991,0,none
2015-03-04 09:00:00,233.18415466027892,6.309078746788216,29.9184062015306,1.9515352223513207,0,none
2015-03-04 10:00:00,227.8223731570709,6.157455206453226,31.71728995865244,1.6524387707658583,0,none
2015-03-04 11:00:00,239.13415681105585,5.362352382917633,32.49507679802879,1.6005363231034444,0,none
2015-03-04 12:00:00,231.64406789802248,6.434539572302704,29.945296193854617,2.045367106157878,0,none
2015-03-04 13:00:00,218.0587986958326,4.9030700273917605,31.30572023231297,2.073235577159438,0,none
2015-03-04 14:00:00,241.66316188508296,5.979377151826789,30.26758129473775,2.058971534405376,0,none
2015-03-04 15:00:00,230.0190987613156,6.201227461388589,36.554666059347454,2.045405649820618,0,none
2015-03-04 16:00:00,231.58073203749103,6.713866374686134,35.11206433426891,1.818765368262082,0,none
2015-03-04 17:00:00,214.1741201498641,5.899117611978445,33.41546743212867,1.7265737304419424,0,none
2015-03-04 18:00:00,10.405005440344226,0.03572628182191359,32.72379638168027,0.013170535777510053,1,cable_cut
2015-03-04 19:00:00,11.66631642234357,0.07810786644063407,31.918705331392907,0.034050574923025725,1,cable_cut
2015-03-04 20:00:00,8.954547178549264,0.03846381744728649,32.09659463889371,0.024100362350054534,1,cable_cut
2015-03-04 21:00:00,13.954047785734206,0.01484836592322162,35.47529685191935,0.03994844628986628,1,cable_cut
2015-03-04 22:00:00,9.679812821686186,0.07947676807308642,28.638003498482757,0.015225868731796002,1,cable_cut
2015-03-04 23:00:00,13.174367518640253,0.025775285931050808,36.08087311745541,0.03779804532044802,1,cable_cut
2015-03-05 00:00:00,12.127833982588971,0.027696729413275008,28.880613951799035,0.025090873638493126,1,cable_cut
2015-03-05 01:00:00,8.092709173450379,0.054678355462492084,30.24241244499509,0.032420979257034695,1,cable_cut
2015-03-05 02:00:00,13.632040552495772,0.02542629263634104,34.72327116009788,0.04890479676286389,1,cable_cut
2015-03-05 03:00:00,13.42437204816042,0.09273745566433565,29.113521828729148,0.025304581273155845,1,cable_cut
2015-03-05 04:00:00,5.365519577253918,0.03485035139380334,34.28838274647663,0.03054081902282719,1,cable_cut
2015-03-05 05:00:00,6.569262318230324,0.09382237284719924,29.133726918279407,0.04149982496846741,1,cable_cut
2015-03-05 06:00:00,13.757646754521506,0.05113575036270752,32.51898990631843,0.021365694438291512,1,cable_cut
2015-03-05 07:00:00,6.850074326171342,0.08346383750510528,22.72997627030272,0.0450915406036941,1,cable_cut
2015-03-05 08:00:00,8.786352197779285,0.03830292199920807,27.75905706367057,0.01829295521369649,1,cable_cut
2015-03-05 09:00:00,8.55659678217269,0.0770871159569394,27.97617153479043,0.01878395898672477,1,cable_cut
2015-03-05 10:00:00,10.073711637815688,0.09995923887854608,26.570310355937,0.033434753966314304,1,cable_cut
2015-03-05 11:00:00,12.303315440139624,0.0718712334304219,33.07071160962582,0.041564429029919206,1,cable_cut
2015-03-05 12:00:00,5.108544274078707,0.015186790990269955,31.17624600424603,0.0446945920509479,1,cable_cut
2015-03-05 13:00:00,13.086681866816782,0.015223391265299395,27.76806145921047,0.019752278778833485,1,cable_cut
2015-03-05 14:00:00,14.784426727677483,0.04679655368813308,33.35268118789739,0.01148138816444567,1,cable_cut
2015-03-05 15:00:00,9.173997267297,0.0681138635870334,30.52682719603878,0.01316903798304364,1,cable_cut
2015-03-05 16:00:00,14.115259128670264,0.07802964070194873,36.41057152917504,0.018089377598690504,1,cable_cut
2015-03-05 17:00:00,14.404515326002674,0.018092178837714634,30.11968020762858,0.012420340002546762,1,cable_cut
2015-03-05 18:00:00,14.98800112425234,0.037357172020317665,36.47011660454744,0.04451155163045335,1,cable_cut
2015-03-05 19:00:00,11.44858013092188,0.08846942384642158,32.944457343688626,0.03562235178118274,1,cable_cut
2015-03-05 20:00:00,5.815586721716059,0.04573491161371243,32.40703953482903,0.016587707599455204,1,cable_cut
2015-03-05 21:00:00,9.117024299552359,0.06848852622897797,35.162477370933075,0.027630666356433985,1,cable_cut
2015-03-05 22:00:00,11.370944292390007,0.016519733436353684,34.92620571936038,0.019243576083873955,1,cable_cut
2015-03-05 23:00:00,9.301443702937268,0.061572599704700935,27.067165075969346,0.018928765115267296,1,cable_cut
2015-03-06 00:00:00,12.177170460495603,0.023746936019174304,26.600730265855304,0.04244759142096729,1,cable_cut
2015-03-06 01:00:00,11.746552714239947,0.07036067141885266,34.80238947781677,0.03001939081253778,1,cable_cut
2015-03-06 02:00:00,5.908436164723568,0.03362595431215874,32.286175617787926,0.049510063294722025,1,cable_cut
2015-03-06 03:00:00,5.571635446440584,0.01160120430109217,31.91031072780567,0.0413632960605894,1,cable_cut
2015-03-06 04:00:00,14.23713505076156,0.037490105229205976,28.160055733211404,0.04663920261528865,1,cable_cut
2015-03-06 05:00:00,5.585484272831192,0.012619310074050198,28.445378568113004,0.031850391020512306,1,cable_cut
2015-03-06 06:00:00,9.930304759432335,0.07969294248744209,27.725838921953724,0.04860073223099704,1,cable_cut
2015-03-06 07:00:00,5.634865998943242,0.04734729319372404,33.85624938190293,0.02682696008642419,1,cable_cut
2015-03-06 08:00:00,9.7210669112869,0.049241971634399466,28.582957479885334,0.034316393597123435,1,cable_cut
2015-03-06 09:00:00,6.932045370444321,0.044040625653604074,30.622470143989737,0.04162639816683527,1,cable_cut
2015-03-06 10:00:00,9.315821093593033,0.082532968490996,34.65158273879078,0.02729363941921678,1,cable_cut
2015-03-06 11:00:00,11.737991482059513,0.052378039072394564,33.44761263759573,0.04962058354289356,1,cable_cut
2015-03-06 12:00:00,8.122593462370071,0.08082551363293677,30.521506565087545,0.028746285392148914,1,cable_cut
2015-03-06 13:00:00,13.954690688449446,0.0582984272477565,31.27161811353723,0.012442578155103062,1,cable_cut
2015-03-06 14:00:00,7.604547003875992,0.01546367794977329,38.298963173718604,0.02311933049113809,1,cable_cut
2015-03-06 15:00:00,8.524992168049307,0.01936057623361847,33.91665689924104,0.02733231006735127,1,cable_cut
2015-03-06 16:00:00,11.32936715908724,0.07981030760848858,34.40845039093355,0.04219776455942882,1,cable_cut
2015-03-06 17:00:00,8.219513891599517,0.04998336758353136,31.15442638572572,0.031928719066244386,1,cable_cut
2015-03-06 18:00:00,6.349583329771206,0.07499624287802688,35.37235476465033,0.0388479797099975,1,cable_cut
2015-03-06 19:00:00,11.304340280756861,0.0526246454185318,27.2497923984086,0.041534953141558924,1,cable_cut
2015-03-06 20:00:00,12.323871921826195,0.022619001980921694,30.867726513127074,0.016119568886684463,1,cable_cut
2015-03-06 21:00:00,13.530543081651953,0.09139987528823493,34.57723137109578,0.0367920486781668,1,cable_cut
2015-03-06 22:00:00,13.430160082771039,0.025927990292071233,29.07905194560892,0.01323687579620183,1,cable_cut
2015-03-06 23:00:00,10.411514775096709,0.060198974308563295,34.72367261869855,0.031771126393686025,1,cable_cut
2015-03-07 00:00:00,9.52780693084464,0.08160149261850952,33.32527616908936,0.021951797080551415,1,cable_cut
2015-03-07 01:00:00,13.69792768638342,0.08282188170682225,31.879019250644507,0.01132279913293749,1,cable_cut
2015-03-07 02:00:00,7.668729326865108,0.08401939653308402,32.65208136388442,0.039858731265169034,1,cable_cut
2015-03-07 03:00:00,8.119087743538971,0.07023854749947302,34.05956970005004,0.02509968018197456,1,cable_cut
2015-03-07 04:00:00,12.166101677746465,0.0392226263946133,34.92949053287258,0.026459927743415622,1,cable_cut
2015-03-07 05:00:00,6.938490402805952,0.05729527645644762,38.39454777343326,0.027994475911903016,1,cable_cut
2015-03-07 06:00:00,11.956829109281601,0.030400249289088854,39.64511318152603,0.025538982054883412,1,cable_cut
2015-03-07 07:00:00,13.20697242439577,0.04356441179012866,24.33300667237343,0.04952714041881157,1,cable_cut
2015-03-07 08:00:00,6.567219178778519,0.09263742316338228,34.580302426852526,0.02251530297867438,1,cable_cut
2015-03-07 09:00:00,5.193746364030046,0.08491142664612103,37.62455937069434,0.03577013265489877,1,cable_cut
2015-03-07 10:00:00,6.594345171706161,0.023566664203524237,35.06321881170534,0.029354755003708453,1,cable_cut
2015-03-07 11:00:00,11.833612753020613,0.04782657166325958,28.415968189737026,0.027739924968901007,1,cable_cut
2015-03-07 12:00:00,10.060461202570474,0.08386850056539757,33.04275379730419,0.037365672860105,1,cable_cut
2015-03-07 13:00:00,11.93373911845579,0.03939982152095557,37.661620529511794,0.01656715848344049,1,cable_cut
2015-03-07 14:00:00,12.581514601445651,0.054629044329339974,27.882209898924472,0.02721177592416285,1,cable_cut
2015-03-07 15:00:00,5.833092078561476,0.07091076409126945,25.86823930945808,0.027942725640367656,1,cable_cut
2015-03-07 16:00:00,13.193528139470661,0.03272274404589097,32.4046444118618,0.01722399141439658,1,cable_cut
2015-03-07 17:00:00,14.580100464475175,0.04178987700036562,27.03282134421613,0.026266300527075667,1,cable_cut
2015-03-07 18:00:00,13.884016395301405,0.038830983489541164,29.29364874236893,0.02762826103434922,1,cable_cut
2015-03-07 19:00:00,9.441637113723097,0.041729492767875916,30.77408230971087,0.04310127847652449,1,cable_cut
2015-03-07 20:00:00,9.420257173213521,0.027419932721393772,28.066255676167543,0.045919240165017944,1,cable_cut
2015-03-07 21:00:00,11.474508557720391,0.011657708324137758,30.992480513863853,0.03590235090356787,1,cable_cut
2015-03-07 22:00:00,6.094547137826679,0.02512025341635018,24.93413953343617,0.030707535541434884,1,cable_cut
2015-03-07 23:00:00,13.115187841821514,0.0396902509122894,34.588237354283095,0.03351505247400103,1,cable_cut
2015-03-08 00:00:00,10.281382385990037,0.08818699994315538,35.85477880731472,0.03630443107748972,1,cable_cut
2015-03-08 01:00:00,7.187708579388658,0.01956465642059176,34.58133692158978,0.030884241832182475,1,cable_cut
2015-03-08 02:00:00,13.109832000845161,0.09509617851556464,32.265469943172455,0.02523708987853767,1,cable_cut
2015-03-08 03:00:00,14.604505140236007,0.0937637869020885,32.288696941988654,0.04437700400464801,1,cable_cut
2015-03-08 04:00:00,14.9885680477155,0.0416402448345228,31.762219068184905,0.040571169693800604,1,cable_cut
2015-03-08 05:00:00,8.57345319043251,0.042856256437652826,26.617009885654948,0.03994933153995189,1,cable_cut
2015-03-08 06:00:00,9.107833682074645,0.053453661419872345,29.14696658351249,0.021251737080400054,1,cable_cut
2015-03-08 07:00:00,10.894620208745724,0.04632646249953865,34.50518862566719,0.035456124829666584,1,cable_cut
2015-03-08 08:00:00,11.014997511367996,0.09086885032755092,29.82482247207144,0.02160773985317843,1,cable_cut
2015-03-08 09:00:00,7.73682261266246,0.06830599494052991,29.36293490267557,0.03048314089665371,1,cable_cut
2015-03-08 10:00:00,9.161827740583302,0.022804177878169532,29.592330427969827,0.015231275915194777,1,cable_cut
2015-03-08 11:00:00,10.577849028330522,0.08655404626619155,23.544486267363432,0.036399220175794895,1,cable_cut
2015-03-08 12:00:00,13.983401451236745,0.09581831249375207,32.73221010267578,0.02409867293782554,1,cable_cut
2015-03-08 13:00:00,7.307077160540619,0.08696769162479022,33.34790840366985,0.030822236659856353,1,cable_cut
2015-03-08 14:00:00,6.525213776908609,0.01214882612789055,32.77625085144968,0.01141764543683847,1,cable_cut
2015-03-08 15:00:00,11.37375463942638,0.07370621338316435,28.895776593671798,0.04280090462437177,1,cable_cut
2015-03-08 16:00:00,14.735786122733325,0.03470090835041497,23.57857303736736,0.020328036891185914,1,cable_cut
2015-03-08 17:00:00,9.079637079389894,0.04281374652243677,32.00295731801114,0.026581852010520123,1,cable_cut
2015-03-08 18:00:00,8.204896829880916,0.016299009243808157,31.050873782365656,0.04061402143940209,1,cable_cut
2015-03-08 19:00:00,9.941388192381154,0.04021194901620506,29.717339501099104,0.01332648528929488,1,cable_cut
2015-03-08 20:00:00,13.83834388798691,0.07222924577058064,30.7341681019836,0.01550731815715083,1,cable_cut
2015-03-08 21:00:00,7.32844962019251,0.0549649044596457,38.90211275459393,0.01324199620222117,1,cable_cut
2015-03-08 22:00:00,8.634521188932084,0.03999007842199259,32.52853838281071,0.04897848422187945,1,cable_cut
2015-03-08 23:00:00,8.707742320772692,0.037096608390439795,29.845426213557545,0.02635855778705465,1,cable_cut
2015-03-09 00:00:00,8.636122156009627,0.02847195784135629,25.11218265709805,0.04991057307324988,1,cable_cut
2015-03-09 01:00:00,8.716357971677859,0.021999534827257035,34.39889479401991,0.027471535269869597,1,cable_cut
2015-03-09 02:00:00,14.72952037478339,0.079948175636328,28.326258380275437,0.011977517225117982,1,cable_cut
2015-03-09 03:00:00,13.755319388228447,0.026883666176643096,31.233193932774636,0.035741435897329865,1,cable_cut
2015-03-09 04:00:00,11.394660752979224,0.07828868172121405,28.874116119958828,0.013414662265607174,1,cable_cut
2015-03-09 05:00:00,14.887636452380493,0.0553108005583517,29.624346891211143,0.044315227055767875,1,cable_cut
2015-03-09 06:00:00,9.420844853366866,0.06875437184496778,33.08459343083298,0.037768853905584335,1,cable_cut
2015-03-09 07:00:00,7.9721466406773045,0.024630030313211683,31.20906636601169,0.04006999331597353,1,cable_cut
2015-03-09 08:00:00,9.624352174612103,0.09858275493239861,32.55123911123412,0.026779989824379125,1,cable_cut
2015-03-09 09:00:00,7.096245047555373,0.08621526715280316,34.47064840068104,0.04173064179131932,1,cable_cut
2015-03-09 10:00:00,11.783597850365593,0.03316348939907933,32.652956318780326,0.046403709565175984,1,cable_cut
2015-03-09 11:00:00,6.109895458839337,0.059179727965339976,32.37986777503404,0.018097084043508717,1,cable_cut
2015-03-09 12:00:00,13.569115631861807,0.03162302892966317,31.267153425554763,0.01964615079022697,1,cable_cut
2015-03-09 13:00:00,12.720594893391223,0.02003369020213355,21.751341536068217,0.0113646168041691,1,cable_cut
2015-03-09 14:00:00,11.870831541739625,0.020889708752644426,24.92766509639307,0.04635037440803726,1,cable_cut
2015-03-09 15:00:00,14.870015693812022,0.08774427921906992,26.578109879643694,0.012496561543316074,1,cable_cut
2015-03-09 16:00:00,7.846218444541961,0.0463461310529866,31.86468534124446,0.028107554448098183,1,cable_cut
2015-03-09 17:00:00,14.230951102184077,0.08785873535954813,29.421164303250457,0.0196545289902807,1,cable_cut
2015-03-09 18:00:00,7.445765969159073,0.08483636831647695,29.49239156065591,0.02121737017359902,1,cable_cut
2015-03-09 19:00:00,13.665262247917244,0.0753016514057205,31.759633443982278,0.03884703304736613,1,cable_cut
2015-03-09 20:00:00,9.175632685822768,0.02910485231578404,32.67003061114948,0.01903606111238939,1,cable_cut
2015-03-09 21:00:00,6.3279393025928075,0.03476934313557692,24.89877065907788,0.039443451475794776,1,cable_cut
2015-03-09 22:00:00,14.350125856411173,0.012308172771589267,34.37053805361985,0.01209128524298658,1,cable_cut
2015-03-09 23:00:00,11.206349382708911,0.01837398215968082,32.37936004827944,0.01339974965597988,1,cable_cut
2015-03-10 00:00:00,14.428586971468638,0.012651634199164865,33.26417227930065,0.04732767809663332,1,cable_cut
2015-03-10 01:00:00,8.849742885613086,0.09397009376697521,33.13036374525265,0.01694298705284273,1,cable_cut
2015-03-10 02:00:00,7.773972851398717,0.08340489215483873,35.50254196048779,0.049053269258618665,1,cable_cut
2015-03-10 03:00:00,8.066548562086389,0.03624037495599366,34.64321762849242,0.011225246913385348,1,cable_cut
2015-03-10 04:00:00,5.586212827903437,0.03683178763677815,35.18019149031353,0.03633247285100744,1,cable_cut
2015-03-10 05:00:00,11.175968713061243,0.07675906289240281,35.24088322317999,0.04381278257815217,1,cable_cut
2015-03-10 06:00:00,8.625546422798417,0.09736852455311301,35.862861573482945,0.037893546693795875,1,cable_cut
2015-03-10 07:00:00,14.530299367692772,0.023188154971670157,33.13332042826597,0.04876265522558506,1,cable_cut
2015-03-10 08:00:00,5.159850398849452,0.04117406570106377,34.47477869502586,0.030548231238281966,1,cable_cut
2015-03-10 09:00:00,7.960077538191744,0.08774411502856161,25.683774104196058,0.027374924852661235,1,cable_cut
2015-03-10 10:00:00,7.215461307983744,0.0994124803174679,31.93452012679469,0.03279221128117628,1,cable_cut
2015-03-10 11:00:00,10.129538387984976,0.04665286364620065,33.78724977950421,0.03746050074665226,1,cable_cut
2015-03-10 12:00:00,6.154680100356126,0.04815983707725346,29.55562902812914,0.04585130277933236,1,cable_cut
2015-03-10 13:00:00,14.848993149609178,0.013341424180483693,32.407256491395415,0.02648477906351525,1,cable_cut
2015-03-10 14:00:00,10.04873526648108,0.08872020653301403,33.328375989090645,0.035029331717272835,1,cable_cut
2015-03-10 15:00:00,6.472196792646461,0.06980606561883129,36.39140854859339,0.04589491020192822,1,cable_cut
2015-03-10 16:00:00,12.672941849953206,0.03891330768212148,33.016045953316635,0.02358218148223623,1,cable_cut
2015-03-10 17:00:00,12.030808241094949,0.042158166233576655,32.65861876315564,0.03675382707744626,1,cable_cut
2015-03-10 18:00:00,8.431767376271218,0.08824717393770035,32.96524365854114,0.031906187636756796,1,cable_cut
2015-03-10 19:00:00,6.253766459811826,0.08232385691804461,31.534706923736746,0.03437922732547169,1,cable_cut
2015-03-10 20:00:00,9.558933640296843,0.06672661602889086,25.676020174602517,0.036548376633016307,1,cable_cut
2015-03-10 21:00:00,8.037556000831387,0.044987845745029016,29.572536914462617,0.03125286304863464,1,cable_cut
2015-03-10 22:00:00,11.131926866185983,0.018933755367866754,32.15551311597068,0.022424049662418517,1,cable_cut
2015-03-10 23:00:00,11.671217746874525,0.08862814500289307,26.756112072928783,0.033243478161613875,1,cable_cut
2015-03-11 00:00:00,10.515455621358054,0.020154780588708315,28.12193933716874,0.035250288434593824,1,cable_cut
2015-03-11 01:00:00,7.209546769870868,0.07802237970334201,31.05209954013022,0.04802771614138463,1,cable_cut
2015-03-11 02:00:00,11.567818450624312,0.04389057103639491,27.080205594197025,0.04804331192251066,1,cable_cut
2015-03-11 03:00:00,14.657498019972106,0.07184841521703568,29.343967761654756,0.027861111384856252,1,cable_cut
2015-03-11 04:00:00,5.917419655203753,0.07964170415670847,30.17341785838684,0.014465812386466373,1,cable_cut
2015-03-11 05:00:00,13.45579685453204,0.0691276214589741,29.155063241606204,0.0331820517388944,1,cable_cut
2015-03-11 06:00:00,5.52281448032777,0.0633874596342831,26.16967025390693,0.03543634657918664,1,cable_cut
2015-03-11 07:00:00,11.279749770676048,0.04098682534254973,35.574347709860035,0.03164805467016748,1,cable_cut
2015-03-11 08:00:00,8.833451868845396,0.012267565289760026,32.985517582012776,0.04614040375658114,1,cable_cut
2015-03-11 09:00:00,9.185807854683405,0.011783074232107732,34.72646940578382,0.02909643164964868,1,cable_cut
2015-03-11 10:00:00,9.868389791555723,0.010430683831694699,31.95733231238276,0.04447443238961213,1,cable_cut
2015-03-11 11:00:00,6.76559256486351,0.0703364046023645,32.40359344559447,0.042722261525998555,1,cable_cut
2015-03-11 12:00:00,8.605654371945043,0.04383266844736237,32.429379938260304,0.020863601512139195,1,cable_cut
2015-03-11 13:00:00,11.839568041348496,0.0643378916740571,28.337275569414324,0.010918061321044843,1,cable_cut
2015-03-11 14:00:00,5.300029705961727,0.07591049298169024,36.76741805495597,0.046540049604719295,1,cable_cut
2015-03-11 15:00:00,14.536391631465227,0.010007462827879907,27.055508716642255,0.014851975127516327,1,cable_cut
2015-03-11 16:00:00,8.748943079146198,0.025970996948009008,28.139431003346004,0.03132182130340803,1,cable_cut
2015-03-11 17:00:00,7.545156602494229,0.03469660966996312,28.987091755255346,0.0262287252791574,1,cable_cut
2015-03-11 18:00:00,13.34811351054978,0.07974966236101862,35.80267800580268,0.02420315832119331,1,cable_cut
2015-03-11 19:00:00,14.536627322075299,0.08582917150442848,32.65823148497074,0.02462034848688833,1,cable_cut
2015-03-11 20:00:00,9.324560678072597,0.0448008342964572,33.159818201854776,0.04536002706142741,1,cable_cut
2015-03-11 21:00:00,5.576027079021706,0.030380895729042963,33.73043862784287,0.01867528442562419,1,cable_cut
2015-03-11 22:00:00,14.307419680463319,0.026063379043340294,29.22682149156924,0.028628017720000204,1,cable_cut
2015-03-11 23:00:00,8.553966316615163,0.0779719677511179,32.41644001621641,0.034531303250951766,1,cable_cut
2015-03-12 00:00:00,5.409980540082583,0.08674466276185734,24.566290116276196,0.010473067320488742,1,cable_cut
2015-03-12 01:00:00,10.924185152001343,0.03965584142729718,30.904271834568576,0.01435014664338894,1,cable_cut
2015-03-12 02:00:00,13.105205423147023,0.01751472998550528,28.997602424700112,0.041606617315449027,1,cable_cut
2015-03-12 03:00:00,9.14232234388945,0.046721006990389065,29.84008196807638,0.04277985402422192,1,cable_cut
2015-03-12 04:00:00,13.869773700374935,0.06863806512087323,32.34565138296266,0.020700522579062054,1,cable_cut
2015-03-12 05:00:00,11.097285482524187,0.05240819846252349,35.27597967964175,0.02029269015133394,1,cable_cut
2015-03-12 06:00:00,12.544569687706463,0.08411754064215883,36.19212272896347,0.031734170623990476,1,cable_cut
2015-03-12 07:00:00,5.643371277771414,0.016340380645093074,36.07522110050523,0.015225978565213212,1,cable_cut
2015-03-12 08:00:00,6.443129805448706,0.07403256226173048,27.123114938211344,0.04384620382999664,1,cable_cut
2015-03-12 09:00:00,9.64499667482471,0.08071626553304807,30.28083489235486,0.023244130656922726,1,cable_cut
2015-03-12 10:00:00,10.02863638647098,0.03514961919989393,26.97067513029875,0.024810314330804367,1,cable_cut
2015-03-12 11:00:00,5.230193645109026,0.04233400428782159,33.10018742038469,0.015415795929258302,1,cable_cut
2015-03-12 12:00:00,9.406232353952095,0.09459034115766896,26.120543060287176,0.03792722683484123,1,cable_cut
2015-03-12 13:00:00,8.446841927933326,0.08276185605691491,33.35953096289848,0.036367142431575454,1,cable_cut
2015-03-12 14:00:00,12.982064635524523,0.051238783853905415,32.50171645126667,0.03464118396393525,1,cable_cut
2015-03-12 15:00:00,9.131900256695676,0.04754830256166397,32.10118813882271,0.04741810605895827,1,cable_cut
2015-03-12 16:00:00,10.00014514597989,0.09827476845865231,26.71728569010756,0.011335620213623354,1,cable_cut
2015-03-12 17:00:00,13.707198968660927,0.08118605530044483,32.617962118112416,0.0375457829916488,1,cable_cut
2015-03-12 18:00:00,14.743493698243084,0.04143889483462021,40.314429848078646,0.01901501237710191,1,cable_cut
2015-03-12 19:00:00,13.460136584539196,0.015798714182040232,38.45368520342406,0.01522937007314086,1,cable_cut
2015-03-12 20:00:00,7.6720172902592365,0.06333828371193988,35.358441034176295,0.046803519717227175,1,cable_cut
2015-03-12 21:00:00,13.514963808437416,0.04770776828190339,30.369858980727784,0.018853351567850538,1,cable_cut
2015-03-12 22:00:00,10.046791611668413,0.04381970009559113,31.37899505848663,0.011146377286368416,1,cable_cut
2015-03-12 23:00:00,14.639725698955846,0.07307388849139287,28.225839597596504,0.04811647968953788,1,cable_cut
2015-03-13 00:00:00,9.779672187518205,0.0225131958385872,31.080795471070264,0.027808379247198783,1,cable_cut
2015-03-13 01:00:00,13.399213627337828,0.08646926718124853,31.62778772349365,0.03174898750276306,1,cable_cut
2015-03-13 02:00:00,10.82631897523737,0.05947663611189986,32.5185721341917,0.02103901143527537,1,cable_cut
2015-03-13 03:00:00,6.053258899632036,0.09410113301891912,31.57106643604925,0.015969763658213846,1,cable_cut
2015-03-13 04:00:00,14.50107589024907,0.03792752379542975,29.25167814484989,0.03427718421129718,1,cable_cut
2015-03-13 05:00:00,6.613456158418664,0.02069091864820119,28.75429834334044,0.017509572259406397,1,cable_cut
2015-03-13 06:00:00,13.228073623581455,0.05982761785921057,29.69837878760756,0.027839115578721214,1,cable_cut
2015-03-13 07:00:00,12.840473011754053,0.017185551253162665,33.976608119507475,0.0490714473028171,1,cable_cut
2015-03-13 08:00:00,7.06470647942462,0.038941172494222506,36.81680911273625,0.045124608338986134,1,cable_cut
2015-03-13 09:00:00,11.705125186966368,0.07884723404436379,33.221072173285286,0.044112893898791694,1,cable_cut
2015-03-13 10:00:00,7.387659275061226,0.02598176380703522,27.6689503683629,0.020973273633224633,1,cable_cut
2015-03-13 11:00:00,9.857281591864245,0.017124295221161875,27.41940232057549,0.0311291162584255,1,cable_cut
2015-03-13 12:00:00,8.599633992767611,0.0836136907024629,29.79262832165945,0.0294979142914124,1,cable_cut
2015-03-13 13:00:00,10.87466890157065,0.0893415876289019,30.75241480515409,0.04844303198975676,1,cable_cut
2015-03-13 14:00:00,10.983144092991793,0.08958871927573293,35.38332299192618,0.021723744375605557,1,cable_cut
2015-03-13 15:00:00,7.663172385662088,0.05104142205264814,31.92765277074598,0.015104015337877096,1,cable_cut
2015-03-13 16:00:00,11.364598422598782,0.07729446601799102,28.77031071229089,0.021764095148084105,1,cable_cut
2015-03-13 17:00:00,12.376906813770729,0.048374107486671744,26.598033076239275,0.03299842749355283,1,cable_cut
2015-03-13 18:00:00,14.925961904395585,0.012356608216459604,30.889932916809087,0.04771411864795591,1,cable_cut
2015-03-13 19:00:00,6.51479118282607,0.09667960257340898,34.933086317897725,0.017028880650327656,1,cable_cut
2015-03-13 20:00:00,9.189273774291024,0.08418332588920516,38.1233206427368,0.043326332093727105,1,cable_cut
2015-03-13 21:00:00,13.575336975821566,0.06714446332295369,28.03999472344455,0.015000667979468214,1,cable_cut
2015-03-13 22:00:00,10.6096534697888,0.09205474399969091,32.66991353366821,0.04643598329030836,1,cable_cut
2015-03-13 23:00:00,7.530195968066079,0.08635176134978431,25.54035256713137,0.03851102521150505,1,cable_cut
2015-03-14 00:00:00,9.997024727595516,0.030077947028100127,26.14179046750389,0.013540907982245623,1,cable_cut
2015-03-14 01:00:00,10.14374194488736,0.07640901609993865,34.59682239533773,0.04628936680760642,1,cable_cut
2015-03-14 02:00:00,5.9843743742029245,0.07164364368874258,28.57881181463382,0.03560421922369653,1,cable_cut
2015-03-14 03:00:00,7.875166923957689,0.08603807079419623,32.7846527562658,0.012386333437625848,1,cable_cut
2015-03-14 04:00:00,11.996638300311428,0.03786280272825594,31.108259200450988,0.04228042421715732,1,cable_cut
2015-03-14 05:00:00,11.597372984570379,0.06567775522565453,34.2306030332614,0.04292156031801495,1,cable_cut
2015-03-14 06:00:00,14.031440576978227,0.02808323317569271,36.324382509431416,0.03268569714584681,1,cable_cut
2015-03-14 07:00:00,10.27414019399439,0.06744837212236486,31.9617006966945,0.03693246104606903,1,cable_cut
2015-03-14 08:00:00,12.103425203767692,0.06509143999794481,29.442849173425795,0.022275911419084783,1,cable_cut
2015-03-14 09:00:00,8.190236558642805,0.058174265592322354,25.438680162571607,0.03797650008133394,1,cable_cut
2015-03-14 10:00:00,13.842930051275026,0.0449241603361406,33.97217960671938,0.018098176509704265,1,cable_cut
2015-03-14 11:00:00,5.450163744452647,0.03578409866554463,33.08635432767949,0.04859253432263593,1,cable_cut
2015-03-14 12:00:00,11.467412518210836,0.02433256714671733,31.56181957972105,0.033561405575106285,1,cable_cut
2015-03-14 13:00:00,9.013424893628079,0.09860964846215944,34.96077503047353,0.02946901290529936,1,cable_cut
2015-03-14 14:00:00,12.853934098562975,0.08311597398224084,31.987707729232017,0.026138224087213925,1,cable_cut
2015-03-14 15:00:00,8.319714166224031,0.03812643764015648,31.340646948093447,0.047216241630095517,1,cable_cut
2015-03-14 16:00:00,6.713499602771554,0.0724636287639431,29.34981880518571,0.01271945231272445,1,cable_cut
2015-03-14 17:00:00,13.252245174603468,0.052368704163679815,34.06270393312134,0.03429435682311485,1,cable_cut
2015-03-14 18:00:00,8.374707668918898,0.09327752134883475,28.66914947388904,0.03161768936187556,1,cable_cut
2015-03-14 19:00:00,14.508781661036865,0.07990787172464435,31.989094145704808,0.03898529113824217,1,cable_cut
2015-03-14 20:00:00,7.673303086706465,0.028487642701421546,33.871012043958615,0.03101856411260759,1,cable_cut
2015-03-14 21:00:00,10.783725881382267,0.07235455148610694,28.00090633196612,0.04655355707691774,1,cable_cut
2015-03-14 22:00:00,12.70205036703081,0.08319757027340428,33.15932814983799,0.03189412710394268,1,cable_cut
2015-03-14 23:00:00,13.679507540055578,0.0705494222161797,31.872693352244063,0.024656517372104926,1,cable_cut
2015-03-15 00:00:00,13.985858477168932,0.028217267829385384,32.84550739126112,0.048044254666120924,1,cable_cut
2015-03-15 01:00:00,7.634838909723175,0.06628292097994118,29.542384573773283,0.03834537006645984,1,cable_cut
2015-03-15 02:00:00,11.4626379420206,0.027836457770653668,33.1406663322562,0.013457564602317782,1,cable_cut
2015-03-15 03:00:00,8.174194984978332,0.07510295692578593,23.60837718263828,0.03685578127615405,1,cable_cut
2015-03-15 04:00:00,5.7280198364699295,0.013594504651011753,29.94336018963628,0.03732370759953208,1,cable_cut
2015-03-15 05:00:00,9.532677697196362,0.09278155039356978,27.83874517612348,0.02110241820889893,1,cable_cut
2015-03-15 06:00:00,14.8921373944988,0.051593532423052604,31.504024332196742,0.043643631063298424,1,cable_cut
2015-03-15 07:00:00,12.593507577671879,0.02780744196087588,35.929862955263715,0.04604257441993234,1,cable_cut
2015-03-15 08:00:00,6.035878435745136,0.08657164571673576,26.530245430717727,0.04062747763560973,1,cable_cut
2015-03-15 09:00:00,12.819635097095095,0.08948956839761874,30.547239645458315,0.031475432225492955,1,cable_cut
2015-03-15 10:00:00,5.09900110942623,0.07357883227609709,27.406712990433263,0.047613572900908264,1,cable_cut
2015-03-15 11:00:00,11.442516382340203,0.011834248783501184,34.158996204012176,0.016975051230877662,1,cable_cut
2015-03-15 12:00:00,11.32057001355994,0.01275299744212388,27.67151425242234,0.02194897052467295,1,cable_cut
2015-03-15 13:00:00,9.03896798244912,0.03266279654576055,37.57668354870283,0.03236876106786902,1,cable_cut
2015-03-15 14:00:00,8.456716331588916,0.030556370957932448,30.88082030552419,0.010576712424956761,1,cable_cut
2015-03-15 15:00:00,11.113823205909025,0.013390649495649061,33.01571200805181,0.01332841489638799,1,cable_cut
2015-03-15 16:00:00,9.374387358956305,0.04183771316848054,32.96585952673355,0.015549958080727521,1,cable_cut
2015-03-15 17:00:00,12.745938027048767,0.09185160463727218,25.16925816687131,0.04089110935058521,1,cable_cut
2015-03-15 18:00:00,12.860019911812921,0.07534301645525988,31.83198152940489,0.04937326138556295,1,cable_cut
2015-03-15 19:00:00,10.187685092014675,0.08761705514792374,29.41254425622211,0.01135979286610949,1,cable_cut
2015-03-15 20:00:00,14.948715743030762,0.08050100086800088,29.38820286712204,0.02618232935441115,1,cable_cut
2015-03-15 21:00:00,10.712541730338648,0.05520191667897199,30.462414727050025,0.02166582553067022,1,cable_cut
2015-03-15 22:00:00,6.942146996819538,0.05158619026578825,31.78269205310269,0.040441954152170695,1,cable_cut
2015-03-15 23:00:00,14.725831950162528,0.08415385826015735,34.916984950242735,0.02545373848025145,1,cable_cut
2015-03-16 00:00:00,7.447054918022026,0.06621189627859554,31.13160634216351,0.027827122557048778,1,cable_cut
2015-03-16 01:00:00,10.060402157922061,0.028871238119755283,36.92337799093448,0.019124596434606636,1,cable_cut
2015-03-16 02:00:00,8.56518683851026,0.0678150158279184,34.67532366222091,0.0357340621307053,1,cable_cut
2015-03-16 03:00:00,7.212764790477593,0.07713033811298353,28.762529033301643,0.021074322003465207,1,cable_cut
2015-03-16 04:00:00,6.258438950237394,0.01237857177872378,21.87854942213145,0.02879482104653814,1,cable_cut
2015-03-16 05:00:00,7.343212265870907,0.01708258936110664,29.49037237206435,0.013977108686949232,1,cable_cut
2015-03-16 06:00:00,6.805032556352483,0.030116437071569836,32.76022302057585,0.010059850360027559,1,cable_cut
2015-03-16 07:00:00,12.790596413884948,0.03063277475055967,34.6614860407931,0.017370326910209188,1,cable_cut
2015-03-16 08:00:00,5.05057660801209,0.0740487095908265,35.04579600743625,0.03922910630152334,1,cable_cut
2015-03-16 09:00:00,6.311233377841175,0.06270987971674803,32.15180679335326,0.04906694770607645,1,cable_cut
2015-03-16 10:00:00,11.10868205738609,0.07603459524229224,28.147648395093636,0.013190086320704389,1,cable_cut
2015-03-16 11:00:00,10.764837694369653,0.022009344515345378,26.74361611750992,0.016776757422683204,1,cable_cut
2015-03-16 12:00:00,10.999773787056583,0.09915414003650297,29.769617085729795,0.027539336101051276,1,cable_cut
2015-03-16 13:00:00,13.281565378616525,0.06328636749790201,27.58543090716945,0.023213262837065006,1,cable_cut
2015-03-16 14:00:00,6.683258721609965,0.04212389612507456,36.081543459956734,0.037999376557735234,1,cable_cut
2015-03-16 15:00:00,13.541812633994214,0.022574172313667037,27.236865986333807,0.013110686403997205,1,cable_cut
2015-03-16 16:00:00,14.738401127971455,0.07372701143991904,29.15782449375577,0.01275152961775889,1,cable_cut
2015-03-16 17:00:00,7.834220902103347,0.05734465859119591,30.50962725535428,0.03868203988604803,1,cable_cut
2015-03-16 18:00:00,8.58122323088913,0.019875846168774514,27.06555081698034,0.010956624159861495,1,cable_cut
2015-03-16 19:00:00,14.05138022706478,0.02635615115497896,23.36853887317788,0.042922413910639376,1,cable_cut
2015-03-16 20:00:00,13.701677936867432,0.05779135171387908,31.261055487826564,0.031575032501775346,1,cable_cut
2015-03-16 21:00:00,7.122989206409647,0.029295036775747955,28.05146261344084,0.029913199430648046,1,cable_cut
2015-03-16 22:00:00,12.051826533237174,0.01841792491703404,33.35720055049958,0.0304078567476107,1,cable_cut
2015-03-16 23:00:00,7.40619568416737,0.028309810135580114,23.9819932741122,0.04236269526960186,1,cable_cut
2015-03-17 00:00:00,10.616009010168781,0.05799954688292125,30.645874626429304,0.014076735370988183,1,cable_cut
2015-03-17 01:00:00,9.177905118818336,0.06630196543823658,33.82583616526153,0.04223466115743618,1,cable_cut
2015-03-17 02:00:00,13.587450728894222,0.09187831827145732,31.471310355369948,0.047266869851828944,1,cable_cut
2015-03-17 03:00:00,5.952572637466764,0.029561527641377164,30.165041810663745,0.033516240535996465,1,cable_cut
2015-03-17 04:00:00,7.692241495687889,0.010423540686167292,30.80798713931422,0.03496003893264584,1,cable_cut
2015-03-17 05:00:00,10.154951625040756,0.09759041921614955,37.007322558549006,0.02534145541050402,1,cable_cut
2015-03-17 06:00:00,14.705755431995046,0.06226702130002088,33.57102981603275,0.03357666871403558,1,cable_cut
2015-03-17 07:00:00,5.822384850424208,0.09907081889033639,26.303069168298087,0.012350382228763626,1,cable_cut
2015-03-17 08:00:00,9.455099164163041,0.0693460522702918,34.17960404628174,0.020261477812662538,1,cable_cut
2015-03-17 09:00:00,14.269031624039366,0.06755439368947358,31.25211839687464,0.04247621145818927,1,cable_cut
2015-03-17 10:00:00,9.50934832872572,0.04643545497655479,31.32706608064564,0.03183137500095231,1,cable_cut
2015-03-17 11:00:00,9.073211586515555,0.014426683452802753,26.409667800401238,0.038287912896183565,1,cable_cut
2015-03-17 12:00:00,13.59930958577093,0.08843312677102808,30.938422376980117,0.0227620300940123,1,cable_cut
2015-03-17 13:00:00,12.036021598196173,0.03381860779311663,35.25764747657061,0.039095591733326475,1,cable_cut
2015-03-17 14:00:00,14.537367773099337,0.01708885554354799,30.44939690585737,0.037258855354643704,1,cable_cut
2015-03-17 15:00:00,9.780993869882693,0.04591247463758127,27.549869812195407,0.027043460598569144,1,cable_cut
2015-03-17 16:00:00,7.340631387558138,0.03667431789456005,38.17436940799045,0.04486111428616703,1,cable_cut
2015-03-17 17:00:00,5.472314769972212,0.047199464329010274,24.249433207977965,0.0398630270134314,1,cable_cut
2015-03-17 18:00:00,6.649594146192115,0.08505389125829546,29.204538862733457,0.025172458058570282,1,cable_cut
2015-03-17 19:00:00,9.61545636201907,0.03940810825805686,24.2020932322504,0.028584142001851956,1,cable_cut
2015-03-17 20:00:00,10.89787422320675,0.07745543581855886,32.5339950620152,0.04772814842292204,1,cable_cut
2015-03-17 21:00:00,12.074988728719024,0.09868040774572041,37.37849124065318,0.015382653424029509,1,cable_cut
2015-03-17 22:00:00,8.383372318679712,0.04208597678863522,30.663149853496407,0.035000968731064605,1,cable_cut
2015-03-17 23:00:00,6.613483011997313,0.06813113856477947,33.44273812486794,0.010051997978905524,1,cable_cut
2015-03-18 00:00:00,14.423705929060421,0.0121831237641892,35.76849388508621,0.02410292958140637,1,cable_cut
2015-03-18 01:00:00,10.303063438593131,0.03766841687523504,34.57719265691085,0.012214774027566433,1,cable_cut
2015-03-18 02:00:00,5.041093923069695,0.04508256150893059,33.90667833634805,0.02083945992696859,1,cable_cut
2015-03-18 03:00:00,8.043733684876722,0.03825806308090771,31.94984675520736,0.02806590118081248,1,cable_cut
2015-03-18 04:00:00,6.818744509439282,0.05269961193975337,30.550859337143912,0.04322841471399657,1,cable_cut
2015-03-18 05:00:00,7.47528765400023,0.08875138771535931,33.900523585566205,0.04618437449448795,1,cable_cut
2015-03-18 06:00:00,7.504854245526599,0.05757677230923337,33.7782385069788,0.03151636561945007,1,cable_cut
2015-03-18 07:00:00,12.431247705880867,0.05379008674013505,27.48916690914257,0.04961755246206268,1,cable_cut
2015-03-18 08:00:00,12.810887538412961,0.0265437862786798,29.069733626305503,0.049808515203822346,1,cable_cut
2015-03-18 09:00:00,8.61949674622003,0.06386550026547803,28.5765076439846,0.04016437327845764,1,cable_cut
2015-03-18 10:00:00,10.121276049620935,0.05220805054730449,23.981758775953192,0.02595815510111759,1,cable_cut
2015-03-18 11:00:00,10.561708972178298,0.08775923809815708,34.52342099448556,0.028354238505869586,1,cable_cut
2015-03-18 12:00:00,12.994937483882072,0.051732209762768794,25.961464443786497,0.021050511259997937,1,cable_cut
2015-03-18 13:00:00,9.906194811845147,0.04814074018899082,32.27600908563785,0.01135239762888038,1,cable_cut
2015-03-18 14:00:00,10.822664539775024,0.09844969752568798,34.37127983161795,0.019891545687399516,1,cable_cut
2015-03-18 15:00:00,14.201656811129519,0.020643001014648357,31.503889597635617,0.04169588888907404,1,cable_cut
2015-03-18 16:00:00,6.481098286058415,0.09757421702496935,34.24891391506324,0.014340518272913872,1,cable_cut
2015-03-18 17:00:00,5.538479275073556,0.03438074622071824,34.91418461432197,0.017973089827638882,1,cable_cut
2015-03-18 18:00:00,7.0929493319246895,0.024900229455449344,41.283816055857415,0.01037979197212735,1,cable_cut
2015-03-18 19:00:00,6.804805120945703,0.033363156430859055,35.01685080527975,0.015234566907007965,1,cable_cut
2015-03-18 20:00:00,12.840012915432782,0.07760730837224682,32.2009371938902,0.041138591188853615,1,cable_cut
2015-03-18 21:00:00,8.49147156535157,0.0846161425159606,30.794065746895065,0.013624804215376148,1,cable_cut
2015-03-18 22:00:00,14.342548405302795,0.044014756559173224,28.92451522146193,0.04432557458136835,1,cable_cut
2015-03-18 23:00:00,10.166425451522695,0.01281547725587082,33.458164793695104,0.03782711901940418,1,cable_cut
2015-03-19 00:00:00,10.191774660792541,0.04606028647108432,31.63580480799869,0.021994189896101704,1,cable_cut
2015-03-19 01:00:00,13.884450546905038,0.03527515134874002,27.94871476232216,0.02864772175536632,1,cable_cut
2015-03-19 02:00:00,12.202620482062658,0.061383212686090996,29.949401049784424,0.027572638502501114,1,cable_cut
2015-03-19 03:00:00,5.375694602183455,0.07054670664894118,38.28531867313357,0.030991794196294248,1,cable_cut
2015-03-19 04:00:00,13.281213856875315,0.05247987877733204,34.13672668388883,0.04728482150159915,1,cable_cut
2015-03-19 05:00:00,5.652288682920138,0.08595537886889458,33.5376147861844,0.0247051057731826,1,cable_cut
2015-03-19 06:00:00,14.246119929794132,0.060882035231087483,31.820143061194937,0.018113863293043604,1,cable_cut
2015-03-19 07:00:00,7.666386102843966,0.02319091649933093,31.405366024655077,0.046757103932468506,1,cable_cut
2015-03-19 08:00:00,13.071067988752235,0.05057447896250994,33.764461384609646,0.04362839294443664,1,cable_cut
2015-03-19 09:00:00,6.544758678956011,0.07496909704655869,33.84163719693253,0.04541844180314355,1,cable_cut
2015-03-19 10:00:00,6.785042191637748,0.06919310519364123,30.5724425891295,0.046098221180350826,1,cable_cut
2015-03-19 11:00:00,5.104174026272673,0.04356970004383784,32.899884526477315,0.021601936216223666,1,cable_cut
2015-03-19 12:00:00,10.86102444506491,0.04387158810353413,38.12263249105708,0.04851954581676897,1,cable_cut
2015-03-19 13:00:00,12.25489917362031,0.09050794300121713,32.32957373508172,0.039151898297312235,1,cable_cut
2015-03-19 14:00:00,5.344931929021383,0.08418468922283236,29.846180230976145,0.0457691279441642,1,cable_cut
2015-03-19 15:00:00,9.62292911410534,0.02404333507477725,32.6378686149766,0.011669993901479044,1,cable_cut
2015-03-19 16:00:00,11.362918601534805,0.08063940596089651,31.507687144813225,0.03597535065311091,1,cable_cut
2015-03-19 17:00:00,12.616930086034845,0.02401326982811334,26.438594862823926,0.015195916197205409,1,cable_cut
2015-03-19 18:00:00,9.464319180827964,0.07636605609147999,29.48585201944353,0.03186360222835732,1,cable_cut
2015-03-19 19:00:00,14.962192627231921,0.06822557468125548,33.98262785698484,0.016571652573544152,1,cable_cut
2015-03-19 20:00:00,11.917816468993063,0.022960376505533446,32.17113732292788,0.038950727423439406,1,cable_cut
2015-03-19 21:00:00,11.66010743310294,0.0389869259743286,27.71166112015517,0.024106393327546966,1,cable_cut
2015-03-19 22:00:00,13.812915603592364,0.026320404983729492,27.442525654777967,0.04993088384090765,1,cable_cut
2015-03-19 23:00:00,10.176259391339695,0.09136693592730798,27.311283363307755,0.042684481798561394,1,cable_cut
2015-03-20 00:00:00,8.208971713357283,0.05179157718945591,34.37507925741036,0.043276945613148855,1,cable_cut
2015-03-20 01:00:00,8.835095372627624,0.04116197981160573,25.7731989935401,0.021966142624326918,1,cable_cut
2015-03-20 02:00:00,14.56629850248447,0.05059824001613543,31.13211314922787,0.031404832991847945,1,cable_cut
2015-03-20 03:00:00,6.193341120680172,0.08256574423578916,32.335497940434365,0.03012941918734243,1,cable_cut
2015-03-20 04:00:00,9.63525800540513,0.06285910341286415,30.20837771372987,0.037195840842333475,1,cable_cut
2015-03-20 05:00:00,6.997428575163593,0.09531577706901537,31.38128453564961,0.024199389399890546,1,cable_cut
2015-03-20 06:00:00,5.79316435451968,0.08659593564937511,29.36918694815308,0.037236141018228225,1,cable_cut
2015-03-20 07:00:00,10.001202204889513,0.046038435363031004,33.78192345934214,0.0472780753658366,1,cable_cut
2015-03-20 08:00:00,6.033908421470777,0.08620210238626115,31.46988840712621,0.04514108969808813,1,cable_cut
2015-03-20 09:00:00,6.208936092362769,0.056745966636274535,28.65606596250852,0.026984356661052762,1,cable_cut
2015-03-20 10:00:00,13.420684773310208,0.09332751467028587,32.566597295210684,0.045257517684385316,1,cable_cut
2015-03-20 11:00:00,6.832122925159205,0.02923402831355179,32.8898508808979,0.03470469218445004,1,cable_cut
2015-03-20 12:00:00,10.73624340760604,0.07096187679870739,31.731259481610262,0.012290517833636555,1,cable_cut
2015-03-20 13:00:00,10.051468578578708,0.06697662069142667,31.977907132697545,0.04113210855639662,1,cable_cut
2015-03-20 14:00:00,7.077610649248487,0.05158876885525618,26.813581777559964,0.03877990262355986,1,cable_cut
2015-03-20 15:00:00,8.222507858842114,0.08785246090327863,27.183774489864536,0.04450352228564142,1,cable_cut
2015-03-20 16:00:00,6.397787654441457,0.055746484846962846,34.152837172047526,0.013925589253472679,1,cable_cut
2015-03-20 17:00:00,6.606430701938022,0.047374197285271445,34.73958868898792,0.017043264051986105,1,cable_cut
2015-03-20 18:00:00,12.736147599947062,0.07120033780735938,31.56422594579038,0.027851493632710236,1,cable_cut
2015-03-20 19:00:00,6.851336420325333,0.01575494599684982,31.849197477025044,0.04955754487665817,1,cable_cut
2015-03-20 20:00:00,7.833561488329717,0.08709767878315094,27.818154105408624,0.03982963768538847,1,cable_cut
2015-03-20 21:00:00,5.976135483478845,0.04129250626127871,31.731536376109915,0.040719862685324106,1,cable_cut
2015-03-20 22:00:00,7.921934807751871,0.08801125737766106,28.13274374530657,0.018827396938057146,1,cable_cut
2015-03-20 23:00:00,14.948303107826849,0.0852649016488525,32.99350617788702,0.02167275578642001,1,cable_cut
2015-03-21 00:00:00,12.677333450928167,0.019007800234316155,28.85077400541701,0.036660212882716696,1,cable_cut
2015-03-21 01:00:00,8.510727928541467,0.045412609479991525,31.08344788974757,0.04952236340698161,1,cable_cut
2015-03-21 02:00:00,11.7055630965543,0.05865645311040139,33.104726363096674,0.01761517070108553,1,cable_cut
2015-03-21 03:00:00,8.75115656470369,0.04049675161768835,28.644001217485417,0.03196141221603368,1,cable_cut
2015-03-21 04:00:00,8.963370015936484,0.02595306258691145,38.253531917512845,0.015237947149866172,1,cable_cut
2015-03-21 05:00:00,10.914218374325538,0.09014496272521344,36.5309133154923,0.03097742041228202,1,cable_cut
2015-03-21 06:00:00,14.225849872098564,0.03370458115905233,29.18027629178557,0.040299758102315404,1,cable_cut
2015-03-21 07:00:00,10.224615487467158,0.04245386239299587,30.73591019278309,0.031444437119747655,1,cable_cut
2015-03-21 08:00:00,13.418696953400408,0.0694251067120449,34.96486089001331,0.04884927243029745,1,cable_cut
2015-03-21 09:00:00,9.494043145544884,0.07111008119669106,33.35534022238605,0.02066555448169882,1,cable_cut
2015-03-21 10:00:00,12.72859275495675,0.06402663499490857,25.21648165492252,0.027412263986984237,1,cable_cut
2015-03-21 11:00:00,11.940426003279322,0.05193712134813614,34.00354428561947,0.01650151716602146,1,cable_cut
2015-03-21 12:00:00,5.790331498421467,0.05635223915652371,25.630220427120083,0.014846458201074775,1,cable_cut
2015-03-21 13:00:00,7.175850514938845,0.042595790829621255,25.074491261338835,0.019135786971061948,1,cable_cut
2015-03-21 14:00:00,5.525545958228183,0.06876154393811379,29.49342232662577,0.047070323330055515,1,cable_cut
2015-03-21 15:00:00,7.252996136220412,0.05074662819605253,32.58999867422207,0.04858718574516084,1,cable_cut
2015-03-21 16:00:00,9.422825878839976,0.09942048437091645,31.052973417209078,0.025093169726805822,1,cable_cut
2015-03-21 17:00:00,11.050706738225431,0.05007365826612608,35.58165045943831,0.042557255053071126,1,cable_cut
2015-03-21 18:00:00,8.398596467667831,0.02569577859680528,33.86981795850323,0.03468611928650002,1,cable_cut
2015-03-21 19:00:00,9.080628581136743,0.09164637641777046,32.8983241347335,0.04177111365166839,1,cable_cut
2015-03-21 20:00:00,12.141140507193189,0.0714457013470641,31.33349960845085,0.01775627234750966,1,cable_cut
2015-03-21 21:00:00,10.911453542287394,0.07171032381498273,28.83162106446817,0.014154774244266912,1,cable_cut
2015-03-21 22:00:00,10.480046950587164,0.0445468363597822,35.77358503118282,0.03202477024755226,1,cable_cut
2015-03-21 23:00:00,8.05659528005099,0.06854557088312077,26.055067873992257,0.04904174562411072,1,cable_cut
2015-03-22 00:00:00,10.038376768952856,0.039828035264754015,36.81117664077135,0.027179866104304326,1,cable_cut
2015-03-22 01:00:00,13.446327420106988,0.019017705361468934,31.64385152915605,0.017751332997177207,1,cable_cut
2015-03-22 02:00:00,6.684472463437099,0.03615963482519266,34.278843156637166,0.02032206452574066,1,cable_cut
2015-03-22 03:00:00,9.687192589636352,0.017249640543432754,30.026510084796705,0.02589882161951245,1,cable_cut
2015-03-22 04:00:00,6.699273263415337,0.06753180929694812,29.322460025422583,0.027614323689052624,1,cable_cut
2015-03-22 05:00:00,6.5979480053905695,0.08882009943223074,33.43651928807613,0.03640794310984864,1,cable_cut
2015-03-22 06:00:00,8.55428954918782,0.022699658289335296,27.422036920977312,0.034946674750681465,1,cable_cut
2015-03-22 07:00:00,10.957442006786325,0.06530220004798123,29.356735218227907,0.04804864495712819,1,cable_cut
2015-03-22 08:00:00,5.232291324850248,0.072892257464829,27.113837130902382,0.010892564507467154,1,cable_cut
2015-03-22 09:00:00,8.582951781699585,0.09528523148343752,36.1435310404496,0.02948302699205095,1,cable_cut
2015-03-22 10:00:00,9.701579497250982,0.08443770532234732,25.1156242962331,0.019527090759725172,1,cable_cut
2015-03-22 11:00:00,11.029908393062959,0.07980244370667304,29.336756162754902,0.04413797471312065,1,cable_cut
2015-03-22 12:00:00,10.03680466848033,0.024264462959263766,29.94190403082649,0.04242742876801837,1,cable_cut
2015-03-22 13:00:00,11.998480828513472,0.024962921272326227,30.68977150266086,0.049151913054388686,1,cable_cut
2015-03-22 14:00:00,10.454884058921085,0.04617206926363186,29.64705143038843,0.03606871354576948,1,cable_cut
2015-03-22 15:00:00,12.127823382984197,0.09811485810430522,27.170702631501698,0.044308308118428785,1,cable_cut
2015-03-22 16:00:00,9.983138982097127,0.08321987038562859,28.338481699943507,0.011754800034975284,1,cable_cut
2015-03-22 17:00:00,10.052951150698993,0.02544383791073378,36.92388544978295,0.021183306779634634,1,cable_cut
2015-03-22 18:00:00,5.4133036655268985,0.03388284813690716,32.04850145296215,0.010638862154701565,1,cable_cut
2015-03-22 19:00:00,11.48890539679117,0.03864759708957977,26.62820362526263,0.0356613330207063,1,cable_cut
2015-03-22 20:00:00,14.22634403104573,0.03878900812640262,30.077579783870625,0.02165407770371664,1,cable_cut
2015-03-22 21:00:00,11.522866327625877,0.017632994728678957,24.703167552661167,0.044049923143055954,1,cable_cut
2015-03-22 22:00:00,12.869956775821864,0.07913405329808225,28.834409319778487,0.048463816100483004,1,cable_cut
2015-03-22 23:00:00,12.879057425670315,0.09402608190365046,34.00692588694427,0.03661470958025757,1,cable_cut
2015-03-23 00:00:00,9.334631781631856,0.07461920671217671,29.769376853674306,0.014599759051657002,1,cable_cut
2015-03-23 01:00:00,14.24934965688191,0.04916019359825485,31.62216707917436,0.016871091205703362,1,cable_cut
2015-03-23 02:00:00,12.117732853235257,0.031251241879494095,35.165560934231635,0.04799387595458118,1,cable_cut
2015-03-23 03:00:00,5.977669793555909,0.08931244780306112,36.65330507809891,0.036566045048261435,1,cable_cut
2015-03-23 04:00:00,6.26228886205329,0.05196594315466101,23.83634416626493,0.022320482199234437,1,cable_cut
2015-03-23 05:00:00,5.213223696675083,0.09049598665843177,31.22567673219834,0.03666605851692198,1,cable_cut
2015-03-23 06:00:00,11.6207882063423,0.08643045009215873,38.35718533999483,0.03986972859525395,1,cable_cut
2015-03-23 07:00:00,9.829899465021434,0.04859650972169182,29.543253334964668,0.014321261940441931,1,cable_cut
2015-03-23 08:00:00,13.17279649499664,0.03265053428886515,28.256293635151728,0.020591504113818316,1,cable_cut
2015-03-23 09:00:00,13.472176630813772,0.06239777900708619,36.84146564615391,0.010889569625200268,1,cable_cut
2015-03-23 10:00:00,12.21349779535347,0.06533015060887686,36.21717231678187,0.015060821799565636,1,cable_cut
2015-03-23 11:00:00,10.809167254335767,0.06882050008494073,29.383386962837385,0.023658516216243812,1,cable_cut
2015-03-23 12:00:00,13.416051716805494,0.029642583348972823,30.775416587726724,0.01657529138484961,1,cable_cut
2015-03-23 13:00:00,14.664491664078517,0.051532344375937233,34.40725852613333,0.04902790130285815,1,cable_cut
2015-03-23 14:00:00,8.049424074239534,0.03814716934408931,29.91497279216363,0.02435364906621658,1,cable_cut
2015-03-23 15:00:00,11.420071709906615,0.029894624380878067,31.890051744113528,0.029990145612785776,1,cable_cut
2015-03-23 16:00:00,11.234795266618782,0.06270459332086073,36.54119702376296,0.024271162780012446,1,cable_cut
2015-03-23 17:00:00,11.221548994938669,0.03242678837366973,28.3638130795471,0.0444744109321719,1,cable_cut
2015-03-23 18:00:00,13.078021921054138,0.06646706281747043,36.14816569237296,0.038220849313006774,1,cable_cut
2015-03-23 19:00:00,5.041792714660574,0.02021736253227488,33.40321622326101,0.036042963460711105,1,cable_cut
2015-03-23 20:00:00,13.191326138994217,0.042598161585107444,31.285564003964343,0.03898541380518654,1,cable_cut
2015-03-23 21:00:00,12.4457770897783,0.08108867290141805,25.984575351877737,0.033373880174609426,1,cable_cut
2015-03-23 22:00:00,6.41724879466752,0.08751546349876263,28.10201578145965,0.02351346507111942,1,cable_cut
2015-03-23 23:00:00,8.324066190597678,0.0969127448951621,30.696071168450597,0.02320729157726761,1,cable_cut
2015-03-24 00:00:00,7.905152181733106,0.04905805686492317,29.91244909167079,0.032000023446282826,1,cable_cut
2015-03-24 01:00:00,12.530612807560303,0.0680148229846121,33.621081020357735,0.04668959205456971,1,cable_cut
2015-03-24 02:00:00,9.474227535388037,0.05040283172631597,33.1862113805274,0.027637729631151416,1,cable_cut
2015-03-24 03:00:00,13.418521914504426,0.041307648430975785,33.27506664195229,0.021480844599927888,1,cable_cut
2015-03-24 04:00:00,11.050023682809138,0.05620485125935956,30.39988180519226,0.014542173004556624,1,cable_cut
2015-03-24 05:00:00,11.073197211864011,0.028711018028658913,33.67405177757717,0.04388844499996725,1,cable_cut
2015-03-24 06:00:00,9.329791398633091,0.03315040973784859,34.660317167483875,0.010415724122314507,1,cable_cut
2015-03-24 07:00:00,14.0589390455289,0.04576425790254466,33.40755318827364,0.026061806254728016,1,cable_cut
2015-03-24 08:00:00,13.937317120910368,0.04289969568074424,29.66186929508583,0.02796975340616232,1,cable_cut
2015-03-24 09:00:00,9.41794182741521,0.055395221198020095,32.693578409530275,0.02744168553577865,1,cable_cut
2015-03-24 10:00:00,14.927402325917619,0.05131498642929198,34.39170591680565,0.04686661011065795,1,cable_cut
2015-03-24 11:00:00,13.42667880037169,0.09526792403458952,29.91425108361126,0.018264062940908307,1,cable_cut
2015-03-24 12:00:00,8.867859418637662,0.049818290274654016,34.57294532786043,0.04607040993961497,1,cable_cut
2015-03-24 13:00:00,9.874149306705219,0.015456626375319856,29.305521205050024,0.019998620707510358,1,cable_cut
2015-03-24 14:00:00,13.447214144284619,0.06432632527037292,21.819922266158223,0.03677334325130804,1,cable_cut
2015-03-24 15:00:00,7.134204710146927,0.0920553480131608,31.939537073175742,0.036144245619499055,1,cable_cut
2015-03-24 16:00:00,7.397937852999928,0.08733070408572248,33.56076465401713,0.038171171869070035,1,cable_cut
2015-03-24 17:00:00,9.462388522791525,0.057878003333949345,31.24546518558031,0.028672558461149217,1,cable_cut
2015-03-24 18:00:00,12.20103016496982,0.09197732039660057,34.09177374166484,0.04252282507468494,1,cable_cut
2015-03-24 19:00:00,10.464496739141858,0.0676930582967971,31.0675138308076,0.031247591398827004,1,cable_cut
2015-03-24 20:00:00,9.406198042902368,0.04669120168914844,33.68946046864623,0.03213077339519454,1,cable_cut
2015-03-24 21:00:00,6.024364590915917,0.02856109871990952,29.71835870199168,0.03785365700693907,1,cable_cut
2015-03-24 22:00:00,10.296356997568843,0.0781648506066744,33.72422614645511,0.02522382184533886,1,cable_cut
2015-03-24 23:00:00,14.37547703322491,0.0679284003945893,29.511528418471595,0.03095761919806512,1,cable_cut
2015-03-25 00:00:00,8.034347512078046,0.06350398843235175,34.538995001049976,0.012819429947988086,1,cable_cut
2015-03-25 01:00:00,10.331259460548853,0.09831956417140277,33.22273723805259,0.02535651978068959,1,cable_cut
2015-03-25 02:00:00,10.187262087621137,0.031801617480531556,32.07900802971851,0.01127456583566937,1,cable_cut
2015-03-25 03:00:00,9.301210645564058,0.05359017326316119,28.23354485271667,0.0393078029007046,1,cable_cut
2015-03-25 04:00:00,12.027928758935053,0.05914207426473456,30.249449111163507,0.017778415383207076,1,cable_cut
2015-03-25 05:00:00,6.730541141927717,0.08764683684656034,35.80887865337715,0.02121992917347494,1,cable_cut
2015-03-25 06:00:00,8.011502696041484,0.07631063591049131,28.700493010199345,0.024780618161426182,1,cable_cut
2015-03-25 07:00:00,6.498347214281377,0.04446059968468911,35.69145573168444,0.04936983726935091,1,cable_cut
2015-03-25 08:00:00,14.929362723703896,0.06114345485938121,31.192597577884737,0.04714898745498356,1,cable_cut
2015-03-25 09:00:00,13.85758134458016,0.017079483758846034,27.544453179396267,0.034467999080223036,1,cable_cut
2015-03-25 10:00:00,14.494424634303842,0.040962491669092674,36.06015960169079,0.04134563973859576,1,cable_cut
2015-03-25 11:00:00,13.93937069794274,0.03650184870730709,36.05831895352355,0.020820309346647872,1,cable_cut
2015-03-25 12:00:00,5.898827178504086,0.05802378130845729,33.90386547662345,0.021095234497968178,1,cable_cut
2015-03-25 13:00:00,13.861972798665882,0.01712208879300768,28.870367078673496,0.02563078012176513,1,cable_cut
2015-03-25 14:00:00,11.74098233443117,0.06364633285729479,34.056337226117066,0.010871858788271386,1,cable_cut
2015-03-25 15:00:00,210.76220224980167,6.414972842174474,28.711290696638883,2.24183132209947,0,none
2015-03-25 16:00:00,199.4679932157358,6.133959242081391,31.6995917413855,1.965511537582522,0,none
2015-03-25 17:00:00,234.64388388364367,6.371170725536375,26.953407003573844,1.459398083715271,0,none
2015-03-25 18:00:00,194.02653828001135,6.435344101921056,27.99280584653768,1.967473177866516,0,none
2015-03-25 19:00:00,211.04857457541456,5.52672085286734,23.598476455606296,1.63386982088985,0,none
2015-03-25 20:00:00,200.17550521609468,6.090180643477775,34.261327483082724,1.897629442352856,0,none
2015-03-25 21:00:00,210.4337706984075,5.733265253852367,27.71330882019131,1.9149134228880715,0,none
2015-03-25 22:00:00,211.35976027426148,5.938731397163107,30.305374619250124,2.0086078308368784,0,none
2015-03-25 23:00:00,208.83690886687904,5.867135348826956,33.39809222095833,2.3040465970396213,0,none
2015-03-26 00:00:00,173.4813643606559,6.903320645105928,28.66567123068721,1.5938250151568725,0,none
2015-03-26 01:00:00,180.4264735264664,5.269834686712642,24.95028900961287,1.682187773068582,0,none
2015-03-26 02:00:00,217.7618187873212,6.674685510195778,27.888770056027585,2.2257959238105163,0,none
2015-03-26 03:00:00,199.04376108396136,7.312640590866734,29.98101807954538,1.2535295293641202,0,none
2015-03-26 04:00:00,210.52425420305147,6.229641689712647,30.739457311148435,1.81506550124015,0,none
2015-03-26 05:00:00,218.68345388643857,4.781814379519409,34.444523354014805,1.938006653086638,0,none
2015-03-26 06:00:00,207.44496158474493,6.133906312916589,30.10446896101695,1.5518305486714057,0,none
2015-03-26 07:00:00,201.10604006443464,6.026634673977672,27.96288874645988,2.0837942825300084,0,none
2015-03-26 08:00:00,206.76822366972905,6.3784354787938025,32.41626117115149,1.6915848736508057,0,none
2015-03-26 09:00:00,228.06711080494415,5.629645023452032,30.889986799468996,2.121111152850031,0,none
2015-03-26 10:00:00,227.50417573477412,6.472866880599173,29.978776900307103,1.7885056946399218,0,none
2015-03-26 11:00:00,231.9825878032059,6.312891764082277,36.08197195872451,1.966833973108028,0,none
2015-03-26 12:00:00,226.81712366838715,5.2709944505120525,35.92222774168191,1.5633889424494305,0,none
2015-03-26 13:00:00,190.9074322048585,7.242196022491538,34.71635391156099,2.041101447122664,0,none
2015-03-26 14:00:00,187.86286574760416,5.519242115303018,32.55366973094466,1.9082871834510848,0,none
2015-03-26 15:00:00,210.1550418747904,6.203840267127328,29.109577150218627,1.9531954790820356,0,none
2015-03-26 16:00:00,207.33558498377965,5.959715193316676,34.61150826685861,1.7348789701416043,0,none
2015-03-26 17:00:00,192.2473911376439,5.039572608283091,28.232396465702944,1.6565032831655846,0,none
2015-03-26 18:00:00,186.25228149934912,6.075307996662907,27.76715482079715,1.706847897991855,0,none
2015-03-26 19:00:00,223.8770693311462,5.802989043175375,31.948502238642465,1.8557262088148767,0,none
2015-03-26 20:00:00,228.7847719770145,5.7023777084152325,32.33504990481783,1.7826842715104638,0,none
2015-03-26 21:00:00,212.46134844263284,7.2439305129909854,32.32875871607611,1.942420052650592,0,none
2015-03-26 22:00:00,211.37993611248612,6.934547314495014,32.2208288320401,1.6274215056355994,0,none
2015-03-26 23:00:00,207.9810638069696,5.945178366101839,33.87970515520859,1.8550531116211888,0,none
2015-03-27 00:00:00,203.6598587606644,5.949597293236284,26.99246752437053,1.7312699799250413,0,none
2015-03-27 01:00:00,193.25954857170652,6.615539161607695,28.78886453663456,1.7755316186084995,0,none
2015-03-27 02:00:00,207.0201381997606,7.013549123405569,34.95317322122104,1.9031457665778304,0,none
2015-03-27 03:00:00,197.2249037832646,6.495291875428144,35.127908900615616,1.462158744240119,0,none
2015-03-27 04:00:00,211.61205266979167,4.720599190711891,28.98914434896365,1.8445103969668168,0,none
2015-03-27 05:00:00,217.6113779315745,5.809309639168092,32.60995392310186,1.8602156348812613,0,none
2015-03-27 06:00:00,206.02242726629487,5.254596797632749,28.300466827901936,1.9891920417976676,0,none
2015-03-27 07:00:00,226.6216372487892,6.755211486869619,32.413856745793765,1.9530081471386325,0,none
2015-03-27 08:00:00,228.8410543391976,6.699544857556279,32.02639425499349,1.7846373641439777,0,none
2015-03-27 09:00:00,223.75973244927596,6.444284679876207,29.733205718291416,1.6776882074015862,0,none
2015-03-27 10:00:00,193.0104235822373,5.873860036105992,30.86016331949683,1.7710268120000807,0,none
2015-03-27 11:00:00,191.50459470305347,6.4787084390469145,37.29041821411909,1.741400667878757,0,none
2015-03-27 12:00:00,210.2912548432419,5.774704205125409,26.296135764115405,1.443848058651844,0,none
2015-03-27 13:00:00,211.23573905208048,5.660765012181949,31.230769433428087,1.868763990042111,0,none
2015-03-27 14:00:00,217.21429126028912,6.012413264867793,25.17153689248223,1.8636811265485864,0,none
2015-03-27 15:00:00,192.3420567490579,4.788260084995532,34.112825590222016,1.8697987967738197,0,none
2015-03-27 16:00:00,206.20468554019743,6.300773586790437,37.61154128561338,2.077987835942716,0,none
2015-03-27 17:00:00,213.4809366576124,6.079806282632694,34.02320788830667,1.713207854993936,0,none
2015-03-27 18:00:00,190.0757858630452,5.850064084878509,27.7936218248837,1.6270326399985169,0,none
2015-03-27 19:00:00,211.56778310773385,7.151966914402134,31.185050318590797,1.967588154648077,0,none
2015-03-27 20:00:00,231.48262892436648,5.724716012739638,25.25891366352312,1.7461273529541752,0,none
2015-03-27 21:00:00,191.77117400988547,6.340188177525606,34.307548219231194,1.9809273506688736,0,none
2015-03-27 22:00:00,224.8404502519756,4.69663627779225,30.1295243639511,1.6340671238623528,0,none
2015-03-27 23:00:00,221.60320668369025,5.342495351363157,28.99812033191497,2.1374168488272707,0,none
2015-03-28 00:00:00,221.64407388826604,6.759556513953482,27.575659517972383,1.9565617882845712,0,none
2015-03-28 01:00:00,226.0112770499205,5.9109143417331484,29.15610331750792,1.637597376858322,0,none
2015-03-28 02:00:00,209.637861753675,6.028482029311421,29.39473549276384,1.7965053822173358,0,none
2015-03-28 03:00:00,211.73494264444304,5.871423379775724,31.327188638237413,1.761578938118118,0,none
2015-03-28 04:00:00,197.9106010773596,5.927774158004506,35.24314445191613,1.783575787276212,0,none
2015-03-28 05:00:00,215.41575473341803,5.76093071369557,29.562921414330987,1.6100206756265822,0,none
2015-03-28 06:00:00,224.18736645972916,5.252483687951399,32.47891920004365,2.0014396119711253,0,none
2015-03-28 07:00:00,211.62868234650287,6.674804209893281,26.44381174502663,1.671741246926678,0,none
2015-03-28 08:00:00,223.03736123399136,5.698301581990314,32.26919253207983,1.4891062051526909,0,none
2015-03-28 09:00:00,223.8175620676497,7.391166938820613,37.56808496735263,1.4713570878308089,0,none
2015-03-28 10:00:00,194.4102351864373,5.94520812572848,35.07643045025843,2.025691996756173,0,none
2015-03-28 11:00:00,213.32075548585232,5.763349585581807,34.27149208178018,2.022460882879948,0,none
2015-03-28 12:00:00,203.8835630981836,5.258870975440158,34.86207535759026,1.946640715924838,0,none
2015-03-28 13:00:00,207.47214801635008,6.45577356301319,35.718141756859936,2.146004373919689,0,none
2015-03-28 14:00:00,207.4671082555861,5.6738261422719,28.560504593876583,1.6643470553808284,0,none
2015-03-28 15:00:00,196.36272181329224,5.999914100723012,31.603810460146885,1.9284969316221297,0,none
2015-03-28 16:00:00,220.3189484959544,6.614233948268562,32.834720166811884,2.0557764459417585,0,none
2015-03-28 17:00:00,198.7986538182742,6.622847096375131,26.660060315327648,1.7732022920651684,0,none
2015-03-28 18:00:00,215.03730904084412,6.850923641367281,33.950781698508194,1.3663687412705254,0,none
2015-03-28 19:00:00,188.5630024463755,5.515272757288182,30.68756672865769,1.8714192066553343,0,none
2015-03-28 20:00:00,205.1062793328512,5.069332385941041,34.16559169841349,1.5937708303127391,0,none
2015-03-28 21:00:00,206.9762639312832,5.597785269273146,29.68891484410324,1.978214269870876,0,none
2015-03-28 22:00:00,201.72530416018785,6.819388986464539,31.82030951581702,2.022655633406507,0,none
2015-03-28 23:00:00,207.34863723230995,5.904344889598538,30.18539108258627,1.78024497448611,0,none
2015-03-29 00:00:00,221.4199590198961,6.235278704105588,32.99827721043117,1.5802963802735526,0,none
2015-03-29 01:00:00,216.1918905289284,5.963130646052558,33.4797861384458,2.0986169137910933,0,none
2015-03-29 02:00:00,200.19168544738503,5.633409590128231,29.742515714293653,1.6979701260924207,0,none
2015-03-29 03:00:00,206.93146535960568,5.521677003819557,35.32929086670687,1.5231392333990426,0,none
2015-03-29 04:00:00,208.27663249900533,6.267288928849422,32.34079988256954,1.7068686641215474,0,none
2015-03-29 05:00:00,205.00705953558256,5.75286745899602,36.67406446490177,1.59850787352095,0,none
2015-03-29 06:00:00,207.86850094817197,6.481763912480194,39.00501975571412,1.721979529937137,0,none
2015-03-29 07:00:00,205.99202052463795,6.0560653224690215,30.37101133163029,2.1239663593046645,0,none
2015-03-29 08:00:00,234.2060409931306,5.476534080135362,32.41226253093518,1.8859767293477647,0,none
2015-03-29 09:00:00,212.76339448468968,5.335836464072406,31.252231262952225,1.8352675613986011,0,none
2015-03-29 10:00:00,215.7538913100903,5.0345955985049855,31.748017747815812,1.4532895439627578,0,none
2015-03-29 11:00:00,202.6784835087812,5.750355239728363,33.05766756476811,1.921100521425739,0,none
2015-03-29 12:00:00,212.20859306743435,5.605420396717683,27.635745601694964,1.581555667804044,0,none
2015-03-29 13:00:00,212.7368304949024,5.305318606873016,28.463852202522,1.5532942815080863,0,none
2015-03-29 14:00:00,213.9940467691172,6.349919492679055,31.844299413641014,1.7502454894050363,0,none
2015-03-29 15:00:00,211.5293484513139,4.7804653132978565,30.185707355338916,1.5009579920214178,0,none
2015-03-29 16:00:00,232.41061918938163,5.8969263782119175,38.01369620707352,1.6554395845739511,0,none
2015-03-29 17:00:00,186.5716293481057,6.030380699173744,26.858662145725063,1.977308539723979,0,none
2015-03-29 18:00:00,215.7203989115179,6.238957326907635,33.25726011141532,1.8055729812670025,0,none
2015-03-29 19:00:00,215.54607494347272,5.706723193140332,32.484411766190526,2.498536269497998,0,none
2015-03-29 20:00:00,201.1236030834852,6.164065498811471,33.004657289818724,1.9149093094814549,0,none
2015-03-29 21:00:00,210.0844959282992,5.414655823377881,37.56162198498032,2.094602152160595,0,none
2015-03-29 22:00:00,198.8258073181534,6.7157757530793845,30.35361004850336,1.8246183368393407,0,none
2015-03-29 23:00:00,200.76013063780383,6.221583101216558,28.04450715823471,2.019039065791886,0,none
2015-03-30 00:00:00,183.72972073321452,5.266099879768616,32.286488488434024,1.760885551288763,0,none
2015-03-30 01:00:00,224.1385694966641,6.059906976582496,27.259825750365376,1.877105285980888,0,none
2015-03-30 02:00:00,203.04756147552848,6.1981511708747306,32.65118054791755,1.8620797952047825,0,none
2015-03-30 03:00:00,216.42015392141144,6.1795926338920175,34.95003917040631,1.3539628299571116,0,none
2015-03-30 04:00:00,206.21037654799028,6.469056850313879,33.25692157539824,2.030785492856505,0,none
2015-03-30 05:00:00,232.88712875492493,6.233162805263497,31.8406308293496,1.7934652885619204,0,none
2015-03-30 06:00:00,212.20762205488256,6.032622506983767,33.61289230043489,2.34758989566695,0,none
2015-03-30 07:00:00,235.15031703180532,5.383812451651606,27.25512128354665,1.7259771514477509,0,none
2015-03-30 08:00:00,211.30426873192292,5.894700870290138,29.357315263205727,1.6299632679980842,0,none
2015-03-30 09:00:00,226.23839644195343,4.861333388588764,34.36631008849599,1.5718722356321695,0,none
2015-03-30 10:00:00,210.83060872194443,4.760306331452326,34.40789650957318,2.1557898191334903,0,none
2015-03-30 11:00:00,213.44645363376773,5.039545199064911,35.7166338196157,1.6983620538175142,0,none
2015-03-30 12:00:00,206.5779314520874,6.678598462825883,30.16821790681437,1.9182716839424183,0,none
2015-03-30 13:00:00,210.5891986969657,6.006123411327039,33.48691029415164,1.6616945261496998,0,none
2015-03-30 14:00:00,217.71077125528672,6.180823961782636,34.3095910416983,1.3944284982258388,0,none
2015-03-30 15:00:00,215.0840232314716,5.35698150023267,30.130620513193207,1.9069909545007628,0,none
2015-03-30 16:00:00,190.3334008938373,5.155543587694976,31.74243412379344,2.1607408577139178,0,none
2015-03-30 17:00:00,223.5145091010268,5.608570566677278,30.44667958977154,1.555383281672801,0,none
2015-03-30 18:00:00,200.76732915214785,5.246278742402357,28.33614657021218,2.01083541796969,0,none
2015-03-30 19:00:00,220.3437355291493,5.489619670737385,30.440754988034307,2.258967842075478,0,none
2015-03-30 20:00:00,207.96485370314997,6.067726356624953,34.55564230448665,1.859904543675852,0,none
2015-03-30 21:00:00,210.2170496173016,6.7468932054956205,27.767509942385423,1.7705571475528608,0,none
2015-03-30 22:00:00,215.4388925980553,6.530126270088317,25.857341722726844,1.5275978840512396,0,none
2015-03-30 23:00:00,198.9546119178553,6.174842777495595,33.652206195471365,2.0995261450420317,0,none
2015-03-31 00:00:00,208.6131197818569,6.46588576155734,26.69671626501668,1.728370523033835,0,none
2015-03-31 01:00:00,201.308508533986,6.05239083276269,36.85109130433274,1.7428321764632504,0,none
2015-03-31 02:00:00,217.3044109585065,6.382836207542501,34.22598680811343,1.4741470279275288,0,none
2015-03-31 03:00:00,213.2771757189635,5.706757815916303,34.97803005761785,1.533987573870148,0,none
2015-03-31 04:00:00,192.8858964325464,6.130092945887559,30.688358590824144,1.943859617681824,0,none
2015-03-31 05:00:00,205.7713001868954,6.120693689227815,33.85135447671507,2.093756371074472,0,none
2015-03-31 06:00:00,202.45413622921944,4.944701588495253,30.316134275195,2.009269539100551,0,none
2015-03-31 07:00:00,201.69896999301596,6.832374926889125,30.47138463579245,2.415046825225578,0,none
2015-03-31 08:00:00,209.4644811776071,4.66739923745037,30.5795905628916,2.0561756771012885,0,none
2015-03-31 09:00:00,188.30729583172595,4.803199441192151,33.61701229525403,2.005637951120047,0,none
2015-03-31 10:00:00,231.73901983777012,7.035310909635525,35.12524428258936,1.6554403601499992,0,none
2015-03-31 11:00:00,214.92298953859864,5.935693761549757,37.33154794633285,2.2961506659185216,0,none
2015-03-31 12:00:00,186.9468973489174,5.329083383047601,28.50190413602927,1.4678365725518745,0,none
2015-03-31 13:00:00,198.7923480033197,6.153208368796718,25.034733741748237,2.405862493165064,0,none
2015-03-31 14:00:00,213.6973621806516,4.641296300270716,30.45562386455606,2.1337509559415,0,none
2015-03-31 15:00:00,182.78201219676887,6.188442210799514,29.13581073314149,1.7339361046103372,0,none
2015-03-31 16:00:00,203.80381982730552,6.2315796703086885,30.814922176911995,1.7703093254208433,0,none
2015-03-31 17:00:00,209.17487244944684,6.650874418120477,28.102001601412745,1.8075676464097208,0,none
2015-03-31 18:00:00,224.14290785055124,5.661504349763492,31.657851126203017,1.4373286935237228,0,none
2015-03-31 19:00:00,228.8496361500991,6.766958866388125,28.56748551859653,1.7447161838989818,0,none
2015-03-31 20:00:00,224.7566910681434,4.993725716387907,28.780324650634263,1.7895623558357507,0,none
2015-03-31 21:00:00,226.59699697346448,5.924565822650297,30.778783651170585,1.9270994982483347,0,none
2015-03-31 22:00:00,203.6360496459539,5.904218624665768,29.459497582037777,1.633588924738081,0,none
2015-03-31 23:00:00,222.6054318902837,6.391361778575353,30.56630364220264,1.807226730725846,0,none
2015-04-01 00:00:00,209.87532100131617,6.218983055771537,33.97195339551636,1.36926924184435,0,none
2015-04-01 01:00:00,230.43294457318663,5.717278587316462,26.627809189515467,2.139535214866717,0,none
2015-04-01 02:00:00,213.283456438628,6.359353717872072,28.52812522664522,1.7523464321987074,0,none
2015-04-01 03:00:00,217.35866236679976,6.338552335553699,33.94051504046443,1.6272092979466144,0,none
2015-04-01 04:00:00,213.84962632762867,5.951889124560461,31.78985344906364,1.975898917760824,0,none
2015-04-01 05:00:00,218.8883679275858,5.286086227414243,30.292695473441853,1.5533612910116312,0,none
2015-04-01 06:00:00,213.8566080580345,5.708487726560053,34.53408773363084,1.674498335105185,0,none
2015-04-01 07:00:00,204.19400667081567,6.288409353502896,28.95688914519629,1.8814651857338685,0,none
2015-04-01 08:00:00,210.65048949854187,6.233750750361734,31.557072412358384,1.7802390188780803,0,none
2015-04-01 09:00:00,243.5180767758553,6.602079663699543,25.15610101632209,2.1263479477750105,0,none
2015-04-01 10:00:00,196.89500736769224,6.210922998251594,34.20307510954477,1.7103343487921527,0,none
2015-04-01 11:00:00,215.26288428410717,5.8841849942148094,34.97482226764723,1.544221341294221,0,none
2015-04-01 12:00:00,214.2658623765886,5.802100385533414,31.526750561404885,1.670608835473545,0,none
2015-04-01 13:00:00,221.09686067743175,5.817027524836152,29.200660934015453,2.176178662448153,0,none
2015-04-01 14:00:00,182.47710993349023,5.770553036217284,37.0674422799115,2.276793533944476,0,none
2015-04-01 15:00:00,194.75744261945948,5.631010403135382,26.255676044863847,2.162109914804035,0,none
2015-04-01 16:00:00,210.886653754581,5.290564729985928,33.78126827204426,1.4221724078806113,0,none
2015-04-01 17:00:00,198.6320887606204,5.941204530883671,23.800332348631287,2.189795473857339,0,none
2015-04-01 18:00:00,204.40913689149963,6.092762641395828,29.865156734117328,1.5370480210444488,0,none
2015-04-01 19:00:00,217.27907886159156,5.964687183930138,33.357475685849735,1.5549924275437688,0,none
2015-04-01 20:00:00,209.02332350046248,6.215307184821037,34.005583215053846,1.9245663630072396,0,none
2015-04-01 21:00:00,200.32917534654447,5.965029954326848,26.653904932765016,1.5777195350317244,0,none
2015-04-01 22:00:00,206.0223262408278,6.097781123466953,32.749986663251185,2.017252073445913,0,none
2015-04-01 23:00:00,229.4965161133469,5.282854568631089,27.38788790643897,1.7897671720343866,0,none
2015-04-02 00:00:00,227.98360557310397,7.411656633061195,30.223194099997126,1.6008238160158168,0,none
2015-04-02 01:00:00,204.17153722766187,5.062890049544292,29.591833178432275,1.451836411417648,0,none
2015-04-02 02:00:00,227.3446290837075,6.138367621232768,33.36442148079678,1.8617363463191077,0,none
2015-04-02 03:00:00,216.48563978773927,5.71082677007687,30.949391345590257,1.5725228666888569,0,none
2015-04-02 04:00:00,219.7621758456096,4.520461402409608,35.48465961665352,2.0770756569133964,0,none
2015-04-02 05:00:00,198.20721912098097,5.752280930343911,33.86440357802256,2.064546275980895,0,none
2015-04-02 06:00:00,191.5534622132521,5.441323169128912,32.72497836547569,1.9229382463835425,0,none
2015-04-02 07:00:00,224.82296046088496,5.553127822347632,29.294581501807173,1.890321905907823,0,none
2015-04-02 08:00:00,200.88683676907544,6.131673151564702,30.18505229264182,2.2139884250607627,0,none
2015-04-02 09:00:00,202.0758913520992,5.746414604184146,28.71743495716689,1.6944025799233513,0,none
2015-04-02 10:00:00,211.9502767614799,6.123851194864746,25.78856113988733,1.5674538201815795,0,none
2015-04-02 11:00:00,190.2662845512648,6.104551729379695,32.57998619771519,2.093002059111195,0,none
2015-04-02 12:00:00,216.2726362665779,5.413469136356016,32.174911447434546,1.9667337187386904,0,none
2015-04-02 13:00:00,224.786659381938,6.603371086757639,30.098896983676205,1.9170224702465828,0,none
2015-04-02 14:00:00,208.0686465676556,4.735990656282223,34.09644347823719,1.3743882397832765,0,none
2015-04-02 15:00:00,189.34151042717207,5.99308904477597,30.44119576481843,1.7872114693992585,0,none
2015-04-02 16:00:00,202.56358018282327,6.14282540255655,35.59623654577838,1.8118920899941635,0,none
2015-04-02 17:00:00,202.93218242495675,4.906969015860683,31.03088935655473,1.945611055075802,0,none
2015-04-02 18:00:00,221.5584069728396,5.742007064406302,29.43236782977374,1.5946968160932349,0,none
2015-04-02 19:00:00,221.65459966320176,5.536660110106138,31.068018432371478,1.913831845390627,0,none
2015-04-02 20:00:00,212.87556995817292,6.749098349363779,32.84826170273032,2.3030593557486227,0,none
2015-04-02 21:00:00,204.92817218805152,5.080984475250508,32.7054662759796,1.8441920574483608,0,none
2015-04-02 22:00:00,207.6943251176167,6.390604430915538,28.887234567739355,1.6096121073595464,0,none
2015-04-02 23:00:00,217.2196198967143,5.816340038378714,30.29371588736181,1.8384048540925555,0,none
2015-04-03 00:00:00,218.81760941469724,6.7585061447817445,27.583193419970264,1.9446111067285317,0,none
2015-04-03 01:00:00,229.77950120834228,7.705695051743931,31.999638069733777,1.9267291599597585,0,none
2015-04-03 02:00:00,195.26896999425,5.574800192116257,38.23507049714422,2.123800602078026,0,none
2015-04-03 03:00:00,213.77689563215824,6.550469716348529,31.52524556673344,2.02302734617093,0,none
2015-04-03 04:00:00,212.40081621855032,6.063367049399886,34.4166667315759,1.528991146587438,0,none
2015-04-03 05:00:00,189.3980336782506,6.1950425797609805,27.669759745175043,1.656984601077682,0,none
2015-04-03 06:00:00,206.94055124445703,6.423369110508173,35.730472128376434,2.0294751441001493,0,none
2015-04-03 07:00:00,202.9888052086141,5.7831615296333005,32.51379895048282,2.016397326247532,0,none
2015-04-03 08:00:00,195.8435796280748,5.150221486300369,35.177851255590745,1.924610399101901,0,none
2015-04-03 09:00:00,212.29647490953852,6.937339932315361,28.056969579388483,1.273593406982186,0,none
2015-04-03 10:00:00,181.6313516968069,5.233940213298546,32.39690266782878,1.6596542861520251,0,none
2015-04-03 11:00:00,221.8462465849876,5.342003325716291,32.4023877990738,1.385648651634956,0,none
2015-04-03 12:00:00,226.74544020005055,6.527026871665271,33.67775132606022,2.1480750343878845,0,none
2015-04-03 13:00:00,223.92178191444577,6.4092924603445365,31.94053149834529,2.010893260066627,0,none
2015-04-03 14:00:00,219.9995809370403,5.324253153205596,33.007069794886746,2.0871154359561928,0,none
2015-04-03 15:00:00,212.2730509898857,6.653725831349051,29.39362858723821,1.8718839081510872,0,none
2015-04-03 16:00:00,211.26296800925408,6.940422144696283,32.841351234834875,1.9320041438189304,0,none
2015-04-03 17:00:00,208.07981481840693,6.498677796170564,31.191960946174017,2.207502972516645,0,none
2015-04-03 18:00:00,200.57084636317012,6.056246234125951,25.62501164464903,1.6954513157452933,0,none
2015-04-03 19:00:00,211.8140069175685,5.891924223750368,35.55964851485281,1.755373711249644,0,none
2015-04-03 20:00:00,218.1184758330612,6.596433026962593,31.6183988480844,1.497959464550359,0,none
2015-04-03 21:00:00,194.21157247996408,6.815557643312304,27.08893346969358,1.7099621609889204,0,none
2015-04-03 22:00:00,206.49483576194515,5.394060631793945,28.64028000146251,2.2053307026900884,0,none
2015-04-03 23:00:00,205.4642079802093,6.135589589069681,33.00502210194095,1.839357416092668,0,none
2015-04-04 00:00:00,212.9194911209475,6.0324759591036345,28.146249107536253,1.6667547258984583,0,none
2015-04-04 01:00:00,199.38842400811492,4.318489413216326,35.59337114922499,1.5574556169008142,0,none
2015-04-04 02:00:00,220.5414798060137,6.345501520117535,28.0757200977541,1.5726796850147078,0,none
2015-04-04 03:00:00,203.57591183946704,5.232806967289696,32.10064047790535,1.7795947659896845,0,none
2015-04-04 04:00:00,224.13968654608064,6.317703124513766,35.273756846244495,1.7333580228543943,0,none
2015-04-04 05:00:00,203.46135057657364,5.726412578208522,25.370400084506016,1.544014438200128,0,none
2015-04-04 06:00:00,223.43155486727971,5.3435996567052655,28.38123993458722,1.5981658033570978,0,none
2015-04-04 07:00:00,205.49567503522755,6.218097038748316,28.520375792712045,1.6236695277932112,0,none
2015-04-04 08:00:00,216.90867943833464,5.700736023027651,27.231890699192206,1.8009166849710716,0,none
2015-04-04 09:00:00,212.6169641363154,6.729822845571687,38.01478269687775,1.7218000379814573,0,none
2015-04-04 10:00:00,208.3391551891387,6.0685006418715925,33.81488293790218,1.9561584543797297,0,none
2015-04-04 11:00:00,226.74743910270007,5.803753507612985,28.149542756164287,1.7945200407475477,0,none
2015-04-04 12:00:00,211.5351667472343,5.999202782479909,29.78836514914871,1.709226538411477,0,none
2015-04-04 13:00:00,214.3372262711009,6.327702560208418,29.05760891810201,1.8982250455988907,0,none
2015-04-04 14:00:00,207.7476213719732,6.733558016614448,24.783356720630103,1.83726419396314,0,none
2015-04-04 15:00:00,204.68471616357184,6.664511136138568,35.99534572618819,1.4045429278652557,0,none
2015-04-04 16:00:00,235.02968189328172,6.270459744086791,35.28405076695093,1.869239120505127,0,none
2015-04-04 17:00:00,206.9456560134467,5.779374057909051,29.25569775440825,1.7701498166364362,0,none
2015-04-04 18:00:00,211.0672380786187,5.524083603277036,31.12189886334821,2.211941221075365,0,none
2015-04-04 19:00:00,213.2437422114259,6.902849490230046,32.0444694488566,2.2623471587755146,0,none
2015-04-04 20:00:00,211.4150686516204,6.899056203828348,29.518630353407502,1.4759248726543484,0,none
2015-04-04 21:00:00,225.9826455228142,6.510934193866796,29.91105163763568,1.924970131677842,0,none
2015-04-04 22:00:00,195.8307494218967,5.668160176842504,26.344934916422897,2.276219183937475,0,none
2015-04-04 23:00:00,205.36397880282027,6.258303257037664,29.732879606192817,1.8183885615925093,0,none
2015-04-05 00:00:00,196.19914996264455,4.898739146653345,30.81953557836036,1.5947163908902644,0,none
2015-04-05 01:00:00,201.36227635947347,6.264817335267979,29.859625204946965,2.131458496081299,0,none
2015-04-05 02:00:00,215.12534439902805,5.008509482401614,29.180272039963704,1.4163778775254523,0,none
2015-04-05 03:00:00,219.2053997771542,6.01081319032111,34.0255502547401,2.118967372846606,0,none
2015-04-05 04:00:00,242.45036114541816,6.694267193504841,29.24495896382257,2.0146512869800564,0,none
2015-04-05 05:00:00,215.22908723452832,5.3455191114349,25.54502361107138,1.9020253776048768,0,none
2015-04-05 06:00:00,205.97895949458197,6.5632967194885,38.82021991096774,1.7282138337613415,0,none
2015-04-05 07:00:00,197.73806594649832,5.51258944331572,29.987172779398453,1.9186879305825013,0,none
2015-04-05 08:00:00,214.1005322087378,5.767551570300425,31.1306872476944,1.3206656677582085,0,none
2015-04-05 09:00:00,220.16538785974868,5.967957230769314,30.3433504633008,2.043676792385744,0,none
2015-04-05 10:00:00,204.4306181159051,5.687302409927479,41.06655070812332,2.2290521413343143,0,none
2015-04-05 11:00:00,212.5007058999088,6.278044364943661,27.4100190798749,2.118032268380852,0,none
2015-04-05 12:00:00,212.2361935383124,6.549099550069519,27.711635429912988,1.93605009815618,0,none
2015-04-05 13:00:00,204.7502312943284,5.385882592040123,33.26406249932307,2.0299023818681823,0,none
2015-04-05 14:00:00,218.45222612504588,5.835859263420533,26.351122814585864,1.548464858511301,0,none
2015-04-05 15:00:00,192.8034941462991,6.034183363370924,29.3440054029482,1.9596946087787608,0,none
2015-04-05 16:00:00,232.886686831421,5.383853961323054,33.180457880580114,2.079229143855625,0,none
2015-04-05 17:00:00,210.0259419176641,5.198776128692748,30.373620332644546,1.9841988172991716,0,none
2015-04-05 18:00:00,214.34959584353692,5.8563952700912525,36.34670308314041,1.9055517982792467,0,none
2015-04-05 19:00:00,210.64533625543945,6.040061859776878,29.89402164019817,1.5147277862245216,0,none
2015-04-05 20:00:00,194.0135506875825,5.628170893567815,36.29901634450654,2.205664243541107,0,none
2015-04-05 21:00:00,216.2526785015128,4.9799788713471145,25.31805522762816,1.6268558228175376,0,none
2015-04-05 22:00:00,208.06667977236185,5.243096237437072,31.95952607844972,1.5461952867631892,0,none
2015-04-05 23:00:00,197.53525162017087,4.49828482472454,33.73332716924881,1.7412128110561385,0,none
2015-04-06 00:00:00,213.84224677634688,5.864037871775884,30.043325869637457,1.715685021113079,0,none
2015-04-06 01:00:00,186.77402257390557,7.1501966054201365,34.07843121082817,1.7481249930080272,0,none
2015-04-06 02:00:00,227.2221789214166,4.973445199198363,29.378242245124326,1.628782647609366,0,none
2015-04-06 03:00:00,198.94669654204776,5.569847952916812,32.33749911355308,1.951831201182748,0,none
2015-04-06 04:00:00,207.9654908836526,5.03664828655781,31.340813855154376,1.8801595345744124,0,none
2015-04-06 05:00:00,230.89459520662697,6.170418373483659,30.002850193243287,1.70856052054086,0,none
2015-04-06 06:00:00,192.590175232432,5.5030257698833065,28.4967642810919,1.762591500635957,0,none
2015-04-06 07:00:00,228.87260689973613,5.610239163689568,35.62957535316431,1.594626371584097,0,none
2015-04-06 08:00:00,218.76581554907332,5.931716139501409,32.73764010726819,1.5844998486316284,0,none
2015-04-06 09:00:00,217.7130317010855,5.97885557534244,31.708658150790782,1.9518601081252465,0,none
2015-04-06 10:00:00,183.98954727109225,5.151858263103728,29.587194770902485,1.683258028766409,0,none
2015-04-06 11:00:00,206.58574560297865,6.825005704604132,32.0354607926503,1.5376782972503458,0,none
2015-04-06 12:00:00,193.2159906934812,6.47680679921061,31.65306208891946,1.8507864386306567,0,none
2015-04-06 13:00:00,201.17477883303712,5.852682381303666,29.122254983467126,1.8423275162315356,0,none
2015-04-06 14:00:00,214.48882335475528,6.913009637674783,29.95339012245668,2.027439200576776,0,none
2015-04-06 15:00:00,199.14576628981635,5.079558440633745,30.82263700526124,1.805671411075652,0,none
2015-04-06 16:00:00,222.0229831045091,5.721067237148781,31.194939835932537,1.5103060703739253,0,none
2015-04-06 17:00:00,209.966056496778,7.151304871149528,34.79058646166108,2.055712152662992,0,none
2015-04-06 18:00:00,190.98395170323363,4.783237984219493,32.341604793010106,1.7301409368798804,0,none
2015-04-06 19:00:00,219.3302923943477,5.129197069662975,29.72946639707451,1.893511042006943,0,none
2015-04-06 20:00:00,202.3998282920305,5.735191547316682,38.9890497622491,1.729327781576414,0,none
2015-04-06 21:00:00,197.3632219775636,6.01533819104302,32.82742991856397,1.8993103730467968,0,none
2015-04-06 22:00:00,223.1324758395688,5.184875252485642,35.77461150032073,1.6354875672382718,0,none
2015-04-06 23:00:00,213.08690382131235,5.69331083167828,32.517707506702365,1.883138045683057,0,none
2015-04-07 00:00:00,215.13033581753223,4.9874562656866654,26.639576599760424,1.992572827361413,0,none
2015-04-07 01:00:00,213.0690318346969,6.150147616740111,30.45652261231699,1.8614199819903217,0,none
2015-04-07 02:00:00,201.30103323888352,6.52120861323678,31.526593258404212,2.151727343590595,0,none
2015-04-07 03:00:00,209.6073250241168,5.761659539465624,33.837966715952135,1.354572258201196,0,none
2015-04-07 04:00:00,207.31719065938145,6.698918611398546,36.56810833821746,2.206576269654613,0,none
2015-04-07 05:00:00,201.8532506308165,5.548580385293665,30.327357251689293,1.9084800163816136,0,none
2015-04-07 06:00:00,189.76377965269452,6.050318502834714,31.933024327699822,1.7434046000138932,0,none
2015-04-07 07:00:00,214.9509283197851,5.397316737803922,34.4659182399285,1.822368329249346,0,none
2015-04-07 08:00:00,201.65536642829568,5.848787920859349,31.093215492580704,2.129068967562361,0,none
2015-04-07 09:00:00,224.696005403208,5.940427364069531,32.17375420563069,1.4408753575607047,0,none
2015-04-07 10:00:00,220.82400639622887,5.197414890533478,29.73234494619857,1.763850294436948,0,none
2015-04-07 11:00:00,205.9334045006249,6.133180123883943,32.216503876339736,1.6708838644096415,0,none
2015-04-07 12:00:00,213.16960078809257,6.55795639711905,32.781690000415864,2.185326747401894,0,none
2015-04-07 13:00:00,220.1806279725108,6.387311599898824,31.606114402881538,1.5401861912412451,0,none
2015-04-07 14:00:00,206.09580642923956,6.653182642993027,30.859609388782324,1.82556740680514,0,none
2015-04-07 15:00:00,244.47737221249164,5.8302648501410825,29.299579424639045,1.9640065898330787,0,none
2015-04-07 16:00:00,215.95166886444943,5.758807202457834,35.05821493146615,2.172780844350897,0,none
2015-04-07 17:00:00,208.3146171041717,6.435748112882499,31.98814875255521,2.0947106870925296,0,none
2015-04-07 18:00:00,210.0385982914503,5.430168291573059,31.5673124266783,1.5683975472823333,0,none
2015-04-07 19:00:00,208.9496163202736,5.94811293224758,27.895860507883118,1.540781890307829,0,none
2015-04-07 20:00:00,224.59072317638712,5.632608595248334,26.870668147275623,1.6023544030992771,0,none
2015-04-07 21:00:00,223.8283962219302,6.580086234095374,31.83115824362157,1.581940520382033,0,none
2015-04-07 22:00:00,210.9737119846602,5.443672278983394,29.79094402345176,1.5832994905699278,0,none
2015-04-07 23:00:00,207.55455885803016,5.822048042322855,29.878837970504748,1.401306835238121,0,none
2015-04-08 00:00:00,216.23862830557755,5.385678312628791,31.31422361158916,1.782300866322122,0,none
2015-04-08 01:00:00,202.47963463370635,5.841406119883297,29.50842599041564,1.841665995420423,0,none
2015-04-08 02:00:00,210.05572373310616,6.657406918262803,31.630055929244296,1.9849541056201412,0,none
2015-04-08 03:00:00,207.23721129496425,6.592093582167154,27.81849448990921,1.995905022103288,0,none
2015-04-08 04:00:00,192.95536020703616,5.559841193695662,29.731916550468227,2.2157286989660343,0,none
2015-04-08 05:00:00,202.86038513371247,6.807366088932411,37.1494076847265,1.6556711066086072,0,none
2015-04-08 06:00:00,196.52926751077575,6.258934101430132,37.4277737346173,1.5027714071422675,0,none
2015-04-08 07:00:00,220.3122250775684,5.461584900527864,27.115667821271323,1.961116276165609,0,none
2015-04-08 08:00:00,195.78994313416572,6.526820491141232,32.91040545660688,2.123129122108969,0,none
2015-04-08 09:00:00,208.0044748517544,5.667800486987368,31.28492640426929,1.4344303576114077,0,none
2015-04-08 10:00:00,198.12596087658736,6.506836948033538,33.263137516062685,2.1711451316838515,0,none
2015-04-08 11:00:00,210.4985001216832,6.5853518619763705,29.289555063363427,1.864549079735999,0,none
2015-04-08 12:00:00,203.9049751729153,5.657858116523552,25.686569100975827,1.8267369555659156,0,none
2015-04-08 13:00:00,236.69450803453137,6.844996935570079,28.872933289363743,1.7259424739480616,0,none
2015-04-08 14:00:00,205.54464201987557,6.256750117175803,28.766990309665275,1.595887014500201,0,none
2015-04-08 15:00:00,218.10513917258493,6.388225159629502,26.936473346315488,1.6988799462133948,0,none
2015-04-08 16:00:00,213.87085135111744,5.670167036289276,32.38766905676173,2.116164576584985,0,none
2015-04-08 17:00:00,217.27900446481496,5.397974672678247,23.6732678943944,1.9131443560331716,0,none
2015-04-08 18:00:00,221.27781449876173,5.825977175967842,32.44471562167601,2.022586419442706,0,none
2015-04-08 19:00:00,203.76101663755907,6.942961339975734,33.66098083876814,1.9469993787569977,0,none
2015-04-08 20:00:00,196.24296616008957,5.399678589870068,34.959585254008346,1.7167874371863276,0,none
2015-04-08 21:00:00,217.1002615252929,5.99160848157557,31.05609721048235,2.371387596520256,0,none
2015-04-08 22:00:00,198.64956576295708,6.485249623358998,31.108719375009425,1.783859588062662,0,none
2015-04-08 23:00:00,225.24364323291528,6.115589710849674,28.61768434602868,1.5500637986400736,0,none
2015-04-09 00:00:00,196.7065951995565,6.4585057548346025,35.28515500587473,1.8842375506511189,0,none
2015-04-09 01:00:00,179.63649939631225,5.763926138612889,34.77457545039945,1.8147049530552888,0,none
2015-04-09 02:00:00,197.11824329493564,5.274027732861026,27.834588773512145,1.7680635768518398,0,none
2015-04-09 03:00:00,203.39276552556208,6.316879765423021,35.48515702750284,1.4658697549869817,0,none
2015-04-09 04:00:00,231.44113761544523,5.806248358951564,29.093042172269897,1.6400051986200477,0,none
2015-04-09 05:00:00,234.43628458055437,5.850892558875859,33.005765268706,1.5588862228395484,0,none
2015-04-09 06:00:00,243.13094801854515,6.460358277468723,28.74038187557659,1.6989666834593082,0,none
2015-04-09 07:00:00,209.6234038872903,6.951225585399126,26.766923545365387,2.15665959291352,0,none
2015-04-09 08:00:00,237.8100747632328,5.464977255201777,32.98934488792687,2.086354773795788,0,none
2015-04-09 09:00:00,217.81665287882365,6.571115501995013,28.24839919760106,1.6802182160006904,0,none
2015-04-09 10:00:00,234.93447779865164,7.444437509502862,34.26299789504282,1.9100827855142148,0,none
2015-04-09 11:00:00,202.31715418991055,6.661060461298052,32.26151867674707,1.5225068271287197,0,none
2015-04-09 12:00:00,236.2953488469675,6.057438035291499,28.570568383980337,1.824457858175652,0,none
2015-04-09 13:00:00,221.36582594500692,6.525639003464657,31.86106449417984,2.174189239357048,0,none
2015-04-09 14:00:00,222.7104405914444,5.529223678759048,31.991716044064248,2.1159672594330994,0,none
2015-04-09 15:00:00,240.24545213384735,6.623399097101146,25.048649663568234,1.4841717575518576,0,none
2015-04-09 16:00:00,229.0935612408388,6.172360990923689,28.514997820773992,2.047754043099697,0,none
2015-04-09 17:00:00,226.04218801665488,5.997051675364067,32.24213948821638,1.4243623551874238,0,none
2015-04-09 18:00:00,234.429780923833,5.632328365143323,28.17005768483152,2.35635028234192,0,none
2015-04-09 19:00:00,214.55616077228643,7.048856191672028,30.94920395102787,2.1024464915294776,0,none
2015-04-09 20:00:00,209.4194883766955,5.970314385351401,26.5690193420926,1.8008111817833738,0,none
2015-04-09 21:00:00,237.44947867780155,5.271790811937535,32.9689867484515,1.803771219899248,0,none
2015-04-09 22:00:00,241.39334870123483,5.385316742073206,32.38552166338245,1.5851950487363058,0,none
2015-04-09 23:00:00,230.67190713719847,5.415240024011876,37.23276444233335,1.9854973866462695,0,none
2015-04-10 00:00:00,224.7820966329921,5.704915960603657,29.3243899834853,2.083520696266569,0,none
2015-04-10 01:00:00,241.35139545187445,7.001617479619501,26.058927971251737,1.989612833913721,0,none
2015-04-10 02:00:00,226.6012114236769,6.696712492973497,35.0852943558693,2.233649747710685,0,none
2015-04-10 03:00:00,229.39297506016385,6.308032260967488,32.74096190299254,1.595021284880458,0,none
2015-04-10 04:00:00,226.24428941681325,5.591760667018979,30.353014916458825,1.956457559986938,0,none
2015-04-10 05:00:00,233.60603321106413,5.118173372978889,33.48135450983092,1.8482016154462544,0,none
2015-04-10 06:00:00,211.2714335082672,7.072556092334569,29.11471720942667,1.7610540420577352,0,none
2015-04-10 07:00:00,219.49807491133424,6.241129287809965,36.73415929946589,1.756814859856998,0,none
2015-04-10 08:00:00,222.5477118012718,6.2881212272786025,25.650581997025824,2.100117334208086,0,none
2015-04-10 09:00:00,206.07237941660932,6.091036335920477,28.09795620992892,1.6774372523829657,0,none
2015-04-10 10:00:00,233.834383246184,6.834898598593841,29.123936053681994,2.173166761787813,0,none
2015-04-10 11:00:00,227.3810307355589,6.567417754706021,32.160653811403435,1.9066130889467696,0,none
2015-04-10 12:00:00,216.6370921648707,5.743534253168096,27.21444737528273,1.9487941086647589,0,none
2015-04-10 13:00:00,228.9468206358802,6.3107323348308615,26.110466288017847,1.326774351457102,0,none
2015-04-10 14:00:00,226.87656847161605,5.784628220997529,33.877690105066506,1.9491228262349576,0,none
2015-04-10 15:00:00,216.6957085748638,4.900437781261829,37.161480185255975,1.6588805248641412,0,none
2015-04-10 16:00:00,225.60941508082087,6.25679290211883,36.02536187515618,1.804058931676367,0,none
2015-04-10 17:00:00,216.07286017085465,5.2096425821634895,27.049264145843395,1.8607450316848624,0,none
2015-04-10 18:00:00,231.0923950159,6.340177073434454,27.05389171340668,2.1491637772918573,0,none
2015-04-10 19:00:00,208.73606039531265,6.648165121494552,33.87390606271188,1.868523431663972,0,none
2015-04-10 20:00:00,226.7504409423343,6.107423430732474,30.8484531482173,1.8012423305316796,0,none
2015-04-10 21:00:00,234.68185940768464,5.803187920191304,32.02743986172496,1.8986455105789972,0,none
2015-04-10 22:00:00,227.24360705114773,5.076770516931996,32.002864136092185,2.0473593628339097,0,none
2015-04-10 23:00:00,215.83220771366243,5.63970046219684,34.93970564068749,1.8778837384966955,0,none
2015-04-11 00:00:00,212.28452974307564,5.166147306264898,29.802322572282748,1.9794052073599104,0,none
2015-04-11 01:00:00,206.0403101179701,5.406074513726913,38.3830872183036,1.7418166960149084,0,none
2015-04-11 02:00:00,230.1683964578986,4.874346036273428,29.606369436775875,1.868795744869304,0,none
2015-04-11 03:00:00,227.00939730644865,6.275881011790744,35.93046331385155,1.6141420967662152,0,none
2015-04-11 04:00:00,225.5459042478834,6.954779460360327,33.51870446382754,1.7688316183193775,0,none
2015-04-11 05:00:00,232.9057864078072,6.547703773653479,29.827601923668325,1.5401950473710917,0,none
2015-04-11 06:00:00,193.5415464177451,6.49146390634241,29.14007575890817,1.9291746678369368,0,none
2015-04-11 07:00:00,215.65634522993483,6.496409584726371,30.259587866131376,1.6990739750758608,0,none
2015-04-11 08:00:00,194.0557606001985,4.720019010264366,32.03103930583677,1.6168268661397698,0,none
2015-04-11 09:00:00,206.133567375193,6.620523374242358,28.721721320103622,2.011217937746089,0,none
2015-04-11 10:00:00,184.9680153960076,7.449594857492165,29.317149901331003,1.731488680403105,0,none
2015-04-11 11:00:00,190.62415504910615,5.1641423358719685,26.76672098277537,1.70861745685401,0,none
2015-04-11 12:00:00,200.9985290640002,6.491537628497353,29.272907400568684,1.9718055090376072,0,none
2015-04-11 13:00:00,212.95829649900307,6.239124167273905,37.057329808847314,1.760196295649194,0,none
2015-04-11 14:00:00,212.0165217417645,5.859941085454105,32.30459141645289,1.7572621977523917,0,none
2015-04-11 15:00:00,220.25824068779437,6.238711623249997,38.23123156333104,2.157440807896413,0,none
2015-04-11 16:00:00,214.53282376196145,5.595882398926904,29.25665317181632,1.9317854007469268,0,none
2015-04-11 17:00:00,214.67342209306045,4.843173384499576,34.99607290973741,2.3557362878810286,0,none
2015-04-11 18:00:00,198.2323080728791,6.040671024154382,35.56470668250019,2.2492778824357016,0,none
2015-04-11 19:00:00,196.25473072908488,6.219679607093158,35.402402397808466,1.6924886787075657,0,none
2015-04-11 20:00:00,202.430778145153,6.241820260108275,24.301442844017025,2.110768408438464,0,none
2015-04-11 21:00:00,188.7967019647581,4.314108161359416,29.699596482321105,2.0599799253695474,0,none
2015-04-11 22:00:00,208.3337869761301,6.684765980127145,26.726418659276533,1.9376453981615631,0,none
2015-04-11 23:00:00,206.69835407268997,7.336810344593543,31.16986900630598,1.5364871461003935,0,none
2015-04-12 00:00:00,203.44303526586464,6.32172508743984,26.019518768451107,1.8964175381965884,0,none
2015-04-12 01:00:00,211.55218955426264,5.045156570217003,27.880993114766504,1.7007147030955616,0,none
2015-04-12 02:00:00,192.78267560590984,6.64381816499767,31.97465617461469,2.017697172298179,0,none
2015-04-12 03:00:00,187.362377262208,5.315702117463598,28.529788370077767,1.3434083237668466,0,none
2015-04-12 04:00:00,216.02806465595123,6.100984727590869,31.689077185539865,1.6903939212065835,0,none
2015-04-12 05:00:00,198.07502119640904,6.589908232943955,32.256074577161286,1.266561836417185,0,none
2015-04-12 06:00:00,199.2257638713093,6.467008817581689,28.076743380366207,2.1614019021437287,0,none
2015-04-12 07:00:00,204.2306607746098,5.947544515469869,27.32844108521016,1.8206004020302,0,none
2015-04-12 08:00:00,200.4112847729048,5.814221929002956,32.19082399678034,2.1439955485506537,0,none
2015-04-12 09:00:00,223.6889266628541,6.0761500210511175,30.399924940269425,1.874042034970439,0,none
2015-04-12 10:00:00,221.3302128319512,6.400620155768964,35.616165842866955,1.8308885132908677,0,none
2015-04-12 11:00:00,209.9797355267715,5.625033781750305,27.134246719266383,1.9690746582398344,0,none
2015-04-12 12:00:00,206.9565153462631,6.501080097560547,35.02130637996451,1.8165242819877645,0,none
2015-04-12 13:00:00,202.28289497499975,5.7855774205826025,29.04393860909512,2.079562113374057,0,none
2015-04-12 14:00:00,220.95151007091889,6.148868083339046,37.53264168858789,2.266170499625131,0,none
2015-04-12 15:00:00,212.1752694602436,4.606611295865317,30.769016802276404,1.7748713865985923,0,none
2015-04-12 16:00:00,211.86825375981704,6.313061742119144,32.463196898538456,1.9900177888770425,0,none
2015-04-12 17:00:00,192.0319927920773,7.580753800295216,29.11713367840996,2.139439316417537,0,none
2015-04-12 18:00:00,219.5848237640025,6.049094542632682,35.55332273054798,1.6787171548186108,0,none
2015-04-12 19:00:00,202.3946655772544,6.27154068834582,32.50542451157427,1.669973059502191,0,none
2015-04-12 20:00:00,213.36162185516065,6.302635551712627,26.66352690106521,1.7741797323810689,0,none
2015-04-12 21:00:00,209.97516239854133,5.589738914271292,30.18269665928495,1.6674206907213154,0,none
2015-04-12 22:00:00,224.69073757467112,7.441400395013728,32.24612228295945,1.6330980681135951,0,none
2015-04-12 23:00:00,225.06015721982595,5.99181967626123,28.501769238524755,2.4607234543188947,0,none
2015-04-13 00:00:00,224.516039428042,5.88426949910232,34.0440675540481,1.8287125730915623,0,none
2015-04-13 01:00:00,208.38687791747583,5.44493558347807,33.75422785222968,1.502974740736151,0,none
2015-04-13 02:00:00,208.0803704241388,5.663172422285022,36.46164615231592,1.330200234318398,0,none
2015-04-13 03:00:00,210.5163160861886,4.803587484833514,34.85898426892511,1.642492363542196,0,none
2015-04-13 04:00:00,215.07079832569136,5.953158668137963,29.72007077341144,1.6182728278701093,0,none
2015-04-13 05:00:00,209.0544723887347,6.041045436831003,31.053062553637314,1.834868073843504,0,none
2015-04-13 06:00:00,193.99908728226205,5.336947396761698,28.09534785887515,2.1038569916832373,0,none
2015-04-13 07:00:00,199.06894552115207,6.058985425966656,40.65098449041773,2.0444214403519503,0,none
2015-04-13 08:00:00,196.7437016933656,5.325927724608596,47.822072393259205,1.8930664057066,0,none
2015-04-13 09:00:00,201.65012480530964,5.991653165408492,42.70152151973847,1.6365261390218078,0,none
2015-04-13 10:00:00,224.42468106529984,6.446495605858221,38.17227724029759,1.9529893616703848,0,none
2015-04-13 11:00:00,208.3381362518409,5.905060643394091,34.82122028217266,1.6525647553126217,0,none
2015-04-13 12:00:00,217.1736556882947,5.399258959525588,40.52555066423897,1.869194091527416,0,none
2015-04-13 13:00:00,208.36723711523248,6.372904487099941,37.16223617681285,1.859155718141344,0,none
2015-04-13 14:00:00,220.4382735934496,6.235340932131993,39.79512243168684,2.1188297788864845,0,none
2015-04-13 15:00:00,188.3197078268401,6.002742443873899,43.7303676937333,1.9642120513838512,0,none
2015-04-13 16:00:00,203.96640211905287,8.024739520696379,37.19868839887815,1.596771144480434,0,none
2015-04-13 17:00:00,208.4072490712064,5.738582964694318,39.81517618130613,2.171228187821414,0,none
2015-04-13 18:00:00,213.7727944588239,7.054919482868046,43.32549058213672,1.6934630331604266,0,none
2015-04-13 19:00:00,206.72294394096392,5.510206465518143,37.654028445923714,2.1038839692177698,0,none
2015-04-13 20:00:00,206.98821232953776,5.39814036393125,36.294966541566765,1.767915226973929,0,none
2015-04-13 21:00:00,222.51490621444563,6.129452693095153,36.60795664315332,1.5843459516505851,0,none
2015-04-13 22:00:00,216.6453841302274,5.090908294972042,35.38933589805801,1.5641617624341917,0,none
2015-04-13 23:00:00,205.60302213507444,5.936516468751545,35.78054115649435,1.8356027122789516,0,none
2015-04-14 00:00:00,208.65050433310589,5.253850966187176,43.78061623252788,1.4648402408037555,0,none
2015-04-14 01:00:00,217.4166883551125,5.7753029950890085,37.03979084996197,1.8149497598612216,0,none
2015-04-14 02:00:00,190.5968505424455,6.650644220845542,39.325582425510994,1.5659563266285876,0,none
2015-04-14 03:00:00,219.23662553876048,7.792576984375149,42.49717480195024,1.6618916010370377,0,none
2015-04-14 04:00:00,225.29244147441884,5.750900108964381,41.22629596130949,2.043570390281501,0,none
2015-04-14 05:00:00,202.5088773197876,5.83800159723868,38.04197604619021,2.085786597711257,0,none
2015-04-14 06:00:00,210.02711082982137,4.677488131790945,38.60982705842977,1.602763519022485,0,none
2015-04-14 07:00:00,191.54007975056743,6.215080342198989,39.95133626182566,1.9661109221188944,0,none
2015-04-14 08:00:00,208.00674059832951,5.761268315501296,45.49334082731282,1.3550300111903408,0,none
2015-04-14 09:00:00,212.4579496619422,6.022459134052549,38.18245405487792,1.752056242681297,0,none
2015-04-14 10:00:00,200.5993613748651,5.195691886973955,38.806688498250935,1.987256647684617,0,none
2015-04-14 11:00:00,208.2285348885219,5.870992578940171,36.42368162375659,1.7018055966811971,0,none
2015-04-14 12:00:00,198.5832360203718,6.48018958859829,41.7613081050374,1.701172217203261,0,none
2015-04-14 13:00:00,208.3268015895046,6.158967118406685,41.46375637613989,2.00936752745058,0,none
2015-04-14 14:00:00,206.6198993279241,4.72002977358615,39.56979183533703,1.8977537427245723,0,none
2015-04-14 15:00:00,215.1691085116776,5.338170480641583,41.94280009897653,1.189379461201781,0,none
2015-04-14 16:00:00,218.0963891883156,6.740491794068553,38.18542661080575,1.757273234030842,0,none
2015-04-14 17:00:00,228.5998976051725,6.324472762047852,38.36432169715206,1.8770905037738208,0,none
2015-04-14 18:00:00,219.22946702703712,5.645935735455943,38.75472504793947,1.7383160063278926,0,none
2015-04-14 19:00:00,204.6529342641492,5.799866487152814,39.82755804943725,1.7394375358799188,0,none
2015-04-14 20:00:00,207.2355786607548,5.034368357618213,37.02404980520034,1.677486790541006,0,none
2015-04-14 21:00:00,229.53812186072764,6.225291969151617,38.18358526898491,2.0597447454580218,0,none
2015-04-14 22:00:00,195.61119501517888,5.554124044355362,42.73586510239477,1.7759222732412616,0,none
2015-04-14 23:00:00,208.0244371079817,6.433542204456554,34.37270842718658,1.552239917766087,0,none
2015-04-15 00:00:00,237.17136961444783,6.475324537615641,40.35568048629517,2.2601742106311966,0,none
2015-04-15 01:00:00,205.0216909925245,6.408846787509156,41.98261921082751,1.7745051077537453,0,none
2015-04-15 02:00:00,195.578118834749,5.955426205652806,40.35625139260373,1.8061317358103344,0,none
2015-04-15 03:00:00,212.6740529290008,6.844615794397429,44.13948961323855,1.5303850008057394,0,none
2015-04-15 04:00:00,194.7071427747951,5.709051201871741,39.31909593249428,1.9899826372267588,0,none
2015-04-15 05:00:00,192.86641648136336,6.015641145319346,40.29835430307613,1.6990792011963791,0,none
2015-04-15 06:00:00,206.8974545555606,6.652632342126806,37.69470286135609,2.0367694264973366,0,none
2015-04-15 07:00:00,195.6381900461156,6.754362958702018,37.52830834862236,1.83496235111906,0,none
2015-04-15 08:00:00,204.03203826684611,6.0547483417106776,31.669946351898037,1.6783129743747929,0,none
2015-04-15 09:00:00,224.0005887738863,6.329514361517391,28.28684858313781,2.110743597261916,0,none
2015-04-15 10:00:00,232.2279260286977,6.57229188690927,31.835488957871807,1.5949546069197538,0,none
2015-04-15 11:00:00,201.18597344435412,6.068477035770778,26.886666503143545,1.7478080320520124,0,none
2015-04-15 12:00:00,204.3618056757933,6.230246508240063,29.738741278270588,1.6218727362035013,0,none
2015-04-15 13:00:00,212.37945149270564,5.668961761662665,31.288902139201625,1.750857716458875,0,none
2015-04-15 14:00:00,197.2677099595272,6.32109541608439,33.1839788653895,1.3141228982665885,0,none
2015-04-15 15:00:00,209.1737539229712,6.447049606474952,33.17924232640503,1.520153492352838,0,none
2015-04-15 16:00:00,197.23004563671796,6.133255333613272,19.950277320521987,1.8743961803852327,0,none
2015-04-15 17:00:00,199.9089757527307,6.159081204478566,27.46941909141709,1.822014242772206,0,none
2015-04-15 18:00:00,208.0026476888728,5.596318523392846,32.27281532193746,1.9522366825948343,0,none
2015-04-15 19:00:00,208.37165532728463,5.630169332313038,34.860710485632566,1.4601359231225877,0,none
2015-04-15 20:00:00,218.87323587964937,4.831114012649853,28.512852192966044,1.6488001429784398,0,none
2015-04-15 21:00:00,204.6991695943776,7.422602982309368,31.262136706332814,1.6170628339489217,0,none
2015-04-15 22:00:00,215.97212974959808,5.670099934905714,27.5971896000304,1.5498160774961354,0,none
2015-04-15 23:00:00,189.56770319835653,5.46943742857391,31.497022705703756,1.7316431859629198,0,none
2015-04-16 00:00:00,212.4994836661842,5.5305937172717545,27.86586755329921,1.9560447218257395,0,none
2015-04-16 01:00:00,219.21305599454945,5.636065286284756,30.23158052889925,1.5431856095874752,0,none
2015-04-16 02:00:00,208.7260249171567,6.672848518718503,24.12428392211792,1.8958139617921013,0,none
2015-04-16 03:00:00,207.73893755981825,6.043034051854678,32.91569893957538,1.841615716515553,0,none
2015-04-16 04:00:00,204.7358470531849,5.581461902243177,30.9752168678307,1.693876986941707,0,none
2015-04-16 05:00:00,211.09086876286747,6.707917699824991,34.14542193383455,2.0680552886075,0,none
2015-04-16 06:00:00,218.983920497824,5.789977231038881,29.66865408921274,1.956366595060871,0,none
2015-04-16 07:00:00,220.2944710574056,6.30105318188002,33.09859769877079,1.731671003304914,0,none
2015-04-16 08:00:00,212.13170929472756,6.526475924487374,28.092722734858143,1.62135872142423,0,none
2015-04-16 09:00:00,203.5445512218469,5.671746298013655,34.62748114376184,1.8608724249278512,0,none
2015-04-16 10:00:00,229.48440905765605,5.723769351815603,33.43235023016776,1.92910367767582,0,none
2015-04-16 11:00:00,220.7973283916372,5.381049737807354,31.20365165163032,1.9730577904995688,0,none
2015-04-16 12:00:00,198.6649351344946,6.810128268033819,27.490744806342622,1.743320569092171,0,none
2015-04-16 13:00:00,211.78387310425708,5.247308507609669,31.351028562911736,1.6954968681699567,0,none
2015-04-16 14:00:00,190.3682996598996,6.306972797314352,30.15792666578995,1.832215975355827,0,none
2015-04-16 15:00:00,190.52379010131236,6.466756314432433,31.89517976734372,1.3984905679426278,0,none
2015-04-16 16:00:00,199.89680798361275,5.959763310221276,30.54305873351865,1.600499877133245,0,none
2015-04-16 17:00:00,209.78267360121876,6.14075156656285,31.50926901265767,1.975510548993138,0,none
2015-04-16 18:00:00,202.84603598457468,5.726168500953646,25.487912545620617,1.7647962568575308,0,none
2015-04-16 19:00:00,223.6506869993068,5.900164475193104,32.61290648054834,2.42124350686614,0,none
2015-04-16 20:00:00,233.5906224410648,6.223031274656456,31.386830149170507,1.9140963255993504,0,none
2015-04-16 21:00:00,219.95054752907012,5.555397255299663,33.001991082744205,1.7317116925821947,0,none
2015-04-16 22:00:00,224.0264097016112,5.687128643471427,31.09389258538757,2.0525203561738703,0,none
2015-04-16 23:00:00,219.39138288795377,6.055443108884624,29.22211859081416,1.8151884620640637,0,none
2015-04-17 00:00:00,222.0897520979512,5.717428541532154,29.267575642477144,2.000484491452989,0,none
2015-04-17 01:00:00,237.96977558071285,6.148580255907794,29.984274705545506,2.087031707743229,0,none
2015-04-17 02:00:00,201.34324713765105,4.869238686305772,35.05531988457287,1.99195667152002,0,none
2015-04-17 03:00:00,195.49385923383036,5.976461439851934,32.73467662920334,1.948551540064864,0,none
2015-04-17 04:00:00,239.75907317285427,6.223064857429565,27.169455732621905,1.860708372742472,0,none
2015-04-17 05:00:00,202.7262535546078,5.872294519095501,28.3841999816948,1.5017926222384068,0,none
2015-04-17 06:00:00,194.315825968188,4.849221630274252,29.780029861178942,1.4861012699310834,0,none
2015-04-17 07:00:00,197.1873457989253,4.969373962795888,31.591346973625622,1.8093810803730157,0,none
2015-04-17 08:00:00,218.07995001499077,6.057620872487698,31.94960868436416,1.5248397650449987,0,none
2015-04-17 09:00:00,203.12544212024648,5.44587731541249,34.599861163214,1.07549957155988,0,none
2015-04-17 10:00:00,204.75707200126035,5.607519678609121,27.305942001947464,2.1064969946372694,0,none
2015-04-17 11:00:00,205.83137736283507,6.533131789850736,36.66710453120894,1.863005738356739,0,none
2015-04-17 12:00:00,220.00024314799745,6.097876993827288,30.050396910260112,1.8333585029091437,0,none
2015-04-17 13:00:00,208.724659028081,6.953018598958663,27.067428506575485,1.7219239507388282,0,none
2015-04-17 14:00:00,219.60576990502355,6.340209878049521,31.603682340419702,2.1134561218224848,0,none
2015-04-17 15:00:00,210.38755281946692,7.972937273183302,27.15206501746118,1.8851890126314323,0,none
2015-04-17 16:00:00,222.79356253744447,5.458707142386231,30.34598399109394,2.098933000354008,0,none
2015-04-17 17:00:00,218.87629280612416,6.486706616830847,36.256703152043215,1.5105562004934538,0,none
2015-04-17 18:00:00,215.3912561605014,6.1074403587267065,29.61376631642021,1.63123249724427,0,none
2015-04-17 19:00:00,217.7465447231904,6.041473543878727,30.31608804904316,1.920860872361461,0,none
2015-04-17 20:00:00,188.1160008619499,6.193963380955027,32.11119323206678,1.246159941576361,0,none
2015-04-17 21:00:00,208.14887770892605,6.375526309905945,33.03969272763017,2.115608340483349,0,none
2015-04-17 22:00:00,204.93646083498712,5.492561034778005,34.62776649394482,1.423179287816321,0,none
2015-04-17 23:00:00,191.34939507930824,6.490668167814934,35.54443580948384,1.7806172391525945,0,none
2015-04-18 00:00:00,211.48962556516423,5.557786942898446,28.867797121598453,1.8153447982969475,0,none
2015-04-18 01:00:00,216.55016071544875,6.395351466987154,30.408496034518,1.829353524782096,0,none
2015-04-18 02:00:00,216.0259768251376,6.1511758021983,28.96075030220202,1.9279416454589704,0,none
2015-04-18 03:00:00,201.34676812602467,6.105998118566289,31.470372221021297,1.8274379729194925,0,none
2015-04-18 04:00:00,213.5351955489468,5.377557523332967,27.15694285331118,1.9032791919568093,0,none
2015-04-18 05:00:00,213.99388021831712,6.000371746475906,29.96450073339528,1.598497124297876,0,none
2015-04-18 06:00:00,230.6264644750553,4.4111441434316045,31.76880233233168,1.6976644132911225,0,none
2015-04-18 07:00:00,196.41912129813693,4.559460475564343,31.740706906044537,1.826291995533812,0,none
2015-04-18 08:00:00,217.39720758454607,5.470688276763809,33.37884965847909,1.6630069298411074,0,none
2015-04-18 09:00:00,205.4377896395929,4.676159448181322,31.22807090948811,1.7765399948062648,0,none
2015-04-18 10:00:00,212.26736740253924,4.414711601773703,32.53629970991777,1.600220340141863,0,none
2015-04-18 11:00:00,196.25381988693647,4.654865247539293,33.50451931169266,1.516280514401559,0,none
2015-04-18 12:00:00,199.19430943583043,4.496654741985996,30.53873065810306,1.570014774599575,0,none
2015-04-18 13:00:00,191.4639671168283,3.776609069612138,35.516223019051026,1.57729039992014,0,none
2015-04-18 14:00:00,208.3448887192457,5.3798540843083416,26.995441040534796,1.438397074528927,0,none
2015-04-18 15:00:00,211.82121514352363,4.378290584498933,30.04321227549776,1.78736110515373,0,none
2015-04-18 16:00:00,206.4240590376221,4.517416683705132,31.580956124037986,1.965214519338728,0,none
2015-04-18 17:00:00,199.5190195705179,5.491197177151486,31.04229753658363,1.8011065260258543,0,none
2015-04-18 18:00:00,216.47740568129427,5.616211342388278,34.75371329749369,1.740560411124006,0,none
2015-04-18 19:00:00,220.0951703579636,5.561037688339016,33.19955859979328,1.7990163211107526,0,none
2015-04-18 20:00:00,206.19001558085583,5.44378374657803,30.698370455042618,2.145798214797618,0,none
2015-04-18 21:00:00,225.7907899556692,4.95191070438986,29.501159629141128,2.072270127053535,0,none
2015-04-18 22:00:00,194.31312971106007,4.927964700791925,38.45106614509484,1.843640694837924,0,none
2015-04-18 23:00:00,217.6652191670241,4.6469042490339,28.524637123976035,1.7866966635920083,0,none
2015-04-19 00:00:00,218.63590906653403,3.944648724035634,31.94336290651021,1.9745260577914356,0,none
2015-04-19 01:00:00,199.6505460051573,5.380935266310659,32.022479555879364,1.8433340091938344,0,none
2015-04-19 02:00:00,216.10894642265825,4.122774994996059,34.32885423780827,1.6860032223861945,0,none
2015-04-19 03:00:00,217.36629084280952,4.986520702280544,38.57981013652909,1.9602737801908,0,none
2015-04-19 04:00:00,223.03030268997097,4.282550049769547,31.200366042840173,1.562755176185783,0,none
2015-04-19 05:00:00,213.78030843045929,5.225220207143175,29.44868097962184,2.011538668917117,0,none
2015-04-19 06:00:00,199.15807842541332,5.048793585449166,29.40304856252466,1.7062687464765116,1,insulation_failure
2015-04-19 07:00:00,203.1288727072161,3.999653427785115,31.210446104749064,2.0294053023713725,1,insulation_failure
2015-04-19 08:00:00,203.66919919483163,5.815366772110093,27.34283065060066,2.3189117557136005,1,insulation_failure
2015-04-19 09:00:00,221.09740128720728,6.415275120308571,36.3744370343953,1.9923690667081964,1,insulation_failure
2015-04-19 10:00:00,202.472997517637,4.8148464964168936,34.10330250295988,1.9761073537524905,1,insulation_failure
2015-04-19 11:00:00,195.91566128162657,5.200640512628592,35.58392589533137,1.6150043019247138,1,insulation_failure
2015-04-19 12:00:00,215.25568600878916,5.902227173879185,33.04950469153251,1.3716220301358024,1,insulation_failure
2015-04-19 13:00:00,219.40478079138063,5.260071388413829,38.5716461980969,1.8987239346492373,1,insulation_failure
2015-04-19 14:00:00,233.95053581670464,4.148758655038186,24.458472663169847,1.5727748198844274,1,insulation_failure
2015-04-19 15:00:00,218.79889725743092,4.301964745962702,28.0997502053765,1.8707203513148487,1,insulation_failure
2015-04-19 16:00:00,209.29707962862057,2.970755610574723,31.501766979206835,1.8273132552244828,1,insulation_failure
2015-04-19 17:00:00,211.27344703342987,4.892541242898038,29.926635275908744,1.5999181771614597,1,insulation_failure
2015-04-19 18:00:00,198.76667028490817,5.859915605958354,32.672690824206164,1.5786634556846382,1,insulation_failure
2015-04-19 19:00:00,235.0121161234008,5.811376602763154,31.03407598278298,1.8500655954605327,1,insulation_failure
2015-04-19 20:00:00,200.3616514361867,4.763514137693798,30.2292756458497,1.8782862931695516,1,insulation_failure
2015-04-19 21:00:00,210.86242118134007,5.599745196682331,30.528191782065,1.85960592248991,1,insulation_failure
2015-04-19 22:00:00,218.32783058322505,4.400422853083612,33.24670252940324,1.8178995444805133,1,insulation_failure
2015-04-19 23:00:00,191.3802158253687,5.47723788433585,37.89607799967202,1.909740956915636,1,insulation_failure
2015-04-20 00:00:00,220.5558410524916,4.591377721743669,28.054437008907943,2.0743959661606097,1,insulation_failure
2015-04-20 01:00:00,212.9507218639992,4.134910695643492,33.91514806329984,1.775104812956406,1,insulation_failure
2015-04-20 02:00:00,207.65549712122865,4.809044226197271,35.325024404876046,1.729476618907431,1,insulation_failure
2015-04-20 03:00:00,214.7908506421868,4.759936463797974,29.525414937211597,1.8909478275574625,1,insulation_failure
2015-04-20 04:00:00,203.93402743311265,5.02855405556952,32.88307328907262,1.53188717980602,1,insulation_failure
2015-04-20 05:00:00,183.181485553722,5.367207903050534,32.63280543885743,2.087997194827011,1,insulation_failure
2015-04-20 06:00:00,217.17493452837635,4.6150589974774885,33.179746595242484,1.787488931111689,1,insulation_failure
2015-04-20 07:00:00,204.11655218511896,7.060852512436465,24.849157670483365,1.7621800082458068,0,none
2015-04-20 08:00:00,227.1721783723323,5.258609401971958,30.28415755039962,2.080450914823091,0,none
2015-04-20 09:00:00,199.4462312113604,6.288457412863019,36.67456669406327,1.5662220663098378,0,none
2015-04-20 10:00:00,217.3385640275652,5.75040496346689,33.35861538742852,2.1406978645549075,0,none
2015-04-20 11:00:00,215.930366065426,5.224772943030453,27.84207611093938,1.9939002793145677,0,none
2015-04-20 12:00:00,208.8540870452432,6.032554389153238,29.17518170095478,1.893590630110992,0,none
2015-04-20 13:00:00,196.1022031852399,5.796898969088183,29.70146022590314,2.329567593473645,0,none
2015-04-20 14:00:00,211.57867260161635,4.592232655691412,32.31697305177233,1.6435163144811114,0,none
2015-04-20 15:00:00,193.9505482897068,5.829457861547208,34.59251722554312,1.9321052355231392,0,none
2015-04-20 16:00:00,200.5399501986005,5.943944965988665,33.04012063742843,1.5451744066239046,0,none
2015-04-20 17:00:00,200.97632105968864,5.019425448456556,31.606397322664066,2.097324006179861,0,none
2015-04-20 18:00:00,223.89563449996936,5.974597140511394,31.22234621028218,2.012209130698036,0,none
2015-04-20 19:00:00,190.70121636126075,5.460855724060517,32.583906619595965,1.5432423264869344,0,none
2015-04-20 20:00:00,199.4355094855384,6.532430566866767,25.758998385358048,1.840173876325896,0,none
2015-04-20 21:00:00,193.62223697727677,6.041074974608157,33.122180180319035,2.043565253637253,0,none
2015-04-20 22:00:00,214.01069760856535,4.132384356001586,34.29811844027961,1.9882515884524972,0,none
2015-04-20 23:00:00,215.2432917146424,6.179964073199438,36.89751862288462,2.2323486084568795,0,none
2015-04-21 00:00:00,229.7138007728328,6.038982247297806,29.131449758898256,1.9137068531022596,0,none
2015-04-21 01:00:00,200.7939568088157,5.693983314843683,31.59292568059959,1.6911467160839853,0,none
2015-04-21 02:00:00,228.65644000546263,4.981397349223457,29.713752325324965,1.8058285774886524,0,none
2015-04-21 03:00:00,215.25660118777037,6.121923516914642,25.18577134015321,2.0777472047458305,0,none
2015-04-21 04:00:00,211.9396564968008,5.183499195171838,28.15008374463392,1.68691969038941,0,none
2015-04-21 05:00:00,218.56247019613767,5.948612379210566,34.574154029737734,1.8539907668654312,0,none
2015-04-21 06:00:00,197.97304595428173,6.350414891593607,34.07992764213354,1.8489813992333808,0,none
2015-04-21 07:00:00,206.9233193959465,5.944164757009249,29.27523694582603,1.9384062042318089,0,none
2015-04-21 08:00:00,201.70752245313244,5.842528785610969,29.369632572516803,1.476298166886966,0,none
2015-04-21 09:00:00,234.43571887732725,6.620078254568352,28.422950400219825,1.7849217622180622,0,none
2015-04-21 10:00:00,200.10677523436985,5.763221057788639,30.9020366698189,2.0886402093048377,0,none
2015-04-21 11:00:00,210.39047788413188,6.358584603568831,30.72002712546604,1.6269861122599063,0,none
2015-04-21 12:00:00,215.19741660571225,6.726410049291284,28.311536036060225,2.083218987485803,0,none
2015-04-21 13:00:00,183.41008123061687,7.285594884255651,28.56092197775213,1.7299578349859277,0,none
2015-04-21 14:00:00,216.7944804208216,5.083562270064887,32.633703444767704,1.9435889357372589,0,none
2015-04-21 15:00:00,187.22762393013824,5.036054577041503,31.907518625792196,1.9369079083106864,0,none
2015-04-21 16:00:00,214.14784555477897,6.387198987418645,27.223430292600924,1.7371348789544672,0,none
2015-04-21 17:00:00,188.8168693058459,5.9223418309584135,32.392511633657875,1.9287666544853423,0,none
2015-04-21 18:00:00,201.6841792169131,6.221127679555565,31.876122218086014,1.7852537959341923,0,none
2015-04-21 19:00:00,210.4610176711496,5.451994328457018,30.83350758749671,1.8391791304405356,0,none
2015-04-21 20:00:00,201.32712525792715,6.009922701150505,32.83410115127356,1.424877005326501,0,none
2015-04-21 21:00:00,195.2396983591109,6.486546115788568,33.38293819525696,1.7642435761986537,0,none
2015-04-21 22:00:00,231.2276713323274,6.123793311355926,39.28398496568829,1.7628580314170623,0,none
2015-04-21 23:00:00,211.89671265563936,5.669618765983032,29.138363032155944,1.6779705446056157,0,none
2015-04-22 00:00:00,232.5132254403765,6.382535006954174,29.20228646852075,1.678468268085475,0,none
2015-04-22 01:00:00,201.592022059518,6.111300484348794,29.325573480404767,1.4472654415340451,0,none
2015-04-22 02:00:00,203.6981370737922,4.64417114265177,27.593854805907345,1.6691383408738245,0,none
2015-04-22 03:00:00,231.99546634819905,6.7888649840948565,30.20759840496536,1.5593918784322482,0,none
2015-04-22 04:00:00,210.02186945765388,5.587533418513179,33.6018222530667,2.083048651522424,0,none
2015-04-22 05:00:00,209.02102153109203,5.699964143007621,32.50282575373923,2.087393670669625,0,none
2015-04-22 06:00:00,223.3376682235621,6.448145133106042,33.532601962345794,1.866131368195227,0,none
2015-04-22 07:00:00,201.9827883790854,5.834716839463102,26.16467256416973,1.8844433690661333,0,none
2015-04-22 08:00:00,194.0045924608178,6.855821896025704,31.15862065249424,1.805154246718776,0,none
2015-04-22 09:00:00,213.5880852161985,5.447466066873285,35.122563703876544,1.696142755785207,0,none
2015-04-22 10:00:00,204.1445222676689,6.190039792251286,32.7336784467307,1.899677400077404,0,none
2015-04-22 11:00:00,207.72878837264747,6.716955730304472,33.84923672478658,1.3036349767703717,0,none
2015-04-22 12:00:00,215.43687219257384,6.6460384412834586,25.71344125938542,1.9484779851410967,0,none
2015-04-22 13:00:00,191.03344748069784,5.156076836330726,28.183584040427423,2.016631676127627,0,none
2015-04-22 14:00:00,191.19416531769824,5.6150842834544985,33.12030925817184,1.989764170059644,0,none
2015-04-22 15:00:00,222.99151878274785,5.902574806915682,32.21973914202664,2.006005647688028,0,none
2015-04-22 16:00:00,209.57763717200356,5.773880647216177,30.440756001343686,1.3730634432088211,0,none
2015-04-22 17:00:00,221.23983688911548,5.135393046821656,33.51460145704864,1.6956717243485335,0,none
2015-04-22 18:00:00,207.61321349403772,7.506184289596916,37.76513501494471,1.537926864920799,0,none
2015-04-22 19:00:00,215.71442292321345,5.232990451302394,28.148349789721088,1.561735494629374,0,none
2015-04-22 20:00:00,214.64836029823115,6.283702149565384,33.08695778401281,1.5020399873079826,0,none
2015-04-22 21:00:00,200.0783754558471,5.853634284836657,36.85834079274114,1.857235058172085,0,none
2015-04-22 22:00:00,223.6220328496356,5.996757044600665,28.866808868884284,1.822838798741824,0,none
2015-04-22 23:00:00,219.3852503770066,4.988310336380578,29.67479404670753,1.868610861301452,0,none
2015-04-23 00:00:00,211.38949063524052,5.95728959974361,23.956399063658424,1.8423726047715785,0,none
2015-04-23 01:00:00,209.1796108852081,6.41621308614409,27.741544444110424,1.695677229157357,0,none
2015-04-23 02:00:00,236.3164455465217,4.900091688562133,30.97180049674821,1.8079611842106904,0,none
2015-04-23 03:00:00,190.24061095298867,6.117264982757425,34.66788266915697,1.761953621390947,0,none
2015-04-23 04:00:00,197.84390236213244,5.766605931892586,29.22646781867805,1.549627501898864,0,none
2015-04-23 05:00:00,229.1033991762791,5.282581429999487,27.26863897758725,1.3477388746138466,0,none
2015-04-23 06:00:00,207.4042893472933,6.396450160281543,24.930229783402133,1.9340005247691292,0,none
2015-04-23 07:00:00,189.29704483722463,6.289359409473792,32.31139970105493,1.637204603488182,0,none
2015-04-23 08:00:00,204.98770481139823,5.680819049971264,32.13276390810999,1.654521088124672,0,none
2015-04-23 09:00:00,216.7322885654825,6.204769736498999,31.145997665427448,1.7953371044682278,0,none
2015-04-23 10:00:00,222.91378580953736,6.777901021662158,32.291564740620686,1.984879871752442,0,none
2015-04-23 11:00:00,215.19877136859407,6.443594630323669,31.7154624031404,1.9774968784532043,0,none
2015-04-23 12:00:00,202.41351390322276,5.9424199027681786,33.25219663555713,1.6396262606621188,0,none
2015-04-23 13:00:00,191.5202551624925,4.8892017526155165,33.82596823566753,1.7035284356943117,0,none
2015-04-23 14:00:00,228.23576418304805,6.929788535159055,35.55498682220016,1.7719473729405772,0,none
2015-04-23 15:00:00,209.0756850609436,6.161292317625999,31.117210600466457,1.6635153736353692,0,none
2015-04-23 16:00:00,202.4858551298246,4.633022956776561,28.60418162163551,1.9196216114713935,0,none
2015-04-23 17:00:00,203.2573324004884,5.110590471143268,26.70446604298512,2.158691497641896,0,none
2015-04-23 18:00:00,220.02087547860043,5.450429839127561,28.85782559480341,1.5585292512591682,0,none
2015-04-23 19:00:00,192.8827641582924,5.246324935330492,25.636687073836672,1.9596157474979616,0,none
2015-04-23 20:00:00,205.4203488231372,6.243900712287949,33.27764084383834,1.9352266001528236,0,none
2015-04-23 21:00:00,223.9669316692664,5.5848654970427205,36.97442219647374,1.8031237496544068,0,none
2015-04-23 22:00:00,215.89190998310468,5.840554201034136,26.779934786249814,1.880709224087155,0,none
2015-04-23 23:00:00,214.7181340398972,5.8033657574491615,29.103340941025508,1.8997476796078248,0,none
2015-04-24 00:00:00,211.73171861129345,5.998602786435942,29.92822074384279,1.8039186525928064,0,none
2015-04-24 01:00:00,201.0834773178252,5.96847750617915,21.46174103231563,1.910257903000638,0,none
2015-04-24 02:00:00,208.09995113462244,5.686747045682684,26.23167170382646,1.5948212419871182,0,none
2015-04-24 03:00:00,199.602904963832,6.147867867799053,27.37254385644296,1.9238222782550496,0,none
2015-04-24 04:00:00,218.82317300043744,6.439608557180591,26.43915155779824,1.854744853520588,0,none
2015-04-24 05:00:00,214.06824343479505,5.127314815620597,30.482740548225244,1.6546960359078218,0,none
2015-04-24 06:00:00,203.9413219981038,6.513097929374439,32.30157441704068,2.353126130008629,0,none
2015-04-24 07:00:00,222.7980640408825,6.2365214715837975,30.72735990136054,1.8768990504029155,0,none
2015-04-24 08:00:00,226.7043474105444,6.167294589726868,35.044199848259126,2.149828586513873,0,none
2015-04-24 09:00:00,221.24995834375468,5.070499293464735,27.67927263010659,1.5663967106313912,0,none
2015-04-24 10:00:00,220.76293142581784,5.965829657495579,27.344856386200657,1.76688329450089,0,none
2015-04-24 11:00:00,203.65772856545075,5.325861738772319,25.799346484735423,1.681008071836623,0,none
2015-04-24 12:00:00,221.83382391990443,5.224732744334625,33.46681655663612,2.2760167114888405,0,none
2015-04-24 13:00:00,195.41317885980143,6.244833731758929,30.69746542868829,2.033578262700975,0,none
2015-04-24 14:00:00,221.2573076618493,4.629805080184667,31.372378466416567,2.1372285053574416,0,none
2015-04-24 15:00:00,225.89309551475077,5.946692285365479,29.58957968275605,2.0218447340819385,0,none
2015-04-24 16:00:00,213.87081427398576,5.397783801307435,35.48689990296344,1.4470132317929003,0,none
2015-04-24 17:00:00,208.32340579786103,6.415471783994517,27.23761883917903,1.6043793467783587,0,none
2015-04-24 18:00:00,203.1667293148307,5.810135123314422,31.21888223579324,2.018941003868131,0,none
2015-04-24 19:00:00,194.08783640157,4.564515207889222,31.41738534228765,1.8874608872879517,0,none
2015-04-24 20:00:00,206.79359910196283,5.05184189719677,36.74067056316176,1.9999873418864835,0,none
2015-04-24 21:00:00,207.54371768672576,5.766284077008832,30.569067027007016,1.5449059377879752,0,none
2015-04-24 22:00:00,223.2483050574628,5.683587080839526,36.14543557771962,2.120498813924044,0,none
2015-04-24 23:00:00,196.79302702865664,6.747678992538541,27.05348592959508,1.83617434424408,0,none
2015-04-25 00:00:00,208.09741918093505,6.7273767722543365,27.024226061518952,1.9949707176015083,0,none
2015-04-25 01:00:00,204.48553102133263,5.525833691192755,36.89269787407011,2.023880038482212,0,none
2015-04-25 02:00:00,205.47335810625032,6.483960452311615,29.22068056454188,1.8796895454883615,0,none
2015-04-25 03:00:00,217.0613893186473,6.60299661979862,35.50773299310421,1.794919775544557,0,none
2015-04-25 04:00:00,209.84174703250085,6.433345532642411,27.58431613023206,1.7784379846874143,0,none
2015-04-25 05:00:00,210.55645663781507,6.621933331838482,33.91168964463829,2.1917085589081906,0,none
2015-04-25 06:00:00,214.73702333583265,6.091066586279332,29.97297005839605,1.5668750484130387,0,none
2015-04-25 07:00:00,191.19706657573587,5.59632887208134,33.35039443434644,1.9056683611473648,0,none
2015-04-25 08:00:00,208.14392859309297,5.137952204217474,32.991268796031044,2.0820736325110665,0,none
2015-04-25 09:00:00,210.7610474609307,5.391523880180433,33.91578332346504,1.7482221178651909,0,none
2015-04-25 10:00:00,206.06475749013072,6.057659360166257,27.46230823276293,1.7968793514676744,0,none
2015-04-25 11:00:00,218.74250864496483,5.936755121376645,29.74209501489017,1.3992887427887606,0,none
2015-04-25 12:00:00,192.6796238752553,5.215637679226388,35.157466426480894,1.989581794085217,0,none
2015-04-25 13:00:00,176.810063284857,5.1550116744292005,26.44448515144143,1.6064875562176044,0,none
2015-04-25 14:00:00,195.3901029746144,6.640066017740909,31.66871756727041,1.5873247976407707,0,none
2015-04-25 15:00:00,214.8487269606413,4.489770273996364,26.093887923119617,1.7299580493998477,0,none
2015-04-25 16:00:00,229.81349280267543,5.638435821791293,36.49556263549228,1.6247359996331332,0,none
2015-04-25 17:00:00,227.54271085757776,6.552596788870341,34.11950127046808,1.580675394459961,0,none
2015-04-25 18:00:00,192.93976686166155,6.062362164457521,34.33418020760374,1.790834589828752,0,none
2015-04-25 19:00:00,199.64273974214177,6.485865034850358,31.57473630113192,1.8264643926346171,0,none
2015-04-25 20:00:00,221.9430808433064,6.758034016143536,33.55786395884752,1.578608918604348,0,none
2015-04-25 21:00:00,209.33170870179103,5.856915096170385,30.02576158568842,2.3387236497939625,0,none
2015-04-25 22:00:00,214.6650079079489,5.789913878718287,32.652293440424614,1.5621056562440403,0,none
2015-04-25 23:00:00,217.8546956190912,6.100536819222962,30.155483710973066,2.0119099194194865,0,none
2015-04-26 00:00:00,221.8454935668433,6.441108126628223,27.3192704312136,1.89559156893424,0,none
2015-04-26 01:00:00,228.4222277531234,5.50748692065013,31.694254048994956,1.411338994906987,0,none
2015-04-26 02:00:00,210.9327455903009,7.5887491781821215,28.140543788138288,1.4298635061812242,0,none
2015-04-26 03:00:00,209.73270353950517,6.587406292099251,33.878350742784185,1.7203686140352987,0,none
2015-04-26 04:00:00,186.17867652777977,6.726269988041747,36.31505804672976,1.5292332825142,0,none
2015-04-26 05:00:00,218.4564363185586,5.336683095881744,30.942257024919115,1.775895954295477,0,none
2015-04-26 06:00:00,207.8214923601748,6.797165840624126,26.46247496638199,1.9130256390025404,0,none
2015-04-26 07:00:00,193.13800513245928,7.222164631567875,32.9408293738971,1.912981395749049,0,none
2015-04-26 08:00:00,210.8011270380881,6.1858180523272335,33.75889775034721,1.5660357329779693,0,none
2015-04-26 09:00:00,214.5856741997341,6.673220900387217,30.547893646788832,1.5827443785279287,0,none
2015-04-26 10:00:00,194.0484897291518,5.657675035583225,31.81154496861697,1.58764958200346,0,none
2015-04-26 11:00:00,203.21099961589664,5.786505417631034,32.66994171541222,1.6854521858113554,0,none
2015-04-26 12:00:00,211.0434993088481,5.787052801574308,30.111430923266177,1.9148476189754904,0,none
2015-04-26 13:00:00,195.70508840688024,5.255395401045563,27.471851635489088,2.095154251756365,0,none
2015-04-26 14:00:00,209.7224863589937,5.699322854135385,29.06179169838405,1.587713160030214,0,none
2015-04-26 15:00:00,210.19483695755207,6.110024296869018,31.244153909226128,1.992496848613968,0,none
2015-04-26 16:00:00,227.6715640183986,5.6508249171543845,26.20481320180381,1.8977726890934317,0,none
2015-04-26 17:00:00,224.64178634663065,5.020096357407325,27.72803775578141,1.8767551877803568,0,none
2015-04-26 18:00:00,200.7405429425798,6.73947221830432,34.61366162880931,1.512832904457103,0,none
2015-04-26 19:00:00,229.48479921676469,6.0322825275982455,30.56651345566516,1.822175101109254,0,none
2015-04-26 20:00:00,217.376726217416,6.791986342134409,32.86155584508246,1.9324212166086123,0,none
2015-04-26 21:00:00,188.9421925262669,5.883088258298328,33.33822771747072,1.6352663101499834,0,none
2015-04-26 22:00:00,197.6495665085608,6.315955696881066,36.73609621293023,1.8413543438852624,0,none
2015-04-26 23:00:00,199.88267184741304,5.530051947516699,29.533789584867936,1.6555555565287166,0,none
2015-04-27 00:00:00,207.55959749112185,5.156660828234874,29.551340624445,2.0640071917486966,0,none
2015-04-27 01:00:00,203.0315074225258,6.5985573406167966,28.87052466589047,1.9369474636153752,0,none
2015-04-27 02:00:00,195.2724652754556,6.850381919140253,36.893585401168735,1.9120551286162517,0,none
2015-04-27 03:00:00,194.87610040443903,5.681810261467648,31.598511431892238,1.84308041850932,0,none
2015-04-27 04:00:00,224.7530147726118,6.367666607014614,34.3722823973209,1.960958257336317,0,none
2015-04-27 05:00:00,211.40350847002563,6.2167637927906645,33.35837389880227,2.1036912239754875,0,none
2015-04-27 06:00:00,211.0420477821106,5.220284384710242,26.907436854103267,1.7599626610264585,0,none
2015-04-27 07:00:00,208.8325325033522,7.159702629970975,28.78460015979428,1.7742144775774882,0,none
2015-04-27 08:00:00,218.2134258088896,5.656730162954992,28.041234195415637,1.6757436450037917,0,none
2015-04-27 09:00:00,215.62825384461604,5.512607072074034,31.274345640765617,1.5769991371179632,0,none
2015-04-27 10:00:00,213.48461136212853,6.493264808003959,25.65244463020816,2.092723564794145,0,none
2015-04-27 11:00:00,237.78669201537164,6.030290119505361,21.909526710659957,1.8370388833943672,0,none
2015-04-27 12:00:00,203.8815739233806,5.719314413383136,32.205973352685504,1.697387474230463,0,none
2015-04-27 13:00:00,219.15718811138032,5.845448420870566,31.66174722635545,1.845516388760175,0,none
2015-04-27 14:00:00,224.39709539832972,4.287537970202904,31.27496851743721,1.902128904816024,0,none
2015-04-27 15:00:00,212.46988727278173,4.553283755436437,37.41446757411924,1.575324789456855,0,none
2015-04-27 16:00:00,194.30478678184627,6.093895457272568,31.92542163460641,1.7997849187698076,0,none
2015-04-27 17:00:00,204.5433474844645,4.733592513294753,30.18755445926814,1.724522891946459,0,none
2015-04-27 18:00:00,215.58373484059297,4.800683719488173,33.48518366905837,1.7288715855015169,0,none
2015-04-27 19:00:00,203.1387316326699,6.081219460849847,26.334607503404804,1.92995735276326,0,none
2015-04-27 20:00:00,211.7689669422064,6.179314935861324,32.830615744411645,1.6682218386154173,0,none
2015-04-27 21:00:00,203.29440873944768,6.297917529907001,30.351748347432963,1.706017574284866,0,none
2015-04-27 22:00:00,215.7558475609798,6.256006755758184,25.379937786445755,1.6437653471210698,0,none
2015-04-27 23:00:00,225.11881683234944,5.742628379506648,35.375548011896015,1.877267886559691,0,none
2015-04-28 00:00:00,201.1985351571653,6.294271091391693,22.286757984653956,1.9425102656897064,0,none
2015-04-28 01:00:00,195.85206492387405,5.241316393198435,31.85606769780749,1.5869503537790837,0,none
2015-04-28 02:00:00,201.7596294764321,6.677511728325666,31.371561559728,1.96795958697478,0,none
2015-04-28 03:00:00,208.1024556730363,6.033477669247171,32.04522386434563,1.8381593813445176,0,none
2015-04-28 04:00:00,201.0135037702842,6.236055707194755,33.8056896300416,1.9168183183140088,0,none
2015-04-28 05:00:00,194.47938029323245,5.689696067401852,32.7520894802825,2.0178107816131283,0,none
2015-04-28 06:00:00,229.66810785220997,6.015086619714768,28.09147593670565,1.4295115031633636,0,none
2015-04-28 07:00:00,203.14011203467015,6.06073688884991,32.692376273334446,2.0159001301123967,0,none
2015-04-28 08:00:00,220.40777165710435,5.072345934895559,34.46246008506673,1.6065651577835325,0,none
2015-04-28 09:00:00,198.36954691461537,4.986532208531068,31.072230142041683,1.7920987086304798,0,none
2015-04-28 10:00:00,204.56044287100937,6.315852917830357,35.096421805886806,2.026841954809261,0,none
2015-04-28 11:00:00,214.19427556708496,5.9421821215379484,29.630742990915454,1.95481161095374,0,none
2015-04-28 12:00:00,207.39877542266612,4.433116535952344,31.53032381189075,1.538975309932313,0,none
2015-04-28 13:00:00,218.68230428250968,5.5152767096017214,38.53803607368678,1.6681705699016975,0,none
2015-04-28 14:00:00,215.2447062747121,5.912449818050972,28.25536325476469,1.9095862487914848,0,none
2015-04-28 15:00:00,210.7879307659917,5.393238835569608,27.26598319379859,1.4928524410483774,0,none
2015-04-28 16:00:00,206.412373858174,5.434162589952664,28.266943957053048,1.8486200430244144,0,none
2015-04-28 17:00:00,193.8892361506461,5.4594556065985405,33.34558385036884,1.6699861074801248,0,none
2015-04-28 18:00:00,200.11137600073613,5.024943992910782,29.976287936694074,1.6989689466169398,0,none
2015-04-28 19:00:00,195.77843784969525,6.805052486942532,35.05856825928889,2.006274107429153,0,none
2015-04-28 20:00:00,207.4426968374632,6.082411164579125,31.99837790316393,1.9368335254256697,0,none
2015-04-28 21:00:00,209.500328697112,5.448861360381119,33.75596107817603,1.9648880482940536,0,none
2015-04-28 22:00:00,216.88695098989345,4.671807015308053,27.03537241339584,1.9900754473908504,0,none
2015-04-28 23:00:00,202.62889089268552,5.450676367434907,31.53581542630064,1.4115202610852793,0,none
2015-04-29 00:00:00,199.48145320414324,6.10001199880292,31.27677413450977,1.8967865914931443,0,none
2015-04-29 01:00:00,209.741909968,6.260751665680275,27.330374444327703,1.6466544050731302,0,none
2015-04-29 02:00:00,206.091810864495,6.292446415215834,27.12583526192468,1.6188116678876414,0,none
2015-04-29 03:00:00,208.80042417038655,5.695164119588336,26.06483768636815,2.1884755024974543,0,none
2015-04-29 04:00:00,238.83563893441203,5.815325739665093,32.16939122991376,1.5882828563233111,0,none
2015-04-29 05:00:00,221.7904481971296,5.833736765194777,29.933784225432465,2.3106680391702343,0,none
2015-04-29 06:00:00,201.44716465500883,6.054003789523489,35.88414606041343,1.7742718277874658,0,none
2015-04-29 07:00:00,219.3468680655784,6.007400940015516,24.695288359110947,1.7446358403031257,0,none
2015-04-29 08:00:00,201.05993520524143,6.159170554705534,35.00720995398875,1.9808843744516456,0,none
2015-04-29 09:00:00,189.55309731119124,4.593857334099001,29.760685988087,1.5602698404708075,0,none
2015-04-29 10:00:00,224.28859887731983,7.664491778116646,27.4739483580372,1.5279904045645183,0,none
2015-04-29 11:00:00,211.07519578403347,5.708600982660183,36.44478029192297,1.625199110894383,0,none
2015-04-29 12:00:00,210.05391268860413,5.937941327968487,31.17392284240085,1.495303265537057,0,none
2015-04-29 13:00:00,201.16230515889345,5.923351368582376,28.595125797595315,1.8819198905221244,0,none
2015-04-29 14:00:00,223.8182650516812,6.149158903354754,32.50144770529999,1.648354911096263,0,none
2015-04-29 15:00:00,211.63312648951023,5.811284471321848,20.920098165196848,1.652827583253834,0,none
2015-04-29 16:00:00,224.45577192212255,5.618081045337865,29.55692041020701,1.5336817083522627,0,none
2015-04-29 17:00:00,213.45864869170072,5.799350732220852,32.71863871940438,1.3094159181073852,0,none
2015-04-29 18:00:00,215.9505429574044,6.324557235281614,29.742961858544028,1.917267610274677,0,none
2015-04-29 19:00:00,199.3466397923338,5.586369881737349,32.99928084877479,1.9687475921289803,0,none
2015-04-29 20:00:00,212.2167288147496,5.996187762493003,35.5763701899141,1.7629839582771374,0,none
2015-04-29 21:00:00,197.0847126172184,5.925068184035571,34.51472320143837,1.859761080745884,0,none
2015-04-29 22:00:00,181.29338145922708,5.508558252654041,29.989255776358803,1.8476364529206355,0,none
2015-04-29 23:00:00,220.3266182668292,5.917546398408411,35.56039310519065,1.6252934503501688,0,none
2015-04-30 00:00:00,226.0284213400555,6.2490384074386185,28.77675151681252,1.5515883949858535,0,none
2015-04-30 01:00:00,214.2532622461928,6.10447757954537,29.254198820170533,2.294725539169989,0,none
2015-04-30 02:00:00,212.50877040055693,6.268587128764172,32.857644801475104,2.154017312633786,0,none
2015-04-30 03:00:00,213.85557809602824,5.706757131077074,27.734183201862542,1.7818291488963185,0,none
2015-04-30 04:00:00,188.19204253957827,5.8535717227685256,35.392197720977194,1.8337197321824743,0,none
2015-04-30 05:00:00,198.02727837852967,6.759341385868291,36.6915876810298,2.3450476287570123,0,none
2015-04-30 06:00:00,201.7690782936604,7.335229103340139,28.35262557370178,1.6866732944008738,0,none
2015-04-30 07:00:00,207.27659359587528,5.831499023195383,25.611016059982923,2.323900066100097,0,none
2015-04-30 08:00:00,213.6287504016664,6.467547595735074,34.81389453794539,2.0885463177905548,0,none
2015-04-30 09:00:00,223.72939757734545,4.920038287276302,34.18712469157914,1.9547767825054607,0,none
2015-04-30 10:00:00,227.6434569274448,5.950880297577267,36.48621277273696,1.6446975429576187,0,none
2015-04-30 11:00:00,209.82734744688312,6.938717500013055,29.8103080301344,1.12571216050596,0,none
2015-04-30 12:00:00,216.92312158255484,5.407460606523351,33.809872199502166,1.9640870839944344,0,none
2015-04-30 13:00:00,206.25043828279783,6.194409900813259,32.49853177993122,1.856519511238119,0,none
2015-04-30 14:00:00,211.2373501686037,5.357087096680517,30.92096588775793,2.078798429228618,0,none
2015-04-30 15:00:00,219.79404817638385,5.549900917002039,27.45205137463174,1.832930184542184,0,none
2015-04-30 16:00:00,214.8819717968217,7.260431238453059,30.752865850582342,1.8168616115615976,0,none
2015-04-30 17:00:00,203.705553234244,6.4199742790313,27.58291049126837,2.1689678170219757,0,none
2015-04-30 18:00:00,217.00643636004835,5.943003707954572,38.05469460700746,1.5989909115923535,0,none
2015-04-30 19:00:00,219.25990313784996,6.267504522580106,29.985013933029077,1.8964458473089345,0,none
2015-04-30 20:00:00,202.01286516715248,5.962026512694607,33.11514893258126,2.059013664829793,0,none
2015-04-30 21:00:00,215.3555515880485,5.734494444264128,32.56545835090953,1.7234154454151605,0,none
2015-04-30 22:00:00,220.5012774235817,4.24081839978555,36.500762157125095,1.6821492806780118,0,none
2015-04-30 23:00:00,218.7958059095569,6.388354246690677,33.51620997533312,1.6133213317848991,0,none
2015-05-01 00:00:00,207.35027513742472,6.330130666556056,32.55868318764482,1.3778498224866131,0,none
2015-05-01 01:00:00,218.9922141000812,4.314010905308211,30.609831632876976,1.4854888896115814,0,none
2015-05-01 02:00:00,224.95732391910465,6.249672909424921,31.57871248562371,1.654237496671894,0,none
2015-05-01 03:00:00,197.8360412440771,6.116719941024952,29.194495664259804,1.7636336116876277,0,none
2015-05-01 04:00:00,184.1254501900532,6.213143161567719,28.75843404583389,1.8066604269790567,0,none
2015-05-01 05:00:00,219.98886182727333,5.492019353318794,37.97584832180215,1.8307233699625665,0,none
2015-05-01 06:00:00,200.2872461189025,5.911850300234261,23.620716450324764,1.712654561828443,0,none
2015-05-01 07:00:00,200.90710020224876,6.504331462511424,28.90774793663315,1.855665511630256,0,none
2015-05-01 08:00:00,218.427870754315,5.319597028109371,30.5862042721427,2.2882329942312323,0,none
2015-05-01 09:00:00,192.9890739207445,6.382302082200702,32.68132548506175,1.7473257074624136,0,none
2015-05-01 10:00:00,212.85027468103297,6.1992701694178125,34.014627050489565,1.8210848124290453,0,none
2015-05-01 11:00:00,236.7858730565619,5.001033316238397,30.25258771702412,1.9951388652675557,0,none
2015-05-01 12:00:00,197.13062285886147,6.154603193727866,31.962432149785645,1.727393817061733,0,none
2015-05-01 13:00:00,204.41808830700185,5.601152450456656,29.98874142027862,1.4903946101163377,0,none
2015-05-01 14:00:00,214.91753709201748,6.3018094074106585,32.14451998854091,2.0558895345248183,0,none
2015-05-01 15:00:00,211.35926532678212,5.722975308047992,35.70619477912648,2.06910119902896,0,none
2015-05-01 16:00:00,196.4243286317005,5.69048159763175,29.03338362261196,1.8103714580048984,0,none
2015-05-01 17:00:00,211.8599244725345,7.004108194956867,29.598766344962865,2.0059011704362315,0,none
2015-05-01 18:00:00,205.34949767826984,5.272930962742059,26.284645299558385,1.900068974921122,0,none
2015-05-01 19:00:00,197.8331448079398,5.483622174924628,37.4692805139405,1.8312898473425,0,none
2015-05-01 20:00:00,221.50190116023805,7.233570939356471,29.44967615070378,1.8036241407532687,0,none
2015-05-01 21:00:00,229.20370062929143,5.965690182911222,30.79424005841376,2.0099104212867136,0,none
2015-05-01 22:00:00,191.7425351598859,4.761664592486218,32.453423449892256,1.9180604330558104,0,none
2015-05-01 23:00:00,222.7094578131077,6.909611457040447,26.05966690873094,1.347733861361614,0,none
2015-05-02 00:00:00,212.11915927949687,6.1712503754905015,34.094167925128914,1.7969914428911171,0,none
2015-05-02 01:00:00,215.7028802948421,6.099608210533383,33.67674215844059,1.8790140186299236,0,none
2015-05-02 02:00:00,204.92904334591125,5.553954927067064,32.318039537039084,1.8897127593338163,0,none
2015-05-02 03:00:00,215.3644079188,5.383275091447041,24.0049394409969,1.6899105632756255,0,none
2015-05-02 04:00:00,212.9729571827885,6.98226737228693,32.764746972827965,1.7753072536510803,0,none
2015-05-02 05:00:00,230.743627379818,7.736756126053844,28.697962562280537,2.067324703727868,0,none
2015-05-02 06:00:00,227.891437714384,5.704800675410937,34.8787048564262,1.7112123850408791,0,none
2015-05-02 07:00:00,205.24096366310573,6.453278355680832,32.63228224525689,1.9525673731987307,0,none
2015-05-02 08:00:00,196.4820714508356,6.434450539118757,36.46869523801555,1.898305918379276,0,none
2015-05-02 09:00:00,215.1539082241802,5.506788075220424,24.88188914878927,2.0202508580632936,0,none
2015-05-02 10:00:00,193.44502192315548,5.895546138707149,31.45699875392065,2.104300917618281,0,none
2015-05-02 11:00:00,215.8536589808405,6.4138853995396685,32.28464054796042,2.264017926659674,0,none
2015-05-02 12:00:00,203.8195500065624,6.485620575108024,25.32289164320328,1.9569460747160168,0,none
2015-05-02 13:00:00,223.5911366459921,5.638155461370095,32.10783573129319,1.76547052417895,0,none
2015-05-02 14:00:00,220.82438524580687,6.64587506569374,27.91444137658156,1.9274885107372088,0,none
2015-05-02 15:00:00,227.77302712437304,5.067617286817108,33.23201556457874,1.7466472312020564,0,none
2015-05-02 16:00:00,203.30262607726536,6.048569171768556,31.08579318568573,1.7518981489987706,0,none
2015-05-02 17:00:00,232.8016866863879,6.339550843916024,31.415971322818116,1.5249477329761685,0,none
2015-05-02 18:00:00,200.87832109190853,6.297465164131936,36.29940591912329,1.6853515700946702,0,none
2015-05-02 19:00:00,195.11550896072396,5.761463763615245,29.61288364923884,1.9458234892193549,0,none
2015-05-02 20:00:00,210.7716066536348,5.821223219111509,34.856812105322646,1.950935789080998,0,none
2015-05-02 21:00:00,214.876480202432,5.988884708433199,34.21207809248965,1.7439298673250168,0,none
2015-05-02 22:00:00,224.03809939844427,5.261496725153851,32.32261819481309,1.606169502850399,0,none
2015-05-02 23:00:00,215.25895959277997,6.253420872021249,31.79718493743237,2.3758784715204277,0,none
2015-05-03 00:00:00,200.3869360622446,7.029913405468278,32.592709738368086,1.562541477021012,0,none
2015-05-03 01:00:00,219.85248841989937,5.911873281474089,35.99575023777517,1.5532313780469948,0,none
2015-05-03 02:00:00,199.11386943760616,5.579209003963751,29.289519603582143,1.9329740209480877,0,none
2015-05-03 03:00:00,222.78691458605795,6.210237534294818,25.533730102897387,1.867079557270132,0,none
2015-05-03 04:00:00,213.8365447040628,5.344382592485203,35.21754764635332,1.700306253100443,0,none
2015-05-03 05:00:00,212.91222288366745,4.953597932161383,37.53166293592496,1.818654771694383,0,none
2015-05-03 06:00:00,199.34246910164305,6.123270963446372,26.52297150154964,1.922134252751959,0,none
2015-05-03 07:00:00,201.86797898387715,6.062184539474216,32.30011983048171,1.8871308658425732,0,none
2015-05-03 08:00:00,221.9960267417365,7.365003079280094,26.900965745161383,1.6322879180850862,0,none
2015-05-03 09:00:00,214.341594534499,5.17862250974795,33.04913027172938,1.8574453241193696,0,none
2015-05-03 10:00:00,203.5693705932227,6.187192566245793,27.594791447561292,1.6627207614963462,0,none
2015-05-03 11:00:00,212.18630647218404,5.178396240527538,29.638180890073347,1.4951789687542512,0,none
2015-05-03 12:00:00,226.63003017128324,6.7485820241932215,28.32595936952164,2.1150289002426663,0,none
2015-05-03 13:00:00,204.6599461982543,5.778197114361954,31.926026434055945,1.6851535022687547,0,none
2015-05-03 14:00:00,189.6611347055896,6.132125971659634,35.91072197853458,1.8383525112981327,0,none
2015-05-03 15:00:00,216.5880765733556,5.441601548845224,31.46880863848213,1.567659055595009,0,none
2015-05-03 16:00:00,210.014820133865,6.183236316189068,27.18093088996281,2.123458320759256,0,none
2015-05-03 17:00:00,201.01516390632776,5.929151369605014,32.37098970957916,2.4617655246090786,0,none
2015-05-03 18:00:00,201.4379006210949,5.425165582755623,31.99500486403906,1.8866467176712427,0,none
2015-05-03 19:00:00,210.5829570074889,5.274644454309492,39.33220965936623,2.122104127588287,0,none
2015-05-03 20:00:00,208.84212680690536,6.243892978957929,33.28688197964097,1.5949826298118128,0,none
2015-05-03 21:00:00,210.39463852506864,6.330536629719855,36.631157035783936,1.7595432300976093,0,none
2015-05-03 22:00:00,206.8376599717768,6.490224455612895,27.670925633462065,2.149652606223008,0,none
2015-05-03 23:00:00,216.14657811062483,6.405493915424361,26.842902456911048,1.7032346911427791,0,none
2015-05-04 00:00:00,198.53427034987587,5.08836399527665,33.26387543686138,2.0679196697731155,0,none
2015-05-04 01:00:00,200.0235154622151,5.193654742904931,27.40331972657101,1.6263855851936584,0,none
2015-05-04 02:00:00,230.58720297479772,6.783563642233015,27.970269112646964,1.7642507594809618,0,none
2015-05-04 03:00:00,222.1016971663333,6.1247227284183445,38.35474345878233,2.082578648586348,0,none
2015-05-04 04:00:00,203.8746732065165,5.408286017622496,37.15146022938736,1.2350970645481212,0,none
2015-05-04 05:00:00,195.5150575802041,5.714932842333372,34.33128882365461,2.3038619351489933,0,none
2015-05-04 06:00:00,175.78782391217555,5.937516553692554,33.67909614914044,1.8949502358013528,0,none
2015-05-04 07:00:00,220.2259599824187,6.447105790795807,32.761466229169955,1.512802367832147,0,none
2015-05-04 08:00:00,211.49851175535645,5.934246394705875,28.27344569963369,1.4412187165001016,0,none
2015-05-04 09:00:00,213.7625291609394,5.509853877950839,32.17490274772019,1.4934814110190782,0,none
2015-05-04 10:00:00,211.41165272101736,4.7765950245768325,31.986401258747406,1.690704507640291,0,none
2015-05-04 11:00:00,208.488770393438,6.21809134246169,36.48277676755836,1.85221001657908,0,none
2015-05-04 12:00:00,222.00993206621376,5.65711758611238,27.856727172621486,1.848777533352974,0,none
2015-05-04 13:00:00,214.52929215661996,4.221853601019513,26.683963637272257,2.05380350446012,0,none
2015-05-04 14:00:00,218.0762504034649,5.54596730180506,26.564224943473175,2.094805911010664,0,none
2015-05-04 15:00:00,209.42396844073355,5.03681854677713,34.40898447695159,1.524133152711287,0,none
2015-05-04 16:00:00,218.2726968387158,6.329740458711438,32.4243269117746,1.5806615063478884,0,none
2015-05-04 17:00:00,213.36972031402576,5.18123351998727,28.053575608384136,2.0840504587980244,0,none
2015-05-04 18:00:00,211.7776091371493,5.859316098374135,36.01523486977948,2.139183436764763,0,none
2015-05-04 19:00:00,213.58038799560012,6.202929452578255,33.39337653946437,1.6277634889180757,0,none
2015-05-04 20:00:00,218.78091388379667,5.798538236884159,26.633238841633982,1.6413447421640168,0,none
2015-05-04 21:00:00,196.13152472363308,5.934659682399271,35.82472398803847,2.025933520187581,0,none
2015-05-04 22:00:00,187.21889907320173,5.687249663614356,24.55962292764911,2.2164408318301456,0,none
2015-05-04 23:00:00,216.25502028348657,5.664906098498992,32.82709614457821,1.892598788619149,0,none
2015-05-05 00:00:00,205.6374507619657,5.5907623986712895,32.48675236525911,1.894915235015649,0,none
2015-05-05 01:00:00,188.7121050720557,6.389825326639275,30.53023809904314,1.488149330943966,0,none
2015-05-05 02:00:00,215.8470447559893,5.611382296258039,32.83031454307544,1.8108154956056075,0,none
2015-05-05 03:00:00,201.872623116956,6.999093973641616,33.214264167339735,1.74174821001494,0,none
2015-05-05 04:00:00,218.27997003900845,5.291489236158304,31.05301571680898,1.6743493729655137,0,none
2015-05-05 05:00:00,213.7151231050642,5.860177505076942,33.33641451406973,1.7286768117643792,0,none
2015-05-05 06:00:00,218.5589863996344,6.176730509539572,37.14317941495473,1.5302608502228243,0,none
2015-05-05 07:00:00,187.9336569359073,5.973339425894945,29.022159045978118,1.6193119877832405,0,none
2015-05-05 08:00:00,195.60228153097364,6.071442891692848,34.60412241234339,1.9681036470700093,0,none
2015-05-05 09:00:00,220.83512516821912,7.053733055278292,32.81742287225353,2.340103494222592,0,none
2015-05-05 10:00:00,206.9110266142184,5.038244336384068,35.04737134565471,1.934984991340884,0,none
2015-05-05 11:00:00,232.21952701737573,5.09046916482102,30.75467706343349,2.075899605916727,0,none
2015-05-05 12:00:00,207.31864036241757,5.763523425205013,34.914532165165234,1.8632376003473043,0,none
2015-05-05 13:00:00,185.32515135759053,5.055695455299322,30.697323119682604,1.952839534737024,0,none
2015-05-05 14:00:00,217.57014174203275,7.398563996064397,36.12665062910166,1.988951630105433,0,none
2015-05-05 15:00:00,200.19472098026603,5.896509315218371,30.871515232164704,2.254092084879217,0,none
2015-05-05 16:00:00,229.3051774421602,4.776551613580331,30.32387336830984,1.3272101950395438,0,none
2015-05-05 17:00:00,230.8126700440039,5.857084114765243,30.28235228029242,2.178213563562322,0,none
2015-05-05 18:00:00,225.626653372837,6.115744641724977,32.00932944441036,1.7436385954335916,0,none
2015-05-05 19:00:00,212.67303131204585,5.525298452063468,31.160465981996868,2.0143985027038025,0,none
2015-05-05 20:00:00,201.37490427437763,5.660129882061321,29.14734209935817,2.064543830460869,0,none
2015-05-05 21:00:00,209.6767351070408,5.944818007577193,28.64746672653457,2.053685166243242,0,none
2015-05-05 22:00:00,202.8859279939784,6.716718580860775,33.31854874873511,1.7112403283288309,0,none
2015-05-05 23:00:00,201.1685711965635,4.343667235433006,32.57204126526858,2.031902305341967,0,none
2015-05-06 00:00:00,194.2440522857095,6.78125088488243,30.67868187180745,1.9951018792963324,0,none
2015-05-06 01:00:00,211.60670096793928,6.342075955201073,27.22162929917496,1.7904739009027837,0,none
2015-05-06 02:00:00,220.4495882028942,6.016512505718684,28.782595843423564,2.0617815435038467,0,none
2015-05-06 03:00:00,212.48042439209357,6.063207434192637,28.66465486822808,1.7879443961800938,0,none
2015-05-06 04:00:00,201.35214144525423,5.8627412383100665,30.27422452087978,1.974551178461619,0,none
2015-05-06 05:00:00,213.77589743969756,5.552859854997829,28.21708934769716,1.920297892871844,0,none
